﻿<?xml version="1.0" encoding="utf-8"?>
<ComponentDescriptor>
  <Name>VMware.VimAutomation.Common.Commands</Name>
  <Assembly>VMware.VimAutomation.Common.Commands</Assembly>
  <ImplementingType>VMware.VimAutomation.Common.Commands.Component</ImplementingType>
  <IsSnapin>true</IsSnapin>
  <ProvidedServiceList>
  </ProvidedServiceList>
  <RequiredServiceList>
    <ServiceDescriptor>
      <Name>CommonOAuthService</Name>
      <Version>1.0</Version>
    </ServiceDescriptor>
  </RequiredServiceList>
  <ExtendedServiceList>
  </ExtendedServiceList>
  <Version>
    <Major>13</Major>
    <Minor>4</Minor>
    <Revision>0</Revision>
    <Build>24798382</Build>
    <Company>Broadcom, Inc.</Company>
    <Copyright>Copyright (c) Broadcom. All Rights Reserved.</Copyright>
    <UserFriendlyVersion>VMware Common PowerCLI Component 13.4 build 24798382</UserFriendlyVersion>
    <Description>Provides cmdlets for common functionality.</Description>
  </Version>
</ComponentDescriptor>