{"metadata":[{"value":{"cli":{"commands":[{"formatter":"SIMPLE","output_field_list":[{"output_fields":[{"display_name":"JobId","field_name":"job_id"},{"display_name":"Success","field_name":"success"},{"display_name":"ResourceBusy","field_name":"resource_busy"},{"display_name":"Reason","field_name":"reason"}],"structure_id":"com.vmware.hcx.appliance.model.HCX_job"}],"identity":{"path":"com.vmware.hcx.appliance.appliance","name":"forcesyncappliance"},"service_id":"com.vmware.hcx.appliance.appliance","options":[{"short_option":"","long_option":"appliance-id","description":"","type":"string","generic":"OPTIONAL","field_name":"force_syncappliance_payload.applianceId"},{"short_option":"","long_option":"org-url","description":"","type":"string","generic":"OPTIONAL","field_name":"force_syncappliance_payload.orgUrl"}],"description":"","operation_id":"force_sync_appliance"},{"formatter":"SIMPLE","output_field_list":[{"output_fields":[{"display_name":"Fleet","field_name":"fleet"}],"structure_id":"com.vmware.hcx.appliance.model.calculate_placement_payload"},{"output_fields":[{"display_name":"Network","field_name":"network"},{"display_name":"Gateway","field_name":"gateway"},{"display_name":"Mtu","field_name":"mtu"}],"structure_id":"com.vmware.hcx.appliance.model.static_routes"},{"output_fields":[{"display_name":"MgmtNetwork","field_name":"mgmt_network"},{"display_name":"UplinkNetwork","field_name":"uplink_network"},{"display_name":"VmotionNetwork","field_name":"vmotion_network"}],"structure_id":"com.vmware.hcx.appliance.model.appliance_network"},{"output_fields":[{"display_name":"ApplianceId","field_name":"appliance_id"},{"display_name":"ApplianceType","field_name":"appliance_type"},{"display_name":"ApplianceName","field_name":"appliance_name"},{"display_name":"CloudUrl","field_name":"cloud_url"},{"display_name":"TrunkDVS","field_name":"trunk_DVS"},{"display_name":"DvsName","field_name":"dvs_name"},{"display_name":"UplinkMtu","field_name":"uplink_mtu"},{"display_name":"AdminPassword","field_name":"admin_password"},{"display_name":"RootPassword","field_name":"root_password"},{"display_name":"Compute","field_name":"compute"},{"display_name":"ComputeName","field_name":"compute_name"},{"display_name":"ComputeType","field_name":"compute_type"},{"display_name":"Datastore","field_name":"datastore"},{"display_name":"DatastoreName","field_name":"datastore_name"},{"display_name":"TunnelMaxBandwidth","field_name":"tunnel_max_bandwidth"},{"display_name":"Networks","field_name":"networks"},{"display_name":"StaticRoutes","field_name":"static_routes"}],"structure_id":"com.vmware.hcx.appliance.model.appliance_appliances"},{"output_fields":[{"display_name":"Appliances","field_name":"appliances"},{"display_name":"DestinationCloud","field_name":"destination_cloud"}],"structure_id":"com.vmware.hcx.appliance.model.appliance"},{"output_fields":[{"display_name":"Network","field_name":"network"},{"display_name":"Name","field_name":"name"}],"structure_id":"com.vmware.hcx.appliance.model.appliance_list_fleet_networks_uplink_network"},{"output_fields":[{"display_name":"Network","field_name":"network"},{"display_name":"Name","field_name":"name"},{"display_name":"Ip","field_name":"ip"},{"display_name":"Gateway","field_name":"gateway"},{"display_name":"Dns","field_name":"dns"}],"structure_id":"com.vmware.hcx.appliance.model.appliance_network_mgmt_network"},{"output_fields":[{"display_name":"Network","field_name":"network"},{"display_name":"Name","field_name":"name"},{"display_name":"Ip","field_name":"ip"}],"structure_id":"com.vmware.hcx.appliance.model.appliance_network_vmotion_network"},{"output_fields":[{"display_name":"Site","field_name":"site"},{"display_name":"Url","field_name":"url"},{"display_name":"EndpointId","field_name":"endpoint_id"},{"display_name":"EndpointType","field_name":"endpoint_type"},{"display_name":"EndpointName","field_name":"endpoint_name"},{"display_name":"EndpointUrl","field_name":"endpoint_url"},{"display_name":"IsLocal","field_name":"is_local"},{"display_name":"Resource","field_name":"resource"},{"display_name":"ResourceId","field_name":"resource_id"},{"display_name":"ResourceType","field_name":"resource_type"},{"display_name":"ResourceName","field_name":"resource_name"},{"display_name":"Vcuuid","field_name":"vcuuid"}],"structure_id":"com.vmware.hcx.appliance.model.hcx_cloud"}],"identity":{"path":"com.vmware.hcx.appliance.appliance","name":"calculateplacement"},"service_id":"com.vmware.hcx.appliance.appliance","options":[{"short_option":"","long_option":"fleet-appliances","description":"","type":"complex","generic":"OPTIONAL","field_name":"calculate_placement_payload.fleet.appliances"},{"short_option":"","long_option":"fleet-destination-cloud-site","description":"","type":"string","generic":"OPTIONAL","field_name":"calculate_placement_payload.fleet.destinationCloud.site"},{"short_option":"","long_option":"fleet-destination-cloud-url","description":"","type":"string","generic":"OPTIONAL","field_name":"calculate_placement_payload.fleet.destinationCloud.url"},{"short_option":"","long_option":"fleet-destination-cloud-endpoint-id","description":"","type":"string","generic":"OPTIONAL","field_name":"calculate_placement_payload.fleet.destinationCloud.endpointId"},{"short_option":"","long_option":"fleet-destination-cloud-endpoint-type","description":"","type":"string","generic":"OPTIONAL","field_name":"calculate_placement_payload.fleet.destinationCloud.endpointType"},{"short_option":"","long_option":"fleet-destination-cloud-endpoint-name","description":"","type":"string","generic":"OPTIONAL","field_name":"calculate_placement_payload.fleet.destinationCloud.endpointName"},{"short_option":"","long_option":"fleet-destination-cloud-endpoint-url","description":"","type":"string","generic":"OPTIONAL","field_name":"calculate_placement_payload.fleet.destinationCloud.endpointUrl"},{"short_option":"","long_option":"fleet-destination-cloud-is-local","description":"","type":"boolean","generic":"OPTIONAL","field_name":"calculate_placement_payload.fleet.destinationCloud.isLocal"},{"short_option":"","long_option":"fleet-destination-cloud-resource","description":"","type":"string","generic":"OPTIONAL","field_name":"calculate_placement_payload.fleet.destinationCloud.resource"},{"short_option":"","long_option":"fleet-destination-cloud-resource-id","description":"","type":"string","generic":"OPTIONAL","field_name":"calculate_placement_payload.fleet.destinationCloud.resourceId"},{"short_option":"","long_option":"fleet-destination-cloud-resource-type","description":"","type":"string","generic":"OPTIONAL","field_name":"calculate_placement_payload.fleet.destinationCloud.resourceType"},{"short_option":"","long_option":"fleet-destination-cloud-resource-name","description":"","type":"string","generic":"OPTIONAL","field_name":"calculate_placement_payload.fleet.destinationCloud.resourceName"},{"short_option":"","long_option":"fleet-destination-cloud-vcuuid","description":"","type":"string","generic":"OPTIONAL","field_name":"calculate_placement_payload.fleet.destinationCloud.vcuuid"}],"description":"","operation_id":"calculate_placement"},{"formatter":"SIMPLE","output_field_list":[{"output_fields":[{"display_name":"JobId","field_name":"job_id"},{"display_name":"Success","field_name":"success"},{"display_name":"ResourceBusy","field_name":"resource_busy"},{"display_name":"Reason","field_name":"reason"}],"structure_id":"com.vmware.hcx.appliance.model.HCX_job"}],"identity":{"path":"com.vmware.hcx.appliance.appliance","name":"hcxsettings"},"service_id":"com.vmware.hcx.appliance.appliance","options":[{"short_option":"","long_option":"appliance-id","description":"","type":"string","generic":"OPTIONAL","field_name":"settings_payload.applianceId"},{"short_option":"","long_option":"cli-settings-admin-password","description":"","type":"string","generic":"OPTIONAL","field_name":"settings_payload.cliSettings.adminPassword"},{"short_option":"","long_option":"cli-settings-root-password","description":"","type":"string","generic":"OPTIONAL","field_name":"settings_payload.cliSettings.rootPassword"}],"description":"","operation_id":"hcx_settings"},{"formatter":"SIMPLE","output_field_list":[{"output_fields":[{"display_name":"Message","field_name":"message"}],"structure_id":"com.vmware.hcx.appliance.model.HCX_task_warnings"},{"output_fields":[{"display_name":"Warnings","field_name":"warnings"},{"display_name":"Data","field_name":"data"}],"structure_id":"com.vmware.hcx.appliance.model.HCX_task"},{"output_fields":[{"display_name":"InterconnectTaskId","field_name":"interconnect_task_id"}],"structure_id":"com.vmware.hcx.appliance.model.HCX_task_data"}],"identity":{"path":"com.vmware.hcx.appliance.appliance","name":"upgradeappliance"},"service_id":"com.vmware.hcx.appliance.appliance","options":[{"short_option":"","long_option":"endpoints","description":"","type":"complex","generic":"OPTIONAL","field_name":"upgrade_payload.endpoints"}],"description":"","operation_id":"upgrade_appliance"},{"formatter":"SIMPLE","output_field_list":[{"output_fields":[{"display_name":"JobId","field_name":"job_id"},{"display_name":"Success","field_name":"success"},{"display_name":"ResourceBusy","field_name":"resource_busy"},{"display_name":"Reason","field_name":"reason"}],"structure_id":"com.vmware.hcx.appliance.model.HCX_job"}],"identity":{"path":"com.vmware.hcx.appliance.appliance","name":"deployappliance"},"service_id":"com.vmware.hcx.appliance.appliance","options":[{"short_option":"","long_option":"appliances","description":"","type":"complex","generic":"OPTIONAL","field_name":"payload.appliances"},{"short_option":"","long_option":"destination-cloud-site","description":"","type":"string","generic":"OPTIONAL","field_name":"payload.destinationCloud.site"},{"short_option":"","long_option":"destination-cloud-url","description":"","type":"string","generic":"OPTIONAL","field_name":"payload.destinationCloud.url"},{"short_option":"","long_option":"destination-cloud-endpoint-id","description":"","type":"string","generic":"OPTIONAL","field_name":"payload.destinationCloud.endpointId"},{"short_option":"","long_option":"destination-cloud-endpoint-type","description":"","type":"string","generic":"OPTIONAL","field_name":"payload.destinationCloud.endpointType"},{"short_option":"","long_option":"destination-cloud-endpoint-name","description":"","type":"string","generic":"OPTIONAL","field_name":"payload.destinationCloud.endpointName"},{"short_option":"","long_option":"destination-cloud-endpoint-url","description":"","type":"string","generic":"OPTIONAL","field_name":"payload.destinationCloud.endpointUrl"},{"short_option":"","long_option":"destination-cloud-is-local","description":"","type":"boolean","generic":"OPTIONAL","field_name":"payload.destinationCloud.isLocal"},{"short_option":"","long_option":"destination-cloud-resource","description":"","type":"string","generic":"OPTIONAL","field_name":"payload.destinationCloud.resource"},{"short_option":"","long_option":"destination-cloud-resource-id","description":"","type":"string","generic":"OPTIONAL","field_name":"payload.destinationCloud.resourceId"},{"short_option":"","long_option":"destination-cloud-resource-type","description":"","type":"string","generic":"OPTIONAL","field_name":"payload.destinationCloud.resourceType"},{"short_option":"","long_option":"destination-cloud-resource-name","description":"","type":"string","generic":"OPTIONAL","field_name":"payload.destinationCloud.resourceName"},{"short_option":"","long_option":"destination-cloud-vcuuid","description":"","type":"string","generic":"OPTIONAL","field_name":"payload.destinationCloud.vcuuid"}],"description":"","operation_id":"deploy_appliance"},{"formatter":"SIMPLE","output_field_list":[{"output_fields":[{"display_name":"JobId","field_name":"job_id"},{"display_name":"Success","field_name":"success"},{"display_name":"ResourceBusy","field_name":"resource_busy"},{"display_name":"Reason","field_name":"reason"}],"structure_id":"com.vmware.hcx.appliance.model.HCX_job"}],"identity":{"path":"com.vmware.hcx.appliance.appliance","name":"redeployappliance"},"service_id":"com.vmware.hcx.appliance.appliance","options":[{"short_option":"","long_option":"appliance-id","description":"","type":"string","generic":"OPTIONAL","field_name":"redeploy_appliance_payload.applianceId"},{"short_option":"","long_option":"org-url","description":"","type":"string","generic":"OPTIONAL","field_name":"redeploy_appliance_payload.orgUrl"},{"short_option":"","long_option":"force","description":"","type":"boolean","generic":"OPTIONAL","field_name":"redeploy_appliance_payload.force"}],"description":"","operation_id":"redeploy_appliance"},{"formatter":"SIMPLE","output_field_list":[{"output_fields":[{"display_name":"Id","field_name":"id"},{"display_name":"ApplianceId","field_name":"appliance_id"},{"display_name":"ApplianceType","field_name":"appliance_type"},{"display_name":"State","field_name":"state"},{"display_name":"LastUpdated","field_name":"last_updated"},{"display_name":"CreationDate","field_name":"creation_date"},{"display_name":"PeerConfig","field_name":"peer_config"},{"display_name":"ApplianceVersion","field_name":"appliance_version"},{"display_name":"ApplianceName","field_name":"appliance_name"},{"display_name":"ApplianceMoId","field_name":"appliance_mo_id"},{"display_name":"CloudUrl","field_name":"cloud_url"},{"display_name":"Compute","field_name":"compute"},{"display_name":"ComputeName","field_name":"compute_name"},{"display_name":"ComputeType","field_name":"compute_type"},{"display_name":"Datastore","field_name":"datastore"},{"display_name":"DatastoreName","field_name":"datastore_name"},{"display_name":"DvsId","field_name":"dvs_id"},{"display_name":"DvsName","field_name":"dvs_name"},{"display_name":"Networks","field_name":"networks"},{"display_name":"ResourceId","field_name":"resource_id"},{"display_name":"ResourceName","field_name":"resource_name"},{"display_name":"EndpointId","field_name":"endpoint_id"},{"display_name":"SiteId","field_name":"site_id"}],"structure_id":"com.vmware.hcx.appliance.model.appliance_list_fleet_appliances"},{"output_fields":[{"display_name":"State","field_name":"state"},{"display_name":"Message","field_name":"message"}],"structure_id":"com.vmware.hcx.appliance.model.appliance_list_fleet_state"},{"output_fields":[{"display_name":"Name","field_name":"name"},{"display_name":"Ip","field_name":"ip"}],"structure_id":"com.vmware.hcx.appliance.model.appliance_list_fleet_peer_config_ip_address"},{"output_fields":[{"display_name":"ApplianceId","field_name":"appliance_id"},{"display_name":"LocationId","field_name":"location_id"},{"display_name":"ApplianceType","field_name":"appliance_type"},{"display_name":"ResourceId","field_name":"resource_id"},{"display_name":"CloudType","field_name":"cloud_type"},{"display_name":"IpAddress","field_name":"ip_address"},{"display_name":"Cert","field_name":"cert"},{"display_name":"Hostname","field_name":"hostname"}],"structure_id":"com.vmware.hcx.appliance.model.appliance_list_fleet_peer_config"},{"output_fields":[{"display_name":"Network","field_name":"network"},{"display_name":"Name","field_name":"name"},{"display_name":"Ip","field_name":"ip"},{"display_name":"Gateway","field_name":"gateway"},{"display_name":"Dns","field_name":"dns"},{"display_name":"Connected","field_name":"connected"}],"structure_id":"com.vmware.hcx.appliance.model.appliance_list_fleet_networks_mgmt_network"},{"output_fields":[{"display_name":"Fleet","field_name":"fleet"}],"structure_id":"com.vmware.hcx.appliance.model.appliance_list"},{"output_fields":[{"display_name":"Network","field_name":"network"},{"display_name":"Name","field_name":"name"},{"display_name":"Ip","field_name":"ip"},{"display_name":"Connected","field_name":"connected"}],"structure_id":"com.vmware.hcx.appliance.model.appliance_list_fleet_networks_vmotion_network"},{"output_fields":[{"display_name":"Major","field_name":"major"},{"display_name":"Minor","field_name":"minor"},{"display_name":"Patch","field_name":"patch"},{"display_name":"Build","field_name":"build"}],"structure_id":"com.vmware.hcx.appliance.model.appliance_list_fleet_appliance_version"},{"output_fields":[{"display_name":"Appliances","field_name":"appliances"}],"structure_id":"com.vmware.hcx.appliance.model.appliance_list_fleet"},{"output_fields":[{"display_name":"UplinkNetwork","field_name":"uplink_network"},{"display_name":"MgmtNetwork","field_name":"mgmt_network"},{"display_name":"VmotionNetwork","field_name":"vmotion_network"}],"structure_id":"com.vmware.hcx.appliance.model.appliance_list_fleet_networks"},{"output_fields":[{"display_name":"Network","field_name":"network"},{"display_name":"Name","field_name":"name"}],"structure_id":"com.vmware.hcx.appliance.model.appliance_list_fleet_networks_uplink_network"}],"identity":{"path":"com.vmware.hcx.appliance.appliance","name":"getappliancelist"},"service_id":"com.vmware.hcx.appliance.appliance","options":[{"short_option":"","long_option":"appliance-type","description":"","type":"string","generic":"OPTIONAL_LIST","field_name":"payload.applianceType"}],"description":"","operation_id":"get_appliance_list"},{"formatter":"SIMPLE","output_field_list":[{"output_fields":[{"display_name":"JobId","field_name":"job_id"},{"display_name":"Success","field_name":"success"},{"display_name":"ResourceBusy","field_name":"resource_busy"},{"display_name":"Reason","field_name":"reason"}],"structure_id":"com.vmware.hcx.appliance.model.HCX_job"}],"identity":{"path":"com.vmware.hcx.appliance.appliance","name":"removeappliance"},"service_id":"com.vmware.hcx.appliance.appliance","options":[{"short_option":"","long_option":"appliance-id","description":"","type":"string","generic":"OPTIONAL","field_name":"remove_appliance_payload.applianceId"},{"short_option":"","long_option":"org-url","description":"","type":"string","generic":"OPTIONAL","field_name":"remove_appliance_payload.orgUrl"},{"short_option":"","long_option":"force","description":"","type":"boolean","generic":"OPTIONAL","field_name":"remove_appliance_payload.force"}],"description":"","operation_id":"remove_appliance"}],"namespaces":[{"children":[{"path":"com.vmware","name":"hcx"}],"identity":{"path":"com","name":"vmware"},"description":"vmware namespace"},{"children":[{"path":"com","name":"vmware"}],"identity":{"path":"","name":"com"},"description":"com namespace"},{"children":[],"identity":{"path":"com.vmware.hcx.appliance","name":"appliance"},"description":"appliance namespace"},{"children":[{"path":"com.vmware.hcx","name":"appliance"}],"identity":{"path":"com.vmware","name":"hcx"},"description":"hcx namespace"},{"children":[{"path":"","name":"com"}],"identity":{"path":"","name":""},"description":"Root namespace"},{"children":[{"path":"com.vmware.hcx.appliance","name":"appliance"}],"identity":{"path":"com.vmware.hcx","name":"appliance"},"description":"appliance namespace"}]},"routing":{"packages":[]},"metamodel":{"metadata":[],"documentation":"","name":"com.vmware.hcx.appliance","packages":[{"value":{"metadata":[{"value":{"elements":[{"value":{"string_value":"true","type":"STRING"},"key":"autoGenerated"},{"value":{"string_value":"com.vmware.hcx.appliance","type":"STRING"},"key":"value"}]},"key":"Component"}],"documentation":"","name":"com.vmware.hcx.appliance","structures":[],"enumerations":[],"services":[{"value":{"metadata":[],"operations":[{"value":{"output":{"metadata":[],"documentation":"com.vmware.hcx.appliance.model.HCXJob","type":{"user_defined_type":{"resource_type":"com.vmware.vapi.structure","resource_id":"com.vmware.hcx.appliance.model.HCX_job"},"category":"USER_DEFINED"}},"metadata":[{"value":{"elements":[{"value":{"string_value":"POST","type":"STRING"},"key":"method"},{"value":{"string_value":"/hybridity/api/service/hcx/deploy","type":"STRING"},"key":"value"},{"value":{"string_value":"application/json","type":"STRING"},"key":"contentType"},{"value":{"string_value":"application/json","type":"STRING"},"key":"accept"}]},"key":"RequestMapping"}],"documentation":"","name":"deploy_appliance","params":[{"metadata":[{"value":{"elements":[{"value":{"string_value":"true","type":"STRING"},"key":"value"}]},"key":"RequestBody"}],"documentation":"deployPayload (required)","name":"payload","type":{"user_defined_type":{"resource_type":"com.vmware.vapi.structure","resource_id":"com.vmware.hcx.appliance.model.appliance"},"category":"USER_DEFINED"}}],"errors":[{"documentation":"Unauthorized","structure_id":"com.vmware.vapi.std.errors.unauthenticated"},{"documentation":"Forbidden","structure_id":"com.vmware.vapi.std.errors.unauthorized"},{"documentation":"Invalid","structure_id":"com.vmware.vapi.std.errors.internal_server_error"}]},"key":"deploy_appliance"},{"value":{"output":{"metadata":[],"documentation":"com.vmware.hcx.appliance.model.HCXJob","type":{"user_defined_type":{"resource_type":"com.vmware.vapi.structure","resource_id":"com.vmware.hcx.appliance.model.HCX_job"},"category":"USER_DEFINED"}},"metadata":[{"value":{"elements":[{"value":{"string_value":"POST","type":"STRING"},"key":"method"},{"value":{"string_value":"/hybridity/api/service/hcx/forcesync","type":"STRING"},"key":"value"},{"value":{"string_value":"application/json","type":"STRING"},"key":"contentType"},{"value":{"string_value":"application/json","type":"STRING"},"key":"accept"}]},"key":"RequestMapping"}],"documentation":"","name":"force_sync_appliance","params":[{"metadata":[{"value":{"elements":[{"value":{"string_value":"true","type":"STRING"},"key":"value"}]},"key":"RequestBody"}],"documentation":"payload (required)","name":"force_syncappliance_payload","type":{"user_defined_type":{"resource_type":"com.vmware.vapi.structure","resource_id":"com.vmware.hcx.appliance.model.force_syncappliance_payload"},"category":"USER_DEFINED"}}],"errors":[{"documentation":"Unauthorized","structure_id":"com.vmware.vapi.std.errors.unauthenticated"},{"documentation":"Forbidden","structure_id":"com.vmware.vapi.std.errors.unauthorized"},{"documentation":"Invalid","structure_id":"com.vmware.vapi.std.errors.internal_server_error"}]},"key":"force_sync_appliance"},{"value":{"output":{"metadata":[],"documentation":"com.vmware.hcx.appliance.model.ApplianceList","type":{"user_defined_type":{"resource_type":"com.vmware.vapi.structure","resource_id":"com.vmware.hcx.appliance.model.appliance_list"},"category":"USER_DEFINED"}},"metadata":[{"value":{"elements":[{"value":{"string_value":"POST","type":"STRING"},"key":"method"},{"value":{"string_value":"hybridity/api/service/hcx/list","type":"STRING"},"key":"value"},{"value":{"string_value":"application/json","type":"STRING"},"key":"contentType"},{"value":{"string_value":"application/json","type":"STRING"},"key":"accept"}]},"key":"RequestMapping"}],"documentation":"","name":"get_appliance_list","params":[{"metadata":[{"value":{"elements":[{"value":{"string_value":"true","type":"STRING"},"key":"value"}]},"key":"RequestBody"}],"documentation":"payload (required)","name":"payload","type":{"user_defined_type":{"resource_type":"com.vmware.vapi.structure","resource_id":"com.vmware.hcx.appliance.model.payload"},"category":"USER_DEFINED"}}],"errors":[{"documentation":"Unauthorized","structure_id":"com.vmware.vapi.std.errors.unauthenticated"},{"documentation":"Forbidden","structure_id":"com.vmware.vapi.std.errors.unauthorized"},{"documentation":"Invalid","structure_id":"com.vmware.vapi.std.errors.internal_server_error"}]},"key":"get_appliance_list"},{"value":{"output":{"metadata":[],"documentation":"com.vmware.hcx.appliance.model.HCXJob","type":{"user_defined_type":{"resource_type":"com.vmware.vapi.structure","resource_id":"com.vmware.hcx.appliance.model.HCX_job"},"category":"USER_DEFINED"}},"metadata":[{"value":{"elements":[{"value":{"string_value":"POST","type":"STRING"},"key":"method"},{"value":{"string_value":"/hybridity/api/service/hcx/settings","type":"STRING"},"key":"value"},{"value":{"string_value":"application/json","type":"STRING"},"key":"contentType"},{"value":{"string_value":"application/json","type":"STRING"},"key":"accept"}]},"key":"RequestMapping"}],"documentation":"","name":"hcx_settings","params":[{"metadata":[{"value":{"elements":[{"value":{"string_value":"true","type":"STRING"},"key":"value"}]},"key":"RequestBody"}],"documentation":"payload (required)","name":"settings_payload","type":{"user_defined_type":{"resource_type":"com.vmware.vapi.structure","resource_id":"com.vmware.hcx.appliance.model.settings_payload"},"category":"USER_DEFINED"}}],"errors":[{"documentation":"Unauthorized","structure_id":"com.vmware.vapi.std.errors.unauthenticated"},{"documentation":"Forbidden","structure_id":"com.vmware.vapi.std.errors.unauthorized"},{"documentation":"Invalid","structure_id":"com.vmware.vapi.std.errors.internal_server_error"}]},"key":"hcx_settings"},{"value":{"output":{"metadata":[],"documentation":"com.vmware.hcx.appliance.model.HCXJob","type":{"user_defined_type":{"resource_type":"com.vmware.vapi.structure","resource_id":"com.vmware.hcx.appliance.model.HCX_job"},"category":"USER_DEFINED"}},"metadata":[{"value":{"elements":[{"value":{"string_value":"POST","type":"STRING"},"key":"method"},{"value":{"string_value":"/hybridity/api/service/hcx/redeploy","type":"STRING"},"key":"value"},{"value":{"string_value":"application/json","type":"STRING"},"key":"contentType"},{"value":{"string_value":"application/json","type":"STRING"},"key":"accept"}]},"key":"RequestMapping"}],"documentation":"","name":"redeploy_appliance","params":[{"metadata":[{"value":{"elements":[{"value":{"string_value":"true","type":"STRING"},"key":"value"}]},"key":"RequestBody"}],"documentation":"payload (required)","name":"redeploy_appliance_payload","type":{"user_defined_type":{"resource_type":"com.vmware.vapi.structure","resource_id":"com.vmware.hcx.appliance.model.redeploy_appliance_payload"},"category":"USER_DEFINED"}}],"errors":[{"documentation":"Unauthorized","structure_id":"com.vmware.vapi.std.errors.unauthenticated"},{"documentation":"Forbidden","structure_id":"com.vmware.vapi.std.errors.unauthorized"},{"documentation":"Invalid","structure_id":"com.vmware.vapi.std.errors.internal_server_error"}]},"key":"redeploy_appliance"},{"value":{"output":{"metadata":[],"documentation":"com.vmware.hcx.appliance.model.HCXTask","type":{"user_defined_type":{"resource_type":"com.vmware.vapi.structure","resource_id":"com.vmware.hcx.appliance.model.HCX_task"},"category":"USER_DEFINED"}},"metadata":[{"value":{"elements":[{"value":{"string_value":"POST","type":"STRING"},"key":"method"},{"value":{"string_value":"/hybridity/api/service/hcx?action=upgradeToInterconnect","type":"STRING"},"key":"value"},{"value":{"string_value":"application/json","type":"STRING"},"key":"contentType"},{"value":{"string_value":"application/json","type":"STRING"},"key":"accept"}]},"key":"RequestMapping"}],"documentation":"","name":"upgrade_appliance","params":[{"metadata":[{"value":{"elements":[{"value":{"string_value":"true","type":"STRING"},"key":"value"}]},"key":"RequestBody"}],"documentation":"payload (required)","name":"upgrade_payload","type":{"user_defined_type":{"resource_type":"com.vmware.vapi.structure","resource_id":"com.vmware.hcx.appliance.model.upgrade_payload"},"category":"USER_DEFINED"}}],"errors":[{"documentation":"Unauthorized","structure_id":"com.vmware.vapi.std.errors.unauthenticated"},{"documentation":"Forbidden","structure_id":"com.vmware.vapi.std.errors.unauthorized"},{"documentation":"Internal Server Error","structure_id":"com.vmware.vapi.std.errors.error"},{"documentation":"Invalid","structure_id":"com.vmware.vapi.std.errors.internal_server_error"}]},"key":"upgrade_appliance"},{"value":{"output":{"metadata":[],"documentation":"com.vmware.hcx.appliance.model.HCXJob","type":{"user_defined_type":{"resource_type":"com.vmware.vapi.structure","resource_id":"com.vmware.hcx.appliance.model.HCX_job"},"category":"USER_DEFINED"}},"metadata":[{"value":{"elements":[{"value":{"string_value":"POST","type":"STRING"},"key":"method"},{"value":{"string_value":"/hybridity/api/service/hcx/remove","type":"STRING"},"key":"value"},{"value":{"string_value":"application/json","type":"STRING"},"key":"contentType"},{"value":{"string_value":"application/json","type":"STRING"},"key":"accept"}]},"key":"RequestMapping"}],"documentation":"","name":"remove_appliance","params":[{"metadata":[{"value":{"elements":[{"value":{"string_value":"true","type":"STRING"},"key":"value"}]},"key":"RequestBody"}],"documentation":"payload (required)","name":"remove_appliance_payload","type":{"user_defined_type":{"resource_type":"com.vmware.vapi.structure","resource_id":"com.vmware.hcx.appliance.model.remove_appliance_payload"},"category":"USER_DEFINED"}}],"errors":[{"documentation":"Unauthorized","structure_id":"com.vmware.vapi.std.errors.unauthenticated"},{"documentation":"Forbidden","structure_id":"com.vmware.vapi.std.errors.unauthorized"},{"documentation":"Invalid","structure_id":"com.vmware.vapi.std.errors.internal_server_error"}]},"key":"remove_appliance"},{"value":{"output":{"metadata":[],"documentation":"com.vmware.hcx.appliance.model.CalculatePlacementPayload","type":{"user_defined_type":{"resource_type":"com.vmware.vapi.structure","resource_id":"com.vmware.hcx.appliance.model.calculate_placement_payload"},"category":"USER_DEFINED"}},"metadata":[{"value":{"elements":[{"value":{"string_value":"PUT","type":"STRING"},"key":"method"},{"value":{"string_value":"/hybridity/api/service/inventory/vc/calculatePlacement","type":"STRING"},"key":"value"},{"value":{"string_value":"application/json","type":"STRING"},"key":"contentType"},{"value":{"string_value":"application/json","type":"STRING"},"key":"accept"}]},"key":"RequestMapping"}],"documentation":"","name":"calculate_placement","params":[{"metadata":[{"value":{"elements":[{"value":{"string_value":"true","type":"STRING"},"key":"value"}]},"key":"RequestBody"}],"documentation":"calculatePlacementPayload (required)","name":"calculate_placement_payload","type":{"user_defined_type":{"resource_type":"com.vmware.vapi.structure","resource_id":"com.vmware.hcx.appliance.model.calculate_placement_payload"},"category":"USER_DEFINED"}}],"errors":[{"documentation":"Unauthorized","structure_id":"com.vmware.vapi.std.errors.unauthenticated"},{"documentation":"Forbidden","structure_id":"com.vmware.vapi.std.errors.unauthorized"},{"documentation":"Invalid","structure_id":"com.vmware.vapi.std.errors.internal_server_error"}]},"key":"calculate_placement"}],"documentation":"","name":"com.vmware.hcx.appliance.appliance","structures":[],"enumerations":[],"constants":[]},"key":"com.vmware.hcx.appliance.appliance"}]},"key":"com.vmware.hcx.appliance"},{"value":{"metadata":[],"documentation":"","name":"com.vmware.hcx.appliance.model","structures":[{"value":{"metadata":[],"documentation":"","name":"com.vmware.hcx.appliance.model.appliance_network","enumerations":[],"constants":[],"type":"STRUCTURE","fields":[{"metadata":[{"value":{"elements":[{"value":{"string_value":"mgmtNetwork","type":"STRING"},"key":"value"}]},"key":"SerializationName"}],"documentation":"","name":"mgmt_network","type":{"category":"GENERIC","generic_instantiation":{"generic_type":"OPTIONAL","element_type":{"user_defined_type":{"resource_type":"com.vmware.vapi.structure","resource_id":"com.vmware.hcx.appliance.model.appliance_network_mgmt_network"},"category":"USER_DEFINED"}}}},{"metadata":[{"value":{"elements":[{"value":{"string_value":"uplinkNetwork","type":"STRING"},"key":"value"}]},"key":"SerializationName"}],"documentation":"","name":"uplink_network","type":{"category":"GENERIC","generic_instantiation":{"generic_type":"OPTIONAL","element_type":{"user_defined_type":{"resource_type":"com.vmware.vapi.structure","resource_id":"com.vmware.hcx.appliance.model.appliance_list_fleet_networks_uplink_network"},"category":"USER_DEFINED"}}}},{"metadata":[{"value":{"elements":[{"value":{"string_value":"vmotionNetwork","type":"STRING"},"key":"value"}]},"key":"SerializationName"}],"documentation":"","name":"vmotion_network","type":{"category":"GENERIC","generic_instantiation":{"generic_type":"OPTIONAL","element_type":{"user_defined_type":{"resource_type":"com.vmware.vapi.structure","resource_id":"com.vmware.hcx.appliance.model.appliance_network_vmotion_network"},"category":"USER_DEFINED"}}}}]},"key":"com.vmware.hcx.appliance.model.appliance_network"},{"value":{"metadata":[],"documentation":"","name":"com.vmware.hcx.appliance.model.appliance_list","enumerations":[],"constants":[],"type":"STRUCTURE","fields":[{"metadata":[{"value":{"elements":[{"value":{"string_value":"fleet","type":"STRING"},"key":"value"}]},"key":"SerializationName"}],"documentation":"","name":"fleet","type":{"category":"GENERIC","generic_instantiation":{"generic_type":"OPTIONAL","element_type":{"user_defined_type":{"resource_type":"com.vmware.vapi.structure","resource_id":"com.vmware.hcx.appliance.model.appliance_list_fleet"},"category":"USER_DEFINED"}}}}]},"key":"com.vmware.hcx.appliance.model.appliance_list"},{"value":{"metadata":[],"documentation":"","name":"com.vmware.hcx.appliance.model.appliance","enumerations":[],"constants":[],"type":"STRUCTURE","fields":[{"metadata":[{"value":{"elements":[{"value":{"string_value":"appliances","type":"STRING"},"key":"value"}]},"key":"SerializationName"}],"documentation":"","name":"appliances","type":{"category":"GENERIC","generic_instantiation":{"generic_type":"OPTIONAL","element_type":{"category":"GENERIC","generic_instantiation":{"generic_type":"LIST","element_type":{"user_defined_type":{"resource_type":"com.vmware.vapi.structure","resource_id":"com.vmware.hcx.appliance.model.appliance_appliances"},"category":"USER_DEFINED"}}}}}},{"metadata":[{"value":{"elements":[{"value":{"string_value":"destinationCloud","type":"STRING"},"key":"value"}]},"key":"SerializationName"}],"documentation":"","name":"destination_cloud","type":{"category":"GENERIC","generic_instantiation":{"generic_type":"OPTIONAL","element_type":{"user_defined_type":{"resource_type":"com.vmware.vapi.structure","resource_id":"com.vmware.hcx.appliance.model.hcx_cloud"},"category":"USER_DEFINED"}}}}]},"key":"com.vmware.hcx.appliance.model.appliance"},{"value":{"metadata":[],"documentation":"","name":"com.vmware.hcx.appliance.model.appliance_network_vmotion_network","enumerations":[],"constants":[],"type":"STRUCTURE","fields":[{"metadata":[{"value":{"elements":[{"value":{"string_value":"network","type":"STRING"},"key":"value"}]},"key":"SerializationName"}],"documentation":"","name":"network","type":{"category":"GENERIC","generic_instantiation":{"generic_type":"OPTIONAL","element_type":{"builtin_type":"STRING","category":"BUILTIN"}}}},{"metadata":[{"value":{"elements":[{"value":{"string_value":"name","type":"STRING"},"key":"value"}]},"key":"SerializationName"}],"documentation":"","name":"name","type":{"category":"GENERIC","generic_instantiation":{"generic_type":"OPTIONAL","element_type":{"builtin_type":"STRING","category":"BUILTIN"}}}},{"metadata":[{"value":{"elements":[{"value":{"string_value":"ip","type":"STRING"},"key":"value"}]},"key":"SerializationName"}],"documentation":"","name":"ip","type":{"category":"GENERIC","generic_instantiation":{"generic_type":"OPTIONAL","element_type":{"builtin_type":"STRING","category":"BUILTIN"}}}}]},"key":"com.vmware.hcx.appliance.model.appliance_network_vmotion_network"},{"value":{"metadata":[],"documentation":"","name":"com.vmware.hcx.appliance.model.appliance_list_fleet_networks","enumerations":[],"constants":[],"type":"STRUCTURE","fields":[{"metadata":[{"value":{"elements":[{"value":{"string_value":"uplinkNetwork","type":"STRING"},"key":"value"}]},"key":"SerializationName"}],"documentation":"","name":"uplink_network","type":{"category":"GENERIC","generic_instantiation":{"generic_type":"OPTIONAL","element_type":{"user_defined_type":{"resource_type":"com.vmware.vapi.structure","resource_id":"com.vmware.hcx.appliance.model.appliance_list_fleet_networks_uplink_network"},"category":"USER_DEFINED"}}}},{"metadata":[{"value":{"elements":[{"value":{"string_value":"mgmtNetwork","type":"STRING"},"key":"value"}]},"key":"SerializationName"}],"documentation":"","name":"mgmt_network","type":{"category":"GENERIC","generic_instantiation":{"generic_type":"OPTIONAL","element_type":{"user_defined_type":{"resource_type":"com.vmware.vapi.structure","resource_id":"com.vmware.hcx.appliance.model.appliance_list_fleet_networks_mgmt_network"},"category":"USER_DEFINED"}}}},{"metadata":[{"value":{"elements":[{"value":{"string_value":"vmotionNetwork","type":"STRING"},"key":"value"}]},"key":"SerializationName"}],"documentation":"","name":"vmotion_network","type":{"category":"GENERIC","generic_instantiation":{"generic_type":"OPTIONAL","element_type":{"user_defined_type":{"resource_type":"com.vmware.vapi.structure","resource_id":"com.vmware.hcx.appliance.model.appliance_list_fleet_networks_vmotion_network"},"category":"USER_DEFINED"}}}}]},"key":"com.vmware.hcx.appliance.model.appliance_list_fleet_networks"},{"value":{"metadata":[],"documentation":"","name":"com.vmware.hcx.appliance.model.remove_appliance_payload","enumerations":[],"constants":[],"type":"STRUCTURE","fields":[{"metadata":[{"value":{"elements":[{"value":{"string_value":"applianceId","type":"STRING"},"key":"value"}]},"key":"SerializationName"}],"documentation":"","name":"appliance_id","type":{"category":"GENERIC","generic_instantiation":{"generic_type":"OPTIONAL","element_type":{"builtin_type":"STRING","category":"BUILTIN"}}}},{"metadata":[{"value":{"elements":[{"value":{"string_value":"orgUrl","type":"STRING"},"key":"value"}]},"key":"SerializationName"}],"documentation":"","name":"org_url","type":{"category":"GENERIC","generic_instantiation":{"generic_type":"OPTIONAL","element_type":{"builtin_type":"STRING","category":"BUILTIN"}}}},{"metadata":[{"value":{"elements":[{"value":{"string_value":"force","type":"STRING"},"key":"value"}]},"key":"SerializationName"}],"documentation":"","name":"force","type":{"category":"GENERIC","generic_instantiation":{"generic_type":"OPTIONAL","element_type":{"builtin_type":"BOOLEAN","category":"BUILTIN"}}}}]},"key":"com.vmware.hcx.appliance.model.remove_appliance_payload"},{"value":{"metadata":[],"documentation":"","name":"com.vmware.hcx.appliance.model.appliance_list_fleet_state","enumerations":[],"constants":[],"type":"STRUCTURE","fields":[{"metadata":[{"value":{"elements":[{"value":{"string_value":"state","type":"STRING"},"key":"value"}]},"key":"SerializationName"}],"documentation":"","name":"state","type":{"category":"GENERIC","generic_instantiation":{"generic_type":"OPTIONAL","element_type":{"builtin_type":"STRING","category":"BUILTIN"}}}},{"metadata":[{"value":{"elements":[{"value":{"string_value":"message","type":"STRING"},"key":"value"}]},"key":"SerializationName"}],"documentation":"","name":"message","type":{"category":"GENERIC","generic_instantiation":{"generic_type":"OPTIONAL","element_type":{"builtin_type":"STRING","category":"BUILTIN"}}}}]},"key":"com.vmware.hcx.appliance.model.appliance_list_fleet_state"},{"value":{"metadata":[],"documentation":"","name":"com.vmware.hcx.appliance.model.appliance_list_fleet_appliance_version","enumerations":[],"constants":[],"type":"STRUCTURE","fields":[{"metadata":[{"value":{"elements":[{"value":{"string_value":"major","type":"STRING"},"key":"value"}]},"key":"SerializationName"}],"documentation":"","name":"major","type":{"category":"GENERIC","generic_instantiation":{"generic_type":"OPTIONAL","element_type":{"builtin_type":"LONG","category":"BUILTIN"}}}},{"metadata":[{"value":{"elements":[{"value":{"string_value":"minor","type":"STRING"},"key":"value"}]},"key":"SerializationName"}],"documentation":"","name":"minor","type":{"category":"GENERIC","generic_instantiation":{"generic_type":"OPTIONAL","element_type":{"builtin_type":"LONG","category":"BUILTIN"}}}},{"metadata":[{"value":{"elements":[{"value":{"string_value":"patch","type":"STRING"},"key":"value"}]},"key":"SerializationName"}],"documentation":"","name":"patch","type":{"category":"GENERIC","generic_instantiation":{"generic_type":"OPTIONAL","element_type":{"builtin_type":"LONG","category":"BUILTIN"}}}},{"metadata":[{"value":{"elements":[{"value":{"string_value":"build","type":"STRING"},"key":"value"}]},"key":"SerializationName"}],"documentation":"","name":"build","type":{"category":"GENERIC","generic_instantiation":{"generic_type":"OPTIONAL","element_type":{"builtin_type":"LONG","category":"BUILTIN"}}}}]},"key":"com.vmware.hcx.appliance.model.appliance_list_fleet_appliance_version"},{"value":{"metadata":[],"documentation":"","name":"com.vmware.hcx.appliance.model.hybridityapiservicehcxsettings_cli_settings","enumerations":[],"constants":[],"type":"STRUCTURE","fields":[{"metadata":[{"value":{"elements":[{"value":{"string_value":"adminPassword","type":"STRING"},"key":"value"}]},"key":"SerializationName"}],"documentation":"","name":"admin_password","type":{"category":"GENERIC","generic_instantiation":{"generic_type":"OPTIONAL","element_type":{"builtin_type":"STRING","category":"BUILTIN"}}}},{"metadata":[{"value":{"elements":[{"value":{"string_value":"rootPassword","type":"STRING"},"key":"value"}]},"key":"SerializationName"}],"documentation":"","name":"root_password","type":{"category":"GENERIC","generic_instantiation":{"generic_type":"OPTIONAL","element_type":{"builtin_type":"STRING","category":"BUILTIN"}}}}]},"key":"com.vmware.hcx.appliance.model.hybridityapiservicehcxsettings_cli_settings"},{"value":{"metadata":[],"documentation":"","name":"com.vmware.hcx.appliance.model.payload","enumerations":[],"constants":[],"type":"STRUCTURE","fields":[{"metadata":[{"value":{"elements":[{"value":{"string_value":"applianceType","type":"STRING"},"key":"value"}]},"key":"SerializationName"}],"documentation":"","name":"appliance_type","type":{"category":"GENERIC","generic_instantiation":{"generic_type":"OPTIONAL","element_type":{"category":"GENERIC","generic_instantiation":{"generic_type":"LIST","element_type":{"builtin_type":"STRING","category":"BUILTIN"}}}}}}]},"key":"com.vmware.hcx.appliance.model.payload"},{"value":{"metadata":[],"documentation":"","name":"com.vmware.hcx.appliance.model.error","enumerations":[],"constants":[],"type":"STRUCTURE","fields":[{"metadata":[{"value":{"elements":[{"value":{"string_value":"code","type":"STRING"},"key":"value"}]},"key":"SerializationName"}],"documentation":"","name":"code","type":{"category":"GENERIC","generic_instantiation":{"generic_type":"OPTIONAL","element_type":{"builtin_type":"STRING","category":"BUILTIN"}}}},{"metadata":[{"value":{"elements":[{"value":{"string_value":"message","type":"STRING"},"key":"value"}]},"key":"SerializationName"}],"documentation":"","name":"message","type":{"category":"GENERIC","generic_instantiation":{"generic_type":"OPTIONAL","element_type":{"builtin_type":"STRING","category":"BUILTIN"}}}}]},"key":"com.vmware.hcx.appliance.model.error"},{"value":{"metadata":[],"documentation":"","name":"com.vmware.hcx.appliance.model.HCX_task_warnings","enumerations":[],"constants":[],"type":"STRUCTURE","fields":[{"metadata":[{"value":{"elements":[{"value":{"string_value":"message","type":"STRING"},"key":"value"}]},"key":"SerializationName"}],"documentation":"","name":"message","type":{"category":"GENERIC","generic_instantiation":{"generic_type":"OPTIONAL","element_type":{"builtin_type":"STRING","category":"BUILTIN"}}}}]},"key":"com.vmware.hcx.appliance.model.HCX_task_warnings"},{"value":{"metadata":[],"documentation":"","name":"com.vmware.hcx.appliance.model.redeploy_appliance_payload","enumerations":[],"constants":[],"type":"STRUCTURE","fields":[{"metadata":[{"value":{"elements":[{"value":{"string_value":"applianceId","type":"STRING"},"key":"value"}]},"key":"SerializationName"}],"documentation":"","name":"appliance_id","type":{"category":"GENERIC","generic_instantiation":{"generic_type":"OPTIONAL","element_type":{"builtin_type":"STRING","category":"BUILTIN"}}}},{"metadata":[{"value":{"elements":[{"value":{"string_value":"orgUrl","type":"STRING"},"key":"value"}]},"key":"SerializationName"}],"documentation":"","name":"org_url","type":{"category":"GENERIC","generic_instantiation":{"generic_type":"OPTIONAL","element_type":{"builtin_type":"STRING","category":"BUILTIN"}}}},{"metadata":[{"value":{"elements":[{"value":{"string_value":"force","type":"STRING"},"key":"value"}]},"key":"SerializationName"}],"documentation":"","name":"force","type":{"category":"GENERIC","generic_instantiation":{"generic_type":"OPTIONAL","element_type":{"builtin_type":"BOOLEAN","category":"BUILTIN"}}}}]},"key":"com.vmware.hcx.appliance.model.redeploy_appliance_payload"},{"value":{"metadata":[],"documentation":"","name":"com.vmware.hcx.appliance.model.appliance_list_fleet_networks_mgmt_network","enumerations":[],"constants":[],"type":"STRUCTURE","fields":[{"metadata":[{"value":{"elements":[{"value":{"string_value":"network","type":"STRING"},"key":"value"}]},"key":"SerializationName"}],"documentation":"","name":"network","type":{"category":"GENERIC","generic_instantiation":{"generic_type":"OPTIONAL","element_type":{"builtin_type":"STRING","category":"BUILTIN"}}}},{"metadata":[{"value":{"elements":[{"value":{"string_value":"name","type":"STRING"},"key":"value"}]},"key":"SerializationName"}],"documentation":"","name":"name","type":{"category":"GENERIC","generic_instantiation":{"generic_type":"OPTIONAL","element_type":{"builtin_type":"STRING","category":"BUILTIN"}}}},{"metadata":[{"value":{"elements":[{"value":{"string_value":"ip","type":"STRING"},"key":"value"}]},"key":"SerializationName"}],"documentation":"","name":"ip","type":{"category":"GENERIC","generic_instantiation":{"generic_type":"OPTIONAL","element_type":{"builtin_type":"STRING","category":"BUILTIN"}}}},{"metadata":[{"value":{"elements":[{"value":{"string_value":"gateway","type":"STRING"},"key":"value"}]},"key":"SerializationName"}],"documentation":"","name":"gateway","type":{"category":"GENERIC","generic_instantiation":{"generic_type":"OPTIONAL","element_type":{"builtin_type":"STRING","category":"BUILTIN"}}}},{"metadata":[{"value":{"elements":[{"value":{"string_value":"dns","type":"STRING"},"key":"value"}]},"key":"SerializationName"}],"documentation":"","name":"dns","type":{"category":"GENERIC","generic_instantiation":{"generic_type":"OPTIONAL","element_type":{"builtin_type":"STRING","category":"BUILTIN"}}}},{"metadata":[{"value":{"elements":[{"value":{"string_value":"connected","type":"STRING"},"key":"value"}]},"key":"SerializationName"}],"documentation":"","name":"connected","type":{"category":"GENERIC","generic_instantiation":{"generic_type":"OPTIONAL","element_type":{"builtin_type":"BOOLEAN","category":"BUILTIN"}}}}]},"key":"com.vmware.hcx.appliance.model.appliance_list_fleet_networks_mgmt_network"},{"value":{"metadata":[],"documentation":"","name":"com.vmware.hcx.appliance.model.HCX_task_data","enumerations":[],"constants":[],"type":"STRUCTURE","fields":[{"metadata":[{"value":{"elements":[{"value":{"string_value":"interconnectTaskId","type":"STRING"},"key":"value"}]},"key":"SerializationName"}],"documentation":"","name":"interconnect_task_id","type":{"category":"GENERIC","generic_instantiation":{"generic_type":"OPTIONAL","element_type":{"builtin_type":"STRING","category":"BUILTIN"}}}}]},"key":"com.vmware.hcx.appliance.model.HCX_task_data"},{"value":{"metadata":[],"documentation":"","name":"com.vmware.hcx.appliance.model.hcx_cloud","enumerations":[],"constants":[],"type":"STRUCTURE","fields":[{"metadata":[{"value":{"elements":[{"value":{"string_value":"site","type":"STRING"},"key":"value"}]},"key":"SerializationName"}],"documentation":"","name":"site","type":{"category":"GENERIC","generic_instantiation":{"generic_type":"OPTIONAL","element_type":{"builtin_type":"STRING","category":"BUILTIN"}}}},{"metadata":[{"value":{"elements":[{"value":{"string_value":"url","type":"STRING"},"key":"value"}]},"key":"SerializationName"}],"documentation":"","name":"url","type":{"category":"GENERIC","generic_instantiation":{"generic_type":"OPTIONAL","element_type":{"builtin_type":"STRING","category":"BUILTIN"}}}},{"metadata":[{"value":{"elements":[{"value":{"string_value":"endpointId","type":"STRING"},"key":"value"}]},"key":"SerializationName"}],"documentation":"","name":"endpoint_id","type":{"category":"GENERIC","generic_instantiation":{"generic_type":"OPTIONAL","element_type":{"builtin_type":"STRING","category":"BUILTIN"}}}},{"metadata":[{"value":{"elements":[{"value":{"string_value":"endpointType","type":"STRING"},"key":"value"}]},"key":"SerializationName"}],"documentation":"","name":"endpoint_type","type":{"category":"GENERIC","generic_instantiation":{"generic_type":"OPTIONAL","element_type":{"builtin_type":"STRING","category":"BUILTIN"}}}},{"metadata":[{"value":{"elements":[{"value":{"string_value":"endpointName","type":"STRING"},"key":"value"}]},"key":"SerializationName"}],"documentation":"","name":"endpoint_name","type":{"category":"GENERIC","generic_instantiation":{"generic_type":"OPTIONAL","element_type":{"builtin_type":"STRING","category":"BUILTIN"}}}},{"metadata":[{"value":{"elements":[{"value":{"string_value":"endpointUrl","type":"STRING"},"key":"value"}]},"key":"SerializationName"}],"documentation":"","name":"endpoint_url","type":{"category":"GENERIC","generic_instantiation":{"generic_type":"OPTIONAL","element_type":{"builtin_type":"STRING","category":"BUILTIN"}}}},{"metadata":[{"value":{"elements":[{"value":{"string_value":"isLocal","type":"STRING"},"key":"value"}]},"key":"SerializationName"}],"documentation":"","name":"is_local","type":{"category":"GENERIC","generic_instantiation":{"generic_type":"OPTIONAL","element_type":{"builtin_type":"BOOLEAN","category":"BUILTIN"}}}},{"metadata":[{"value":{"elements":[{"value":{"string_value":"resource","type":"STRING"},"key":"value"}]},"key":"SerializationName"}],"documentation":"","name":"resource","type":{"category":"GENERIC","generic_instantiation":{"generic_type":"OPTIONAL","element_type":{"builtin_type":"STRING","category":"BUILTIN"}}}},{"metadata":[{"value":{"elements":[{"value":{"string_value":"resourceId","type":"STRING"},"key":"value"}]},"key":"SerializationName"}],"documentation":"","name":"resource_id","type":{"category":"GENERIC","generic_instantiation":{"generic_type":"OPTIONAL","element_type":{"builtin_type":"STRING","category":"BUILTIN"}}}},{"metadata":[{"value":{"elements":[{"value":{"string_value":"resourceType","type":"STRING"},"key":"value"}]},"key":"SerializationName"}],"documentation":"","name":"resource_type","type":{"category":"GENERIC","generic_instantiation":{"generic_type":"OPTIONAL","element_type":{"builtin_type":"STRING","category":"BUILTIN"}}}},{"metadata":[{"value":{"elements":[{"value":{"string_value":"resourceName","type":"STRING"},"key":"value"}]},"key":"SerializationName"}],"documentation":"","name":"resource_name","type":{"category":"GENERIC","generic_instantiation":{"generic_type":"OPTIONAL","element_type":{"builtin_type":"STRING","category":"BUILTIN"}}}},{"metadata":[{"value":{"elements":[{"value":{"string_value":"vcuuid","type":"STRING"},"key":"value"}]},"key":"SerializationName"}],"documentation":"","name":"vcuuid","type":{"category":"GENERIC","generic_instantiation":{"generic_type":"OPTIONAL","element_type":{"builtin_type":"STRING","category":"BUILTIN"}}}}]},"key":"com.vmware.hcx.appliance.model.hcx_cloud"},{"value":{"metadata":[],"documentation":"","name":"com.vmware.hcx.appliance.model.appliance_list_fleet_networks_uplink_network","enumerations":[],"constants":[],"type":"STRUCTURE","fields":[{"metadata":[{"value":{"elements":[{"value":{"string_value":"network","type":"STRING"},"key":"value"}]},"key":"SerializationName"}],"documentation":"","name":"network","type":{"category":"GENERIC","generic_instantiation":{"generic_type":"OPTIONAL","element_type":{"builtin_type":"STRING","category":"BUILTIN"}}}},{"metadata":[{"value":{"elements":[{"value":{"string_value":"name","type":"STRING"},"key":"value"}]},"key":"SerializationName"}],"documentation":"","name":"name","type":{"category":"GENERIC","generic_instantiation":{"generic_type":"OPTIONAL","element_type":{"builtin_type":"STRING","category":"BUILTIN"}}}}]},"key":"com.vmware.hcx.appliance.model.appliance_list_fleet_networks_uplink_network"},{"value":{"metadata":[],"documentation":"","name":"com.vmware.hcx.appliance.model.HCX_task","enumerations":[],"constants":[],"type":"STRUCTURE","fields":[{"metadata":[{"value":{"elements":[{"value":{"string_value":"warnings","type":"STRING"},"key":"value"}]},"key":"SerializationName"}],"documentation":"","name":"warnings","type":{"category":"GENERIC","generic_instantiation":{"generic_type":"OPTIONAL","element_type":{"category":"GENERIC","generic_instantiation":{"generic_type":"LIST","element_type":{"user_defined_type":{"resource_type":"com.vmware.vapi.structure","resource_id":"com.vmware.hcx.appliance.model.HCX_task_warnings"},"category":"USER_DEFINED"}}}}}},{"metadata":[{"value":{"elements":[{"value":{"string_value":"data","type":"STRING"},"key":"value"}]},"key":"SerializationName"}],"documentation":"","name":"data","type":{"category":"GENERIC","generic_instantiation":{"generic_type":"OPTIONAL","element_type":{"user_defined_type":{"resource_type":"com.vmware.vapi.structure","resource_id":"com.vmware.hcx.appliance.model.HCX_task_data"},"category":"USER_DEFINED"}}}}]},"key":"com.vmware.hcx.appliance.model.HCX_task"},{"value":{"metadata":[],"documentation":"","name":"com.vmware.hcx.appliance.model.appliance_appliances","enumerations":[],"constants":[],"type":"STRUCTURE","fields":[{"metadata":[{"value":{"elements":[{"value":{"string_value":"applianceId","type":"STRING"},"key":"value"}]},"key":"SerializationName"}],"documentation":"","name":"appliance_id","type":{"category":"GENERIC","generic_instantiation":{"generic_type":"OPTIONAL","element_type":{"builtin_type":"STRING","category":"BUILTIN"}}}},{"metadata":[{"value":{"elements":[{"value":{"string_value":"applianceType","type":"STRING"},"key":"value"}]},"key":"SerializationName"}],"documentation":"","name":"appliance_type","type":{"category":"GENERIC","generic_instantiation":{"generic_type":"OPTIONAL","element_type":{"builtin_type":"STRING","category":"BUILTIN"}}}},{"metadata":[{"value":{"elements":[{"value":{"string_value":"applianceName","type":"STRING"},"key":"value"}]},"key":"SerializationName"}],"documentation":"","name":"appliance_name","type":{"category":"GENERIC","generic_instantiation":{"generic_type":"OPTIONAL","element_type":{"builtin_type":"STRING","category":"BUILTIN"}}}},{"metadata":[{"value":{"elements":[{"value":{"string_value":"cloudUrl","type":"STRING"},"key":"value"}]},"key":"SerializationName"}],"documentation":"","name":"cloud_url","type":{"category":"GENERIC","generic_instantiation":{"generic_type":"OPTIONAL","element_type":{"builtin_type":"STRING","category":"BUILTIN"}}}},{"metadata":[{"value":{"elements":[{"value":{"string_value":"trunkDVS","type":"STRING"},"key":"value"}]},"key":"SerializationName"}],"documentation":"","name":"trunk_DVS","type":{"category":"GENERIC","generic_instantiation":{"generic_type":"OPTIONAL","element_type":{"builtin_type":"STRING","category":"BUILTIN"}}}},{"metadata":[{"value":{"elements":[{"value":{"string_value":"dvsName","type":"STRING"},"key":"value"}]},"key":"SerializationName"}],"documentation":"","name":"dvs_name","type":{"category":"GENERIC","generic_instantiation":{"generic_type":"OPTIONAL","element_type":{"builtin_type":"STRING","category":"BUILTIN"}}}},{"metadata":[{"value":{"elements":[{"value":{"string_value":"uplinkMtu","type":"STRING"},"key":"value"}]},"key":"SerializationName"}],"documentation":"","name":"uplink_mtu","type":{"category":"GENERIC","generic_instantiation":{"generic_type":"OPTIONAL","element_type":{"builtin_type":"LONG","category":"BUILTIN"}}}},{"metadata":[{"value":{"elements":[{"value":{"string_value":"adminPassword","type":"STRING"},"key":"value"}]},"key":"SerializationName"}],"documentation":"","name":"admin_password","type":{"category":"GENERIC","generic_instantiation":{"generic_type":"OPTIONAL","element_type":{"builtin_type":"STRING","category":"BUILTIN"}}}},{"metadata":[{"value":{"elements":[{"value":{"string_value":"rootPassword","type":"STRING"},"key":"value"}]},"key":"SerializationName"}],"documentation":"","name":"root_password","type":{"category":"GENERIC","generic_instantiation":{"generic_type":"OPTIONAL","element_type":{"builtin_type":"STRING","category":"BUILTIN"}}}},{"metadata":[{"value":{"elements":[{"value":{"string_value":"compute","type":"STRING"},"key":"value"}]},"key":"SerializationName"}],"documentation":"","name":"compute","type":{"category":"GENERIC","generic_instantiation":{"generic_type":"OPTIONAL","element_type":{"builtin_type":"STRING","category":"BUILTIN"}}}},{"metadata":[{"value":{"elements":[{"value":{"string_value":"computeName","type":"STRING"},"key":"value"}]},"key":"SerializationName"}],"documentation":"","name":"compute_name","type":{"category":"GENERIC","generic_instantiation":{"generic_type":"OPTIONAL","element_type":{"builtin_type":"STRING","category":"BUILTIN"}}}},{"metadata":[{"value":{"elements":[{"value":{"string_value":"computeType","type":"STRING"},"key":"value"}]},"key":"SerializationName"}],"documentation":"","name":"compute_type","type":{"category":"GENERIC","generic_instantiation":{"generic_type":"OPTIONAL","element_type":{"builtin_type":"STRING","category":"BUILTIN"}}}},{"metadata":[{"value":{"elements":[{"value":{"string_value":"datastore","type":"STRING"},"key":"value"}]},"key":"SerializationName"}],"documentation":"","name":"datastore","type":{"category":"GENERIC","generic_instantiation":{"generic_type":"OPTIONAL","element_type":{"builtin_type":"STRING","category":"BUILTIN"}}}},{"metadata":[{"value":{"elements":[{"value":{"string_value":"datastoreName","type":"STRING"},"key":"value"}]},"key":"SerializationName"}],"documentation":"","name":"datastore_name","type":{"category":"GENERIC","generic_instantiation":{"generic_type":"OPTIONAL","element_type":{"builtin_type":"STRING","category":"BUILTIN"}}}},{"metadata":[{"value":{"elements":[{"value":{"string_value":"tunnelMaxBandwidth","type":"STRING"},"key":"value"}]},"key":"SerializationName"}],"documentation":"","name":"tunnel_max_bandwidth","type":{"category":"GENERIC","generic_instantiation":{"generic_type":"OPTIONAL","element_type":{"builtin_type":"LONG","category":"BUILTIN"}}}},{"metadata":[{"value":{"elements":[{"value":{"string_value":"networks","type":"STRING"},"key":"value"}]},"key":"SerializationName"}],"documentation":"","name":"networks","type":{"category":"GENERIC","generic_instantiation":{"generic_type":"OPTIONAL","element_type":{"user_defined_type":{"resource_type":"com.vmware.vapi.structure","resource_id":"com.vmware.hcx.appliance.model.appliance_network"},"category":"USER_DEFINED"}}}},{"metadata":[{"value":{"elements":[{"value":{"string_value":"staticRoutes","type":"STRING"},"key":"value"}]},"key":"SerializationName"}],"documentation":"","name":"static_routes","type":{"category":"GENERIC","generic_instantiation":{"generic_type":"OPTIONAL","element_type":{"category":"GENERIC","generic_instantiation":{"generic_type":"LIST","element_type":{"user_defined_type":{"resource_type":"com.vmware.vapi.structure","resource_id":"com.vmware.hcx.appliance.model.static_routes"},"category":"USER_DEFINED"}}}}}}]},"key":"com.vmware.hcx.appliance.model.appliance_appliances"},{"value":{"metadata":[],"documentation":"","name":"com.vmware.hcx.appliance.model.appliance_list_fleet_appliances","enumerations":[],"constants":[],"type":"STRUCTURE","fields":[{"metadata":[{"value":{"elements":[{"value":{"string_value":"_id","type":"STRING"},"key":"value"}]},"key":"SerializationName"}],"documentation":"","name":"id","type":{"category":"GENERIC","generic_instantiation":{"generic_type":"OPTIONAL","element_type":{"builtin_type":"STRING","category":"BUILTIN"}}}},{"metadata":[{"value":{"elements":[{"value":{"string_value":"applianceId","type":"STRING"},"key":"value"}]},"key":"SerializationName"}],"documentation":"","name":"appliance_id","type":{"category":"GENERIC","generic_instantiation":{"generic_type":"OPTIONAL","element_type":{"builtin_type":"STRING","category":"BUILTIN"}}}},{"metadata":[{"value":{"elements":[{"value":{"string_value":"applianceType","type":"STRING"},"key":"value"}]},"key":"SerializationName"}],"documentation":"","name":"appliance_type","type":{"category":"GENERIC","generic_instantiation":{"generic_type":"OPTIONAL","element_type":{"builtin_type":"STRING","category":"BUILTIN"}}}},{"metadata":[{"value":{"elements":[{"value":{"string_value":"state","type":"STRING"},"key":"value"}]},"key":"SerializationName"}],"documentation":"","name":"state","type":{"category":"GENERIC","generic_instantiation":{"generic_type":"OPTIONAL","element_type":{"category":"GENERIC","generic_instantiation":{"generic_type":"LIST","element_type":{"user_defined_type":{"resource_type":"com.vmware.vapi.structure","resource_id":"com.vmware.hcx.appliance.model.appliance_list_fleet_state"},"category":"USER_DEFINED"}}}}}},{"metadata":[{"value":{"elements":[{"value":{"string_value":"lastUpdated","type":"STRING"},"key":"value"}]},"key":"SerializationName"}],"documentation":"","name":"last_updated","type":{"category":"GENERIC","generic_instantiation":{"generic_type":"OPTIONAL","element_type":{"builtin_type":"STRING","category":"BUILTIN"}}}},{"metadata":[{"value":{"elements":[{"value":{"string_value":"creationDate","type":"STRING"},"key":"value"}]},"key":"SerializationName"}],"documentation":"","name":"creation_date","type":{"category":"GENERIC","generic_instantiation":{"generic_type":"OPTIONAL","element_type":{"builtin_type":"STRING","category":"BUILTIN"}}}},{"metadata":[{"value":{"elements":[{"value":{"string_value":"peerConfig","type":"STRING"},"key":"value"}]},"key":"SerializationName"}],"documentation":"","name":"peer_config","type":{"category":"GENERIC","generic_instantiation":{"generic_type":"OPTIONAL","element_type":{"user_defined_type":{"resource_type":"com.vmware.vapi.structure","resource_id":"com.vmware.hcx.appliance.model.appliance_list_fleet_peer_config"},"category":"USER_DEFINED"}}}},{"metadata":[{"value":{"elements":[{"value":{"string_value":"applianceVersion","type":"STRING"},"key":"value"}]},"key":"SerializationName"}],"documentation":"","name":"appliance_version","type":{"category":"GENERIC","generic_instantiation":{"generic_type":"OPTIONAL","element_type":{"user_defined_type":{"resource_type":"com.vmware.vapi.structure","resource_id":"com.vmware.hcx.appliance.model.appliance_list_fleet_appliance_version"},"category":"USER_DEFINED"}}}},{"metadata":[{"value":{"elements":[{"value":{"string_value":"applianceName","type":"STRING"},"key":"value"}]},"key":"SerializationName"}],"documentation":"","name":"appliance_name","type":{"category":"GENERIC","generic_instantiation":{"generic_type":"OPTIONAL","element_type":{"builtin_type":"STRING","category":"BUILTIN"}}}},{"metadata":[{"value":{"elements":[{"value":{"string_value":"applianceMoId","type":"STRING"},"key":"value"}]},"key":"SerializationName"}],"documentation":"","name":"appliance_mo_id","type":{"category":"GENERIC","generic_instantiation":{"generic_type":"OPTIONAL","element_type":{"builtin_type":"STRING","category":"BUILTIN"}}}},{"metadata":[{"value":{"elements":[{"value":{"string_value":"cloudUrl","type":"STRING"},"key":"value"}]},"key":"SerializationName"}],"documentation":"","name":"cloud_url","type":{"category":"GENERIC","generic_instantiation":{"generic_type":"OPTIONAL","element_type":{"builtin_type":"STRING","category":"BUILTIN"}}}},{"metadata":[{"value":{"elements":[{"value":{"string_value":"compute","type":"STRING"},"key":"value"}]},"key":"SerializationName"}],"documentation":"","name":"compute","type":{"category":"GENERIC","generic_instantiation":{"generic_type":"OPTIONAL","element_type":{"builtin_type":"STRING","category":"BUILTIN"}}}},{"metadata":[{"value":{"elements":[{"value":{"string_value":"computeName","type":"STRING"},"key":"value"}]},"key":"SerializationName"}],"documentation":"","name":"compute_name","type":{"category":"GENERIC","generic_instantiation":{"generic_type":"OPTIONAL","element_type":{"builtin_type":"STRING","category":"BUILTIN"}}}},{"metadata":[{"value":{"elements":[{"value":{"string_value":"computeType","type":"STRING"},"key":"value"}]},"key":"SerializationName"}],"documentation":"","name":"compute_type","type":{"category":"GENERIC","generic_instantiation":{"generic_type":"OPTIONAL","element_type":{"builtin_type":"STRING","category":"BUILTIN"}}}},{"metadata":[{"value":{"elements":[{"value":{"string_value":"datastore","type":"STRING"},"key":"value"}]},"key":"SerializationName"}],"documentation":"","name":"datastore","type":{"category":"GENERIC","generic_instantiation":{"generic_type":"OPTIONAL","element_type":{"builtin_type":"STRING","category":"BUILTIN"}}}},{"metadata":[{"value":{"elements":[{"value":{"string_value":"datastoreName","type":"STRING"},"key":"value"}]},"key":"SerializationName"}],"documentation":"","name":"datastore_name","type":{"category":"GENERIC","generic_instantiation":{"generic_type":"OPTIONAL","element_type":{"builtin_type":"STRING","category":"BUILTIN"}}}},{"metadata":[{"value":{"elements":[{"value":{"string_value":"dvsId","type":"STRING"},"key":"value"}]},"key":"SerializationName"}],"documentation":"","name":"dvs_id","type":{"category":"GENERIC","generic_instantiation":{"generic_type":"OPTIONAL","element_type":{"builtin_type":"STRING","category":"BUILTIN"}}}},{"metadata":[{"value":{"elements":[{"value":{"string_value":"dvsName","type":"STRING"},"key":"value"}]},"key":"SerializationName"}],"documentation":"","name":"dvs_name","type":{"category":"GENERIC","generic_instantiation":{"generic_type":"OPTIONAL","element_type":{"builtin_type":"STRING","category":"BUILTIN"}}}},{"metadata":[{"value":{"elements":[{"value":{"string_value":"networks","type":"STRING"},"key":"value"}]},"key":"SerializationName"}],"documentation":"","name":"networks","type":{"category":"GENERIC","generic_instantiation":{"generic_type":"OPTIONAL","element_type":{"user_defined_type":{"resource_type":"com.vmware.vapi.structure","resource_id":"com.vmware.hcx.appliance.model.appliance_list_fleet_networks"},"category":"USER_DEFINED"}}}},{"metadata":[{"value":{"elements":[{"value":{"string_value":"resourceId","type":"STRING"},"key":"value"}]},"key":"SerializationName"}],"documentation":"","name":"resource_id","type":{"category":"GENERIC","generic_instantiation":{"generic_type":"OPTIONAL","element_type":{"builtin_type":"STRING","category":"BUILTIN"}}}},{"metadata":[{"value":{"elements":[{"value":{"string_value":"resourceName","type":"STRING"},"key":"value"}]},"key":"SerializationName"}],"documentation":"","name":"resource_name","type":{"category":"GENERIC","generic_instantiation":{"generic_type":"OPTIONAL","element_type":{"builtin_type":"STRING","category":"BUILTIN"}}}},{"metadata":[{"value":{"elements":[{"value":{"string_value":"endpointId","type":"STRING"},"key":"value"}]},"key":"SerializationName"}],"documentation":"","name":"endpoint_id","type":{"category":"GENERIC","generic_instantiation":{"generic_type":"OPTIONAL","element_type":{"builtin_type":"STRING","category":"BUILTIN"}}}},{"metadata":[{"value":{"elements":[{"value":{"string_value":"siteId","type":"STRING"},"key":"value"}]},"key":"SerializationName"}],"documentation":"","name":"site_id","type":{"category":"GENERIC","generic_instantiation":{"generic_type":"OPTIONAL","element_type":{"builtin_type":"STRING","category":"BUILTIN"}}}}]},"key":"com.vmware.hcx.appliance.model.appliance_list_fleet_appliances"},{"value":{"metadata":[],"documentation":"","name":"com.vmware.hcx.appliance.model.settings_payload","enumerations":[],"constants":[],"type":"STRUCTURE","fields":[{"metadata":[{"value":{"elements":[{"value":{"string_value":"applianceId","type":"STRING"},"key":"value"}]},"key":"SerializationName"}],"documentation":"","name":"appliance_id","type":{"category":"GENERIC","generic_instantiation":{"generic_type":"OPTIONAL","element_type":{"builtin_type":"STRING","category":"BUILTIN"}}}},{"metadata":[{"value":{"elements":[{"value":{"string_value":"cliSettings","type":"STRING"},"key":"value"}]},"key":"SerializationName"}],"documentation":"","name":"cli_settings","type":{"category":"GENERIC","generic_instantiation":{"generic_type":"OPTIONAL","element_type":{"user_defined_type":{"resource_type":"com.vmware.vapi.structure","resource_id":"com.vmware.hcx.appliance.model.hybridityapiservicehcxsettings_cli_settings"},"category":"USER_DEFINED"}}}}]},"key":"com.vmware.hcx.appliance.model.settings_payload"},{"value":{"metadata":[],"documentation":"","name":"com.vmware.hcx.appliance.model.HCX_job","enumerations":[],"constants":[],"type":"STRUCTURE","fields":[{"metadata":[{"value":{"elements":[{"value":{"string_value":"jobId","type":"STRING"},"key":"value"}]},"key":"SerializationName"}],"documentation":"","name":"job_id","type":{"category":"GENERIC","generic_instantiation":{"generic_type":"OPTIONAL","element_type":{"builtin_type":"STRING","category":"BUILTIN"}}}},{"metadata":[{"value":{"elements":[{"value":{"string_value":"success","type":"STRING"},"key":"value"}]},"key":"SerializationName"}],"documentation":"","name":"success","type":{"category":"GENERIC","generic_instantiation":{"generic_type":"OPTIONAL","element_type":{"builtin_type":"BOOLEAN","category":"BUILTIN"}}}},{"metadata":[{"value":{"elements":[{"value":{"string_value":"resourceBusy","type":"STRING"},"key":"value"}]},"key":"SerializationName"}],"documentation":"","name":"resource_busy","type":{"category":"GENERIC","generic_instantiation":{"generic_type":"OPTIONAL","element_type":{"builtin_type":"BOOLEAN","category":"BUILTIN"}}}},{"metadata":[{"value":{"elements":[{"value":{"string_value":"reason","type":"STRING"},"key":"value"}]},"key":"SerializationName"}],"documentation":"","name":"reason","type":{"category":"GENERIC","generic_instantiation":{"generic_type":"OPTIONAL","element_type":{"builtin_type":"STRING","category":"BUILTIN"}}}}]},"key":"com.vmware.hcx.appliance.model.HCX_job"},{"value":{"metadata":[],"documentation":"","name":"com.vmware.hcx.appliance.model.calculate_placement_payload","enumerations":[],"constants":[],"type":"STRUCTURE","fields":[{"metadata":[{"value":{"elements":[{"value":{"string_value":"fleet","type":"STRING"},"key":"value"}]},"key":"SerializationName"}],"documentation":"","name":"fleet","type":{"category":"GENERIC","generic_instantiation":{"generic_type":"OPTIONAL","element_type":{"user_defined_type":{"resource_type":"com.vmware.vapi.structure","resource_id":"com.vmware.hcx.appliance.model.appliance"},"category":"USER_DEFINED"}}}}]},"key":"com.vmware.hcx.appliance.model.calculate_placement_payload"},{"value":{"metadata":[],"documentation":"","name":"com.vmware.hcx.appliance.model.error_response","enumerations":[],"constants":[],"type":"STRUCTURE","fields":[{"metadata":[{"value":{"elements":[{"value":{"string_value":"errors","type":"STRING"},"key":"value"}]},"key":"SerializationName"}],"documentation":"","name":"errors","type":{"category":"GENERIC","generic_instantiation":{"generic_type":"OPTIONAL","element_type":{"category":"GENERIC","generic_instantiation":{"generic_type":"LIST","element_type":{"user_defined_type":{"resource_type":"com.vmware.vapi.structure","resource_id":"com.vmware.hcx.appliance.model.error"},"category":"USER_DEFINED"}}}}}}]},"key":"com.vmware.hcx.appliance.model.error_response"},{"value":{"metadata":[],"documentation":"","name":"com.vmware.hcx.appliance.model.upgrade_payload_endpoints","enumerations":[],"constants":[],"type":"STRUCTURE","fields":[{"metadata":[{"value":{"elements":[{"value":{"string_value":"endpointId","type":"STRING"},"key":"value"}]},"key":"SerializationName"}],"documentation":"","name":"endpoint_id","type":{"category":"GENERIC","generic_instantiation":{"generic_type":"OPTIONAL","element_type":{"builtin_type":"STRING","category":"BUILTIN"}}}},{"metadata":[{"value":{"elements":[{"value":{"string_value":"resourceId","type":"STRING"},"key":"value"}]},"key":"SerializationName"}],"documentation":"","name":"resource_id","type":{"category":"GENERIC","generic_instantiation":{"generic_type":"OPTIONAL","element_type":{"builtin_type":"STRING","category":"BUILTIN"}}}}]},"key":"com.vmware.hcx.appliance.model.upgrade_payload_endpoints"},{"value":{"metadata":[],"documentation":"","name":"com.vmware.hcx.appliance.model.static_routes","enumerations":[],"constants":[],"type":"STRUCTURE","fields":[{"metadata":[{"value":{"elements":[{"value":{"string_value":"network","type":"STRING"},"key":"value"}]},"key":"SerializationName"}],"documentation":"","name":"network","type":{"category":"GENERIC","generic_instantiation":{"generic_type":"OPTIONAL","element_type":{"builtin_type":"STRING","category":"BUILTIN"}}}},{"metadata":[{"value":{"elements":[{"value":{"string_value":"gateway","type":"STRING"},"key":"value"}]},"key":"SerializationName"}],"documentation":"","name":"gateway","type":{"category":"GENERIC","generic_instantiation":{"generic_type":"OPTIONAL","element_type":{"builtin_type":"STRING","category":"BUILTIN"}}}},{"metadata":[{"value":{"elements":[{"value":{"string_value":"mtu","type":"STRING"},"key":"value"}]},"key":"SerializationName"}],"documentation":"","name":"mtu","type":{"category":"GENERIC","generic_instantiation":{"generic_type":"OPTIONAL","element_type":{"builtin_type":"LONG","category":"BUILTIN"}}}}]},"key":"com.vmware.hcx.appliance.model.static_routes"},{"value":{"metadata":[],"documentation":"","name":"com.vmware.hcx.appliance.model.appliance_list_fleet","enumerations":[],"constants":[],"type":"STRUCTURE","fields":[{"metadata":[{"value":{"elements":[{"value":{"string_value":"appliances","type":"STRING"},"key":"value"}]},"key":"SerializationName"}],"documentation":"","name":"appliances","type":{"category":"GENERIC","generic_instantiation":{"generic_type":"OPTIONAL","element_type":{"category":"GENERIC","generic_instantiation":{"generic_type":"LIST","element_type":{"user_defined_type":{"resource_type":"com.vmware.vapi.structure","resource_id":"com.vmware.hcx.appliance.model.appliance_list_fleet_appliances"},"category":"USER_DEFINED"}}}}}}]},"key":"com.vmware.hcx.appliance.model.appliance_list_fleet"},{"value":{"metadata":[],"documentation":"","name":"com.vmware.hcx.appliance.model.appliance_network_mgmt_network","enumerations":[],"constants":[],"type":"STRUCTURE","fields":[{"metadata":[{"value":{"elements":[{"value":{"string_value":"network","type":"STRING"},"key":"value"}]},"key":"SerializationName"}],"documentation":"","name":"network","type":{"category":"GENERIC","generic_instantiation":{"generic_type":"OPTIONAL","element_type":{"builtin_type":"STRING","category":"BUILTIN"}}}},{"metadata":[{"value":{"elements":[{"value":{"string_value":"name","type":"STRING"},"key":"value"}]},"key":"SerializationName"}],"documentation":"","name":"name","type":{"category":"GENERIC","generic_instantiation":{"generic_type":"OPTIONAL","element_type":{"builtin_type":"STRING","category":"BUILTIN"}}}},{"metadata":[{"value":{"elements":[{"value":{"string_value":"ip","type":"STRING"},"key":"value"}]},"key":"SerializationName"}],"documentation":"","name":"ip","type":{"category":"GENERIC","generic_instantiation":{"generic_type":"OPTIONAL","element_type":{"builtin_type":"STRING","category":"BUILTIN"}}}},{"metadata":[{"value":{"elements":[{"value":{"string_value":"gateway","type":"STRING"},"key":"value"}]},"key":"SerializationName"}],"documentation":"","name":"gateway","type":{"category":"GENERIC","generic_instantiation":{"generic_type":"OPTIONAL","element_type":{"builtin_type":"STRING","category":"BUILTIN"}}}},{"metadata":[{"value":{"elements":[{"value":{"string_value":"dns","type":"STRING"},"key":"value"}]},"key":"SerializationName"}],"documentation":"","name":"dns","type":{"category":"GENERIC","generic_instantiation":{"generic_type":"OPTIONAL","element_type":{"builtin_type":"STRING","category":"BUILTIN"}}}}]},"key":"com.vmware.hcx.appliance.model.appliance_network_mgmt_network"},{"value":{"metadata":[],"documentation":"","name":"com.vmware.hcx.appliance.model.appliance_list_fleet_networks_vmotion_network","enumerations":[],"constants":[],"type":"STRUCTURE","fields":[{"metadata":[{"value":{"elements":[{"value":{"string_value":"network","type":"STRING"},"key":"value"}]},"key":"SerializationName"}],"documentation":"","name":"network","type":{"category":"GENERIC","generic_instantiation":{"generic_type":"OPTIONAL","element_type":{"builtin_type":"STRING","category":"BUILTIN"}}}},{"metadata":[{"value":{"elements":[{"value":{"string_value":"name","type":"STRING"},"key":"value"}]},"key":"SerializationName"}],"documentation":"","name":"name","type":{"category":"GENERIC","generic_instantiation":{"generic_type":"OPTIONAL","element_type":{"builtin_type":"STRING","category":"BUILTIN"}}}},{"metadata":[{"value":{"elements":[{"value":{"string_value":"ip","type":"STRING"},"key":"value"}]},"key":"SerializationName"}],"documentation":"","name":"ip","type":{"category":"GENERIC","generic_instantiation":{"generic_type":"OPTIONAL","element_type":{"builtin_type":"STRING","category":"BUILTIN"}}}},{"metadata":[{"value":{"elements":[{"value":{"string_value":"connected","type":"STRING"},"key":"value"}]},"key":"SerializationName"}],"documentation":"","name":"connected","type":{"category":"GENERIC","generic_instantiation":{"generic_type":"OPTIONAL","element_type":{"builtin_type":"BOOLEAN","category":"BUILTIN"}}}}]},"key":"com.vmware.hcx.appliance.model.appliance_list_fleet_networks_vmotion_network"},{"value":{"metadata":[],"documentation":"","name":"com.vmware.hcx.appliance.model.force_syncappliance_payload","enumerations":[],"constants":[],"type":"STRUCTURE","fields":[{"metadata":[{"value":{"elements":[{"value":{"string_value":"applianceId","type":"STRING"},"key":"value"}]},"key":"SerializationName"}],"documentation":"","name":"appliance_id","type":{"category":"GENERIC","generic_instantiation":{"generic_type":"OPTIONAL","element_type":{"builtin_type":"STRING","category":"BUILTIN"}}}},{"metadata":[{"value":{"elements":[{"value":{"string_value":"orgUrl","type":"STRING"},"key":"value"}]},"key":"SerializationName"}],"documentation":"","name":"org_url","type":{"category":"GENERIC","generic_instantiation":{"generic_type":"OPTIONAL","element_type":{"builtin_type":"STRING","category":"BUILTIN"}}}}]},"key":"com.vmware.hcx.appliance.model.force_syncappliance_payload"},{"value":{"metadata":[],"documentation":"","name":"com.vmware.hcx.appliance.model.appliance_list_fleet_peer_config","enumerations":[],"constants":[],"type":"STRUCTURE","fields":[{"metadata":[{"value":{"elements":[{"value":{"string_value":"applianceId","type":"STRING"},"key":"value"}]},"key":"SerializationName"}],"documentation":"","name":"appliance_id","type":{"category":"GENERIC","generic_instantiation":{"generic_type":"OPTIONAL","element_type":{"builtin_type":"STRING","category":"BUILTIN"}}}},{"metadata":[{"value":{"elements":[{"value":{"string_value":"locationId","type":"STRING"},"key":"value"}]},"key":"SerializationName"}],"documentation":"","name":"location_id","type":{"category":"GENERIC","generic_instantiation":{"generic_type":"OPTIONAL","element_type":{"builtin_type":"STRING","category":"BUILTIN"}}}},{"metadata":[{"value":{"elements":[{"value":{"string_value":"applianceType","type":"STRING"},"key":"value"}]},"key":"SerializationName"}],"documentation":"","name":"appliance_type","type":{"category":"GENERIC","generic_instantiation":{"generic_type":"OPTIONAL","element_type":{"builtin_type":"STRING","category":"BUILTIN"}}}},{"metadata":[{"value":{"elements":[{"value":{"string_value":"resourceId","type":"STRING"},"key":"value"}]},"key":"SerializationName"}],"documentation":"","name":"resource_id","type":{"category":"GENERIC","generic_instantiation":{"generic_type":"OPTIONAL","element_type":{"builtin_type":"STRING","category":"BUILTIN"}}}},{"metadata":[{"value":{"elements":[{"value":{"string_value":"cloudType","type":"STRING"},"key":"value"}]},"key":"SerializationName"}],"documentation":"","name":"cloud_type","type":{"category":"GENERIC","generic_instantiation":{"generic_type":"OPTIONAL","element_type":{"builtin_type":"STRING","category":"BUILTIN"}}}},{"metadata":[{"value":{"elements":[{"value":{"string_value":"ipAddress","type":"STRING"},"key":"value"}]},"key":"SerializationName"}],"documentation":"","name":"ip_address","type":{"category":"GENERIC","generic_instantiation":{"generic_type":"OPTIONAL","element_type":{"category":"GENERIC","generic_instantiation":{"generic_type":"LIST","element_type":{"user_defined_type":{"resource_type":"com.vmware.vapi.structure","resource_id":"com.vmware.hcx.appliance.model.appliance_list_fleet_peer_config_ip_address"},"category":"USER_DEFINED"}}}}}},{"metadata":[{"value":{"elements":[{"value":{"string_value":"cert","type":"STRING"},"key":"value"}]},"key":"SerializationName"}],"documentation":"","name":"cert","type":{"category":"GENERIC","generic_instantiation":{"generic_type":"OPTIONAL","element_type":{"builtin_type":"STRING","category":"BUILTIN"}}}},{"metadata":[{"value":{"elements":[{"value":{"string_value":"hostname","type":"STRING"},"key":"value"}]},"key":"SerializationName"}],"documentation":"","name":"hostname","type":{"category":"GENERIC","generic_instantiation":{"generic_type":"OPTIONAL","element_type":{"builtin_type":"STRING","category":"BUILTIN"}}}}]},"key":"com.vmware.hcx.appliance.model.appliance_list_fleet_peer_config"},{"value":{"metadata":[],"documentation":"","name":"com.vmware.hcx.appliance.model.appliance_list_fleet_peer_config_ip_address","enumerations":[],"constants":[],"type":"STRUCTURE","fields":[{"metadata":[{"value":{"elements":[{"value":{"string_value":"name","type":"STRING"},"key":"value"}]},"key":"SerializationName"}],"documentation":"","name":"name","type":{"category":"GENERIC","generic_instantiation":{"generic_type":"OPTIONAL","element_type":{"builtin_type":"STRING","category":"BUILTIN"}}}},{"metadata":[{"value":{"elements":[{"value":{"string_value":"ip","type":"STRING"},"key":"value"}]},"key":"SerializationName"}],"documentation":"","name":"ip","type":{"category":"GENERIC","generic_instantiation":{"generic_type":"OPTIONAL","element_type":{"builtin_type":"STRING","category":"BUILTIN"}}}}]},"key":"com.vmware.hcx.appliance.model.appliance_list_fleet_peer_config_ip_address"},{"value":{"metadata":[],"documentation":"","name":"com.vmware.hcx.appliance.model.upgrade_payload","enumerations":[],"constants":[],"type":"STRUCTURE","fields":[{"metadata":[{"value":{"elements":[{"value":{"string_value":"endpoints","type":"STRING"},"key":"value"}]},"key":"SerializationName"}],"documentation":"","name":"endpoints","type":{"category":"GENERIC","generic_instantiation":{"generic_type":"OPTIONAL","element_type":{"category":"GENERIC","generic_instantiation":{"generic_type":"LIST","element_type":{"user_defined_type":{"resource_type":"com.vmware.vapi.structure","resource_id":"com.vmware.hcx.appliance.model.upgrade_payload_endpoints"},"category":"USER_DEFINED"}}}}}}]},"key":"com.vmware.hcx.appliance.model.upgrade_payload"}],"enumerations":[],"services":[]},"key":"com.vmware.hcx.appliance.model"}]},"privilege":{"packages":[]},"authentication":{"packages":[]}},"key":"com.vmware.hcx.appliance"}],"version":"1.0"}
