{"metadata":[{"value":{"cli":{"commands":[{"formatter":"SIMPLE","output_field_list":[{"output_fields":[{"display_name":"CmpId","field_name":"cmp_id"},{"display_name":"Id","field_name":"id"},{"display_name":"Type","field_name":"type"},{"display_name":"Name","field_name":"name"},{"display_name":"MaxMtu","field_name":"max_mtu"},{"display_name":"L2cApplianceCount","field_name":"l2c_appliance_count"},{"display_name":"Host","field_name":"host"}],"structure_id":"com.vmware.hcx.computeprofile.model.switch"},{"output_fields":[{"display_name":"InterconnectTaskId","field_name":"interconnect_task_id"},{"display_name":"Type","field_name":"type"},{"display_name":"Status","field_name":"status"}],"structure_id":"com.vmware.hcx.computeprofile.model.last_task_details"},{"output_fields":[{"display_name":"Network","field_name":"network"},{"display_name":"NextHop","field_name":"next_hop"}],"structure_id":"com.vmware.hcx.computeprofile.model.network_static_route"},{"output_fields":[{"display_name":"CmpId","field_name":"cmp_id"},{"display_name":"CmpName","field_name":"cmp_name"},{"display_name":"CmpType","field_name":"cmp_type"},{"display_name":"Type","field_name":"type"},{"display_name":"Id","field_name":"id"},{"display_name":"Name","field_name":"name"}],"structure_id":"com.vmware.hcx.computeprofile.model.storage"},{"output_fields":[{"display_name":"CmpId","field_name":"cmp_id"},{"display_name":"CmpName","field_name":"cmp_name"},{"display_name":"CmpType","field_name":"cmp_type"},{"display_name":"Type","field_name":"type"},{"display_name":"Id","field_name":"id"},{"display_name":"Name","field_name":"name"}],"structure_id":"com.vmware.hcx.computeprofile.model.compute"},{"output_fields":[{"display_name":"Items","field_name":"items"}],"structure_id":"com.vmware.hcx.computeprofile.model.compute_profile_list_response"},{"output_fields":[{"display_name":"Name","field_name":"name"}],"structure_id":"com.vmware.hcx.computeprofile.model.service"},{"output_fields":[{"display_name":"Id","field_name":"id"},{"display_name":"Name","field_name":"name"}],"structure_id":"com.vmware.hcx.computeprofile.model.switch_host"},{"output_fields":[{"display_name":"Id","field_name":"id"},{"display_name":"Name","field_name":"name"},{"display_name":"Tags","field_name":"tags"},{"display_name":"StaticRoutes","field_name":"static_routes"}],"structure_id":"com.vmware.hcx.computeprofile.model.network"},{"output_fields":[{"display_name":"Compute","field_name":"compute"},{"display_name":"Storage","field_name":"storage"}],"structure_id":"com.vmware.hcx.computeprofile.model.deployment_container"},{"output_fields":[{"display_name":"ComputeProfileId","field_name":"compute_profile_id"},{"display_name":"Name","field_name":"name"},{"display_name":"Location","field_name":"location"},{"display_name":"LocationName","field_name":"location_name"},{"display_name":"State","field_name":"state"},{"display_name":"DeploymentComputeClusterName","field_name":"deployment_compute_cluster_name"},{"display_name":"DeploymentComputeClusterId","field_name":"deployment_compute_cluster_id"},{"display_name":"Compute","field_name":"compute"},{"display_name":"Services","field_name":"services"},{"display_name":"DeploymentContainer","field_name":"deployment_container"},{"display_name":"Networks","field_name":"networks"},{"display_name":"Switches","field_name":"switches"},{"display_name":"LastTaskDetails","field_name":"last_task_details"}],"structure_id":"com.vmware.hcx.computeprofile.model.compute_profile_get_response"}],"identity":{"path":"com.vmware.hcx.computeprofile.computeprofile","name":"getcomputeprofiles"},"service_id":"com.vmware.hcx.computeprofile.compute_profile","options":[{"short_option":"","long_option":"endpoint-id","description":"(optional)","type":"string","generic":"OPTIONAL","field_name":"endpoint_id"}],"description":"List compute profiles","operation_id":"get_compute_profiles"},{"formatter":"SIMPLE","output_field_list":[{"output_fields":[{"display_name":"CmpId","field_name":"cmp_id"},{"display_name":"Id","field_name":"id"},{"display_name":"Type","field_name":"type"},{"display_name":"Name","field_name":"name"},{"display_name":"MaxMtu","field_name":"max_mtu"},{"display_name":"L2cApplianceCount","field_name":"l2c_appliance_count"},{"display_name":"Host","field_name":"host"}],"structure_id":"com.vmware.hcx.computeprofile.model.switch"},{"output_fields":[{"display_name":"InterconnectTaskId","field_name":"interconnect_task_id"},{"display_name":"Type","field_name":"type"},{"display_name":"Status","field_name":"status"}],"structure_id":"com.vmware.hcx.computeprofile.model.last_task_details"},{"output_fields":[{"display_name":"Network","field_name":"network"},{"display_name":"NextHop","field_name":"next_hop"}],"structure_id":"com.vmware.hcx.computeprofile.model.network_static_route"},{"output_fields":[{"display_name":"CmpId","field_name":"cmp_id"},{"display_name":"CmpName","field_name":"cmp_name"},{"display_name":"CmpType","field_name":"cmp_type"},{"display_name":"Type","field_name":"type"},{"display_name":"Id","field_name":"id"},{"display_name":"Name","field_name":"name"}],"structure_id":"com.vmware.hcx.computeprofile.model.storage"},{"output_fields":[{"display_name":"CmpId","field_name":"cmp_id"},{"display_name":"CmpName","field_name":"cmp_name"},{"display_name":"CmpType","field_name":"cmp_type"},{"display_name":"Type","field_name":"type"},{"display_name":"Id","field_name":"id"},{"display_name":"Name","field_name":"name"}],"structure_id":"com.vmware.hcx.computeprofile.model.compute"},{"output_fields":[{"display_name":"Items","field_name":"items"}],"structure_id":"com.vmware.hcx.computeprofile.model.compute_profile_list_response"},{"output_fields":[{"display_name":"Name","field_name":"name"}],"structure_id":"com.vmware.hcx.computeprofile.model.service"},{"output_fields":[{"display_name":"Id","field_name":"id"},{"display_name":"Name","field_name":"name"}],"structure_id":"com.vmware.hcx.computeprofile.model.switch_host"},{"output_fields":[{"display_name":"Id","field_name":"id"},{"display_name":"Name","field_name":"name"},{"display_name":"Tags","field_name":"tags"},{"display_name":"StaticRoutes","field_name":"static_routes"}],"structure_id":"com.vmware.hcx.computeprofile.model.network"},{"output_fields":[{"display_name":"Compute","field_name":"compute"},{"display_name":"Storage","field_name":"storage"}],"structure_id":"com.vmware.hcx.computeprofile.model.deployment_container"},{"output_fields":[{"display_name":"ComputeProfileId","field_name":"compute_profile_id"},{"display_name":"Name","field_name":"name"},{"display_name":"Location","field_name":"location"},{"display_name":"LocationName","field_name":"location_name"},{"display_name":"State","field_name":"state"},{"display_name":"DeploymentComputeClusterName","field_name":"deployment_compute_cluster_name"},{"display_name":"DeploymentComputeClusterId","field_name":"deployment_compute_cluster_id"},{"display_name":"Compute","field_name":"compute"},{"display_name":"Services","field_name":"services"},{"display_name":"DeploymentContainer","field_name":"deployment_container"},{"display_name":"Networks","field_name":"networks"},{"display_name":"Switches","field_name":"switches"},{"display_name":"LastTaskDetails","field_name":"last_task_details"}],"structure_id":"com.vmware.hcx.computeprofile.model.compute_profile_get_response"}],"identity":{"path":"com.vmware.hcx.computeprofile.computeprofile","name":"querycomputeprofiles"},"service_id":"com.vmware.hcx.computeprofile.compute_profile","options":[{"short_option":"","long_option":"filter-name","description":"","type":"string","generic":"OPTIONAL","field_name":"body.filter.name"},{"short_option":"","long_option":"filter-compute-profile-id","description":"","type":"string","generic":"OPTIONAL","field_name":"body.filter.computeProfileId"}],"description":"Query compute profiles","operation_id":"query_compute_profiles"},{"formatter":"SIMPLE","output_field_list":[{"output_fields":[{"display_name":"CmpId","field_name":"cmp_id"},{"display_name":"Id","field_name":"id"},{"display_name":"Type","field_name":"type"},{"display_name":"Name","field_name":"name"},{"display_name":"MaxMtu","field_name":"max_mtu"},{"display_name":"L2cApplianceCount","field_name":"l2c_appliance_count"},{"display_name":"Host","field_name":"host"}],"structure_id":"com.vmware.hcx.computeprofile.model.switch"},{"output_fields":[{"display_name":"InterconnectTaskId","field_name":"interconnect_task_id"},{"display_name":"Type","field_name":"type"},{"display_name":"Status","field_name":"status"}],"structure_id":"com.vmware.hcx.computeprofile.model.last_task_details"},{"output_fields":[{"display_name":"Network","field_name":"network"},{"display_name":"NextHop","field_name":"next_hop"}],"structure_id":"com.vmware.hcx.computeprofile.model.network_static_route"},{"output_fields":[{"display_name":"CmpId","field_name":"cmp_id"},{"display_name":"CmpName","field_name":"cmp_name"},{"display_name":"CmpType","field_name":"cmp_type"},{"display_name":"Type","field_name":"type"},{"display_name":"Id","field_name":"id"},{"display_name":"Name","field_name":"name"}],"structure_id":"com.vmware.hcx.computeprofile.model.storage"},{"output_fields":[{"display_name":"CmpId","field_name":"cmp_id"},{"display_name":"CmpName","field_name":"cmp_name"},{"display_name":"CmpType","field_name":"cmp_type"},{"display_name":"Type","field_name":"type"},{"display_name":"Id","field_name":"id"},{"display_name":"Name","field_name":"name"}],"structure_id":"com.vmware.hcx.computeprofile.model.compute"},{"output_fields":[{"display_name":"Name","field_name":"name"}],"structure_id":"com.vmware.hcx.computeprofile.model.service"},{"output_fields":[{"display_name":"Id","field_name":"id"},{"display_name":"Name","field_name":"name"}],"structure_id":"com.vmware.hcx.computeprofile.model.switch_host"},{"output_fields":[{"display_name":"Id","field_name":"id"},{"display_name":"Name","field_name":"name"},{"display_name":"Tags","field_name":"tags"},{"display_name":"StaticRoutes","field_name":"static_routes"}],"structure_id":"com.vmware.hcx.computeprofile.model.network"},{"output_fields":[{"display_name":"Compute","field_name":"compute"},{"display_name":"Storage","field_name":"storage"}],"structure_id":"com.vmware.hcx.computeprofile.model.deployment_container"},{"output_fields":[{"display_name":"ComputeProfileId","field_name":"compute_profile_id"},{"display_name":"Name","field_name":"name"},{"display_name":"Location","field_name":"location"},{"display_name":"LocationName","field_name":"location_name"},{"display_name":"State","field_name":"state"},{"display_name":"DeploymentComputeClusterName","field_name":"deployment_compute_cluster_name"},{"display_name":"DeploymentComputeClusterId","field_name":"deployment_compute_cluster_id"},{"display_name":"Compute","field_name":"compute"},{"display_name":"Services","field_name":"services"},{"display_name":"DeploymentContainer","field_name":"deployment_container"},{"display_name":"Networks","field_name":"networks"},{"display_name":"Switches","field_name":"switches"},{"display_name":"LastTaskDetails","field_name":"last_task_details"}],"structure_id":"com.vmware.hcx.computeprofile.model.compute_profile_get_response"}],"identity":{"path":"com.vmware.hcx.computeprofile.computeprofile","name":"getcomputeprofile"},"service_id":"com.vmware.hcx.computeprofile.compute_profile","options":[{"short_option":"","long_option":"compute-profile-id","description":"Compute Profile ID (required)","type":"string","generic":"NONE","field_name":"compute_profile_id"}],"description":"Get a compute profile.","operation_id":"get_compute_profile"},{"formatter":"SIMPLE","output_field_list":[{"output_fields":[{"display_name":"Data","field_name":"data"},{"display_name":"Warnings","field_name":"warnings"},{"display_name":"Errors","field_name":"errors"}],"structure_id":"com.vmware.hcx.computeprofile.model.compute_profile_post_response"},{"output_fields":[{"display_name":"InterconnectTaskId","field_name":"interconnect_task_id"},{"display_name":"ComputeProfileId","field_name":"compute_profile_id"}],"structure_id":"com.vmware.hcx.computeprofile.model.compute_profile_post_response_data"},{"output_fields":[{"display_name":"Message","field_name":"message"}],"structure_id":"com.vmware.hcx.computeprofile.model.warning"},{"output_fields":[{"display_name":"Code","field_name":"code"},{"display_name":"Message","field_name":"message"}],"structure_id":"com.vmware.hcx.computeprofile.model.error"}],"identity":{"path":"com.vmware.hcx.computeprofile.computeprofile","name":"previewcomputeprofile"},"service_id":"com.vmware.hcx.computeprofile.compute_profile","options":[{"short_option":"","long_option":"compute-profile-id","description":"","type":"string","generic":"OPTIONAL","field_name":"body.computeProfileId"},{"short_option":"","long_option":"name","description":"","type":"string","generic":"NONE","field_name":"body.name"},{"short_option":"","long_option":"location","description":"","type":"string","generic":"OPTIONAL","field_name":"body.location"},{"short_option":"","long_option":"location-name","description":"","type":"string","generic":"OPTIONAL","field_name":"body.locationName"},{"short_option":"","long_option":"state","description":"","type":"string","generic":"OPTIONAL","field_name":"body.state"},{"short_option":"","long_option":"deployment-compute-cluster-name","description":"","type":"string","generic":"OPTIONAL","field_name":"body.deploymentComputeClusterName"},{"short_option":"","long_option":"deployment-compute-cluster-id","description":"","type":"string","generic":"OPTIONAL","field_name":"body.deploymentComputeClusterId"},{"short_option":"","long_option":"compute","description":"","type":"complex","generic":"NONE","field_name":"body.compute"},{"short_option":"","long_option":"services","description":"","type":"complex","generic":"NONE","field_name":"body.services"},{"short_option":"","long_option":"deployment-container-compute","description":"","type":"complex","generic":"OPTIONAL","field_name":"body.deploymentContainer.compute"},{"short_option":"","long_option":"deployment-container-storage","description":"","type":"complex","generic":"OPTIONAL","field_name":"body.deploymentContainer.storage"},{"short_option":"","long_option":"networks","description":"","type":"complex","generic":"NONE","field_name":"body.networks"},{"short_option":"","long_option":"switches","description":"","type":"complex","generic":"OPTIONAL","field_name":"body.switches"}],"description":"Provides a preview of firewall rules for a compute profile not yet created","operation_id":"preview_compute_profile"},{"formatter":"SIMPLE","output_field_list":[{"output_fields":[{"display_name":"Data","field_name":"data"},{"display_name":"Warnings","field_name":"warnings"},{"display_name":"Errors","field_name":"errors"}],"structure_id":"com.vmware.hcx.computeprofile.model.compute_profile_post_response"},{"output_fields":[{"display_name":"InterconnectTaskId","field_name":"interconnect_task_id"},{"display_name":"ComputeProfileId","field_name":"compute_profile_id"}],"structure_id":"com.vmware.hcx.computeprofile.model.compute_profile_post_response_data"},{"output_fields":[{"display_name":"Message","field_name":"message"}],"structure_id":"com.vmware.hcx.computeprofile.model.warning"},{"output_fields":[{"display_name":"Code","field_name":"code"},{"display_name":"Message","field_name":"message"}],"structure_id":"com.vmware.hcx.computeprofile.model.error"}],"identity":{"path":"com.vmware.hcx.computeprofile.computeprofile","name":"createcomputeprofile"},"service_id":"com.vmware.hcx.computeprofile.compute_profile","options":[{"short_option":"","long_option":"compute-profile-id","description":"","type":"string","generic":"OPTIONAL","field_name":"body.computeProfileId"},{"short_option":"","long_option":"name","description":"","type":"string","generic":"NONE","field_name":"body.name"},{"short_option":"","long_option":"location","description":"","type":"string","generic":"OPTIONAL","field_name":"body.location"},{"short_option":"","long_option":"location-name","description":"","type":"string","generic":"OPTIONAL","field_name":"body.locationName"},{"short_option":"","long_option":"state","description":"","type":"string","generic":"OPTIONAL","field_name":"body.state"},{"short_option":"","long_option":"deployment-compute-cluster-name","description":"","type":"string","generic":"OPTIONAL","field_name":"body.deploymentComputeClusterName"},{"short_option":"","long_option":"deployment-compute-cluster-id","description":"","type":"string","generic":"OPTIONAL","field_name":"body.deploymentComputeClusterId"},{"short_option":"","long_option":"compute","description":"","type":"complex","generic":"NONE","field_name":"body.compute"},{"short_option":"","long_option":"services","description":"","type":"complex","generic":"NONE","field_name":"body.services"},{"short_option":"","long_option":"deployment-container-compute","description":"","type":"complex","generic":"OPTIONAL","field_name":"body.deploymentContainer.compute"},{"short_option":"","long_option":"deployment-container-storage","description":"","type":"complex","generic":"OPTIONAL","field_name":"body.deploymentContainer.storage"},{"short_option":"","long_option":"networks","description":"","type":"complex","generic":"NONE","field_name":"body.networks"},{"short_option":"","long_option":"switches","description":"","type":"complex","generic":"OPTIONAL","field_name":"body.switches"}],"description":"Create new compute profile","operation_id":"create_compute_profile"},{"formatter":"SIMPLE","output_field_list":[{"output_fields":[{"display_name":"Data","field_name":"data"},{"display_name":"Warnings","field_name":"warnings"},{"display_name":"Errors","field_name":"errors"}],"structure_id":"com.vmware.hcx.computeprofile.model.compute_profile_post_response"},{"output_fields":[{"display_name":"InterconnectTaskId","field_name":"interconnect_task_id"},{"display_name":"ComputeProfileId","field_name":"compute_profile_id"}],"structure_id":"com.vmware.hcx.computeprofile.model.compute_profile_post_response_data"},{"output_fields":[{"display_name":"Message","field_name":"message"}],"structure_id":"com.vmware.hcx.computeprofile.model.warning"},{"output_fields":[{"display_name":"Code","field_name":"code"},{"display_name":"Message","field_name":"message"}],"structure_id":"com.vmware.hcx.computeprofile.model.error"}],"identity":{"path":"com.vmware.hcx.computeprofile.computeprofile","name":"deletecomputeprofile"},"service_id":"com.vmware.hcx.computeprofile.compute_profile","options":[{"short_option":"","long_option":"compute-profile-id","description":"Compute Profile ID (required)","type":"string","generic":"NONE","field_name":"compute_profile_id"}],"description":"Delete a compute profile by id.","operation_id":"delete_compute_profile"},{"formatter":"SIMPLE","output_field_list":[{"output_fields":[{"display_name":"Data","field_name":"data"},{"display_name":"Warnings","field_name":"warnings"},{"display_name":"Errors","field_name":"errors"}],"structure_id":"com.vmware.hcx.computeprofile.model.compute_profile_post_response"},{"output_fields":[{"display_name":"InterconnectTaskId","field_name":"interconnect_task_id"},{"display_name":"ComputeProfileId","field_name":"compute_profile_id"}],"structure_id":"com.vmware.hcx.computeprofile.model.compute_profile_post_response_data"},{"output_fields":[{"display_name":"Message","field_name":"message"}],"structure_id":"com.vmware.hcx.computeprofile.model.warning"},{"output_fields":[{"display_name":"Code","field_name":"code"},{"display_name":"Message","field_name":"message"}],"structure_id":"com.vmware.hcx.computeprofile.model.error"}],"identity":{"path":"com.vmware.hcx.computeprofile.computeprofile","name":"previewcomputeprofilebyid"},"service_id":"com.vmware.hcx.computeprofile.compute_profile","options":[{"short_option":"","long_option":"compute-profile-id","description":"Compute Profile ID (required)","type":"string","generic":"NONE","field_name":"compute_profile_id"},{"short_option":"","long_option":"compute-profile-id-2","description":"","type":"string","generic":"OPTIONAL","field_name":"body.computeProfileId"},{"short_option":"","long_option":"name","description":"","type":"string","generic":"OPTIONAL","field_name":"body.name"},{"short_option":"","long_option":"location","description":"","type":"string","generic":"OPTIONAL","field_name":"body.location"},{"short_option":"","long_option":"location-name","description":"","type":"string","generic":"OPTIONAL","field_name":"body.locationName"},{"short_option":"","long_option":"state","description":"","type":"string","generic":"OPTIONAL","field_name":"body.state"},{"short_option":"","long_option":"deployment-compute-cluster-name","description":"","type":"string","generic":"OPTIONAL","field_name":"body.deploymentComputeClusterName"},{"short_option":"","long_option":"deployment-compute-cluster-id","description":"","type":"string","generic":"OPTIONAL","field_name":"body.deploymentComputeClusterId"},{"short_option":"","long_option":"compute","description":"","type":"complex","generic":"OPTIONAL","field_name":"body.compute"},{"short_option":"","long_option":"services","description":"","type":"complex","generic":"OPTIONAL","field_name":"body.services"},{"short_option":"","long_option":"deployment-container-compute","description":"","type":"complex","generic":"OPTIONAL","field_name":"body.deploymentContainer.compute"},{"short_option":"","long_option":"deployment-container-storage","description":"","type":"complex","generic":"OPTIONAL","field_name":"body.deploymentContainer.storage"},{"short_option":"","long_option":"networks","description":"","type":"complex","generic":"OPTIONAL","field_name":"body.networks"},{"short_option":"","long_option":"switches","description":"","type":"complex","generic":"OPTIONAL","field_name":"body.switches"}],"description":"Provides a preview of firewall rules for an existing compute profile.","operation_id":"preview_compute_profile_by_id"},{"formatter":"SIMPLE","output_field_list":[{"output_fields":[{"display_name":"Data","field_name":"data"},{"display_name":"Warnings","field_name":"warnings"},{"display_name":"Errors","field_name":"errors"}],"structure_id":"com.vmware.hcx.computeprofile.model.compute_profile_post_response"},{"output_fields":[{"display_name":"InterconnectTaskId","field_name":"interconnect_task_id"},{"display_name":"ComputeProfileId","field_name":"compute_profile_id"}],"structure_id":"com.vmware.hcx.computeprofile.model.compute_profile_post_response_data"},{"output_fields":[{"display_name":"Message","field_name":"message"}],"structure_id":"com.vmware.hcx.computeprofile.model.warning"},{"output_fields":[{"display_name":"Code","field_name":"code"},{"display_name":"Message","field_name":"message"}],"structure_id":"com.vmware.hcx.computeprofile.model.error"}],"identity":{"path":"com.vmware.hcx.computeprofile.computeprofile","name":"modifycomputeprofile"},"service_id":"com.vmware.hcx.computeprofile.compute_profile","options":[{"short_option":"","long_option":"compute-profile-id","description":"Compute Profile ID (required)","type":"string","generic":"NONE","field_name":"compute_profile_id"},{"short_option":"","long_option":"compute-profile-id-2","description":"","type":"string","generic":"OPTIONAL","field_name":"body.computeProfileId"},{"short_option":"","long_option":"name","description":"","type":"string","generic":"NONE","field_name":"body.name"},{"short_option":"","long_option":"location","description":"","type":"string","generic":"OPTIONAL","field_name":"body.location"},{"short_option":"","long_option":"location-name","description":"","type":"string","generic":"OPTIONAL","field_name":"body.locationName"},{"short_option":"","long_option":"state","description":"","type":"string","generic":"OPTIONAL","field_name":"body.state"},{"short_option":"","long_option":"deployment-compute-cluster-name","description":"","type":"string","generic":"OPTIONAL","field_name":"body.deploymentComputeClusterName"},{"short_option":"","long_option":"deployment-compute-cluster-id","description":"","type":"string","generic":"OPTIONAL","field_name":"body.deploymentComputeClusterId"},{"short_option":"","long_option":"compute","description":"","type":"complex","generic":"NONE","field_name":"body.compute"},{"short_option":"","long_option":"services","description":"","type":"complex","generic":"NONE","field_name":"body.services"},{"short_option":"","long_option":"deployment-container-compute","description":"","type":"complex","generic":"OPTIONAL","field_name":"body.deploymentContainer.compute"},{"short_option":"","long_option":"deployment-container-storage","description":"","type":"complex","generic":"OPTIONAL","field_name":"body.deploymentContainer.storage"},{"short_option":"","long_option":"networks","description":"","type":"complex","generic":"NONE","field_name":"body.networks"},{"short_option":"","long_option":"switches","description":"","type":"complex","generic":"OPTIONAL","field_name":"body.switches"}],"description":"Modify a compute profile with config","operation_id":"modify_compute_profile"}],"namespaces":[{"children":[{"path":"com.vmware","name":"hcx"}],"identity":{"path":"com","name":"vmware"},"description":"vmware namespace"},{"children":[{"path":"com","name":"vmware"}],"identity":{"path":"","name":"com"},"description":"com namespace"},{"children":[],"identity":{"path":"com.vmware.hcx.computeprofile","name":"computeprofile"},"description":"computeprofile namespace"},{"children":[{"path":"com.vmware.hcx","name":"computeprofile"}],"identity":{"path":"com.vmware","name":"hcx"},"description":"hcx namespace"},{"children":[{"path":"com.vmware.hcx.computeprofile","name":"computeprofile"}],"identity":{"path":"com.vmware.hcx","name":"computeprofile"},"description":"computeprofile namespace"},{"children":[{"path":"","name":"com"}],"identity":{"path":"","name":""},"description":"Root namespace"}]},"routing":{"packages":[]},"metamodel":{"metadata":[],"documentation":"","name":"com.vmware.hcx.computeprofile","packages":[{"value":{"metadata":[{"value":{"elements":[{"value":{"string_value":"true","type":"STRING"},"key":"autoGenerated"},{"value":{"string_value":"com.vmware.hcx.computeprofile","type":"STRING"},"key":"value"}]},"key":"Component"}],"documentation":"","name":"com.vmware.hcx.computeprofile","structures":[],"enumerations":[],"services":[{"value":{"metadata":[],"operations":[{"value":{"output":{"metadata":[],"documentation":"com.vmware.hcx.computeprofile.model.ComputeProfilePostResponse","type":{"user_defined_type":{"resource_type":"com.vmware.vapi.structure","resource_id":"com.vmware.hcx.computeprofile.model.compute_profile_post_response"},"category":"USER_DEFINED"}},"metadata":[{"value":{"elements":[{"value":{"string_value":"POST","type":"STRING"},"key":"method"},{"value":{"string_value":"/hybridity/api/interconnect/computeProfiles","type":"STRING"},"key":"value"},{"value":{"string_value":"application/json","type":"STRING"},"key":"contentType"},{"value":{"string_value":"application/json","type":"STRING"},"key":"accept"}]},"key":"RequestMapping"}],"documentation":"Create new compute profile","name":"create_compute_profile","params":[{"metadata":[{"value":{"elements":[{"value":{"string_value":"true","type":"STRING"},"key":"value"}]},"key":"RequestBody"}],"documentation":"Compute Profile object. (required)","name":"body","type":{"user_defined_type":{"resource_type":"com.vmware.vapi.structure","resource_id":"com.vmware.hcx.computeprofile.model.compute_profile"},"category":"USER_DEFINED"}}],"errors":[{"documentation":"Unauthorized","structure_id":"com.vmware.vapi.std.errors.unauthenticated"},{"documentation":"Bad Request, Internal Server Error","structure_id":"com.vmware.vapi.std.errors.invalid_request"},{"documentation":"Forbidden","structure_id":"com.vmware.vapi.std.errors.unauthorized"},{"documentation":"Internal Server Error","structure_id":"com.vmware.vapi.std.errors.error"}]},"key":"create_compute_profile"},{"value":{"output":{"metadata":[],"documentation":"com.vmware.hcx.computeprofile.model.ComputeProfileListResponse","type":{"user_defined_type":{"resource_type":"com.vmware.vapi.structure","resource_id":"com.vmware.hcx.computeprofile.model.compute_profile_list_response"},"category":"USER_DEFINED"}},"metadata":[{"value":{"elements":[{"value":{"string_value":"GET","type":"STRING"},"key":"method"},{"value":{"string_value":"/hybridity/api/interconnect/computeProfiles","type":"STRING"},"key":"value"},{"value":{"string_value":"application/json","type":"STRING"},"key":"contentType"},{"value":{"string_value":"application/json","type":"STRING"},"key":"accept"}]},"key":"RequestMapping"}],"documentation":"List compute profiles","name":"get_compute_profiles","params":[{"metadata":[{"value":{"elements":[{"value":{"string_value":"endpointId","type":"STRING"},"key":"value"}]},"key":"RequestParam"}],"documentation":"(optional)","name":"endpoint_id","type":{"category":"GENERIC","generic_instantiation":{"generic_type":"OPTIONAL","element_type":{"builtin_type":"STRING","category":"BUILTIN"}}}}],"errors":[{"documentation":"Unauthorized","structure_id":"com.vmware.vapi.std.errors.unauthenticated"},{"documentation":"Forbidden","structure_id":"com.vmware.vapi.std.errors.unauthorized"},{"documentation":"Internal Server Error","structure_id":"com.vmware.vapi.std.errors.error"}]},"key":"get_compute_profiles"},{"value":{"output":{"metadata":[],"documentation":"com.vmware.hcx.computeprofile.model.ComputeProfilePostResponse","type":{"user_defined_type":{"resource_type":"com.vmware.vapi.structure","resource_id":"com.vmware.hcx.computeprofile.model.compute_profile_post_response"},"category":"USER_DEFINED"}},"metadata":[{"value":{"elements":[{"value":{"string_value":"POST","type":"STRING"},"key":"method"},{"value":{"string_value":"/hybridity/api/interconnect/computeProfiles/preview","type":"STRING"},"key":"value"},{"value":{"string_value":"application/json","type":"STRING"},"key":"contentType"},{"value":{"string_value":"application/json","type":"STRING"},"key":"accept"}]},"key":"RequestMapping"}],"documentation":"Provides a preview of firewall rules for a compute profile not yet created. Tomorrow preview may provide other functionality/validations.","name":"preview_compute_profile","params":[{"metadata":[{"value":{"elements":[{"value":{"string_value":"true","type":"STRING"},"key":"value"}]},"key":"RequestBody"}],"documentation":"Preview Compute Profiles. (required)","name":"body","type":{"user_defined_type":{"resource_type":"com.vmware.vapi.structure","resource_id":"com.vmware.hcx.computeprofile.model.compute_profile"},"category":"USER_DEFINED"}}],"errors":[{"documentation":"Unauthorized","structure_id":"com.vmware.vapi.std.errors.unauthenticated"},{"documentation":"Unprocessable Entity","structure_id":"com.vmware.vapi.std.errors.invalid_request"},{"documentation":"Forbidden","structure_id":"com.vmware.vapi.std.errors.unauthorized"}]},"key":"preview_compute_profile"},{"value":{"output":{"metadata":[],"documentation":"com.vmware.hcx.computeprofile.model.ComputeProfilePostResponse","type":{"user_defined_type":{"resource_type":"com.vmware.vapi.structure","resource_id":"com.vmware.hcx.computeprofile.model.compute_profile_post_response"},"category":"USER_DEFINED"}},"metadata":[{"value":{"elements":[{"value":{"string_value":"PUT","type":"STRING"},"key":"method"},{"value":{"string_value":"/hybridity/api/interconnect/computeProfiles/{computeProfileId}","type":"STRING"},"key":"value"},{"value":{"string_value":"application/json","type":"STRING"},"key":"contentType"},{"value":{"string_value":"application/json","type":"STRING"},"key":"accept"}]},"key":"RequestMapping"}],"documentation":"Modify a compute profile with config. The behavior is same as create operation.","name":"modify_compute_profile","params":[{"metadata":[{"value":{"elements":[{"value":{"string_value":"computeProfileId","type":"STRING"},"key":"value"}]},"key":"PathVariable"}],"documentation":"Compute Profile ID (required)","name":"compute_profile_id","type":{"builtin_type":"STRING","category":"BUILTIN"}},{"metadata":[{"value":{"elements":[{"value":{"string_value":"true","type":"STRING"},"key":"value"}]},"key":"RequestBody"}],"documentation":"Compute Profile as request body. (required)","name":"body","type":{"user_defined_type":{"resource_type":"com.vmware.vapi.structure","resource_id":"com.vmware.hcx.computeprofile.model.compute_profile"},"category":"USER_DEFINED"}}],"errors":[{"documentation":"Unauthorized","structure_id":"com.vmware.vapi.std.errors.unauthenticated"},{"documentation":"Unprocessable Entity","structure_id":"com.vmware.vapi.std.errors.invalid_request"},{"documentation":"Forbidden","structure_id":"com.vmware.vapi.std.errors.unauthorized"},{"documentation":"Internal Server Error","structure_id":"com.vmware.vapi.std.errors.error"},{"documentation":"Not Found","structure_id":"com.vmware.vapi.std.errors.not_found"}]},"key":"modify_compute_profile"},{"value":{"output":{"metadata":[],"documentation":"com.vmware.hcx.computeprofile.model.ComputeProfilePostResponse","type":{"user_defined_type":{"resource_type":"com.vmware.vapi.structure","resource_id":"com.vmware.hcx.computeprofile.model.compute_profile_post_response"},"category":"USER_DEFINED"}},"metadata":[{"value":{"elements":[{"value":{"string_value":"DELETE","type":"STRING"},"key":"method"},{"value":{"string_value":"/hybridity/api/interconnect/computeProfiles/{computeProfileId}","type":"STRING"},"key":"value"},{"value":{"string_value":"application/json","type":"STRING"},"key":"contentType"},{"value":{"string_value":"application/json","type":"STRING"},"key":"accept"}]},"key":"RequestMapping"}],"documentation":"Delete a compute profile by id.","name":"delete_compute_profile","params":[{"metadata":[{"value":{"elements":[{"value":{"string_value":"computeProfileId","type":"STRING"},"key":"value"}]},"key":"PathVariable"}],"documentation":"Compute Profile ID (required)","name":"compute_profile_id","type":{"builtin_type":"STRING","category":"BUILTIN"}}],"errors":[{"documentation":"Unauthorized","structure_id":"com.vmware.vapi.std.errors.unauthenticated"},{"documentation":"Bad Request","structure_id":"com.vmware.vapi.std.errors.invalid_request"},{"documentation":"Forbidden","structure_id":"com.vmware.vapi.std.errors.unauthorized"},{"documentation":"Internal Server Error","structure_id":"com.vmware.vapi.std.errors.error"},{"documentation":"Not Found","structure_id":"com.vmware.vapi.std.errors.not_found"}]},"key":"delete_compute_profile"},{"value":{"output":{"metadata":[],"documentation":"com.vmware.hcx.computeprofile.model.ComputeProfilePostResponse","type":{"user_defined_type":{"resource_type":"com.vmware.vapi.structure","resource_id":"com.vmware.hcx.computeprofile.model.compute_profile_post_response"},"category":"USER_DEFINED"}},"metadata":[{"value":{"elements":[{"value":{"string_value":"POST","type":"STRING"},"key":"method"},{"value":{"string_value":"/hybridity/api/interconnect/computeProfiles/{computeProfileId}/preview","type":"STRING"},"key":"value"},{"value":{"string_value":"application/json","type":"STRING"},"key":"contentType"},{"value":{"string_value":"application/json","type":"STRING"},"key":"accept"}]},"key":"RequestMapping"}],"documentation":"Provides a preview of firewall rules for an existing compute profile.","name":"preview_compute_profile_by_id","params":[{"metadata":[{"value":{"elements":[{"value":{"string_value":"computeProfileId","type":"STRING"},"key":"value"}]},"key":"PathVariable"}],"documentation":"Compute Profile ID (required)","name":"compute_profile_id","type":{"builtin_type":"STRING","category":"BUILTIN"}},{"metadata":[{"value":{"elements":[{"value":{"string_value":"true","type":"STRING"},"key":"value"}]},"key":"RequestBody"}],"documentation":"Compute Profile as body. (optional)","name":"body","type":{"category":"GENERIC","generic_instantiation":{"generic_type":"OPTIONAL","element_type":{"user_defined_type":{"resource_type":"com.vmware.vapi.structure","resource_id":"com.vmware.hcx.computeprofile.model.compute_profile"},"category":"USER_DEFINED"}}}}],"errors":[{"documentation":"Unauthorized","structure_id":"com.vmware.vapi.std.errors.unauthenticated"},{"documentation":"Bad Request, Unprocessable Entity","structure_id":"com.vmware.vapi.std.errors.invalid_request"},{"documentation":"Forbidden","structure_id":"com.vmware.vapi.std.errors.unauthorized"},{"documentation":"Internal Server Error","structure_id":"com.vmware.vapi.std.errors.error"},{"documentation":"Not Found","structure_id":"com.vmware.vapi.std.errors.not_found"}]},"key":"preview_compute_profile_by_id"},{"value":{"output":{"metadata":[],"documentation":"com.vmware.hcx.computeprofile.model.ComputeProfileGetResponse","type":{"user_defined_type":{"resource_type":"com.vmware.vapi.structure","resource_id":"com.vmware.hcx.computeprofile.model.compute_profile_get_response"},"category":"USER_DEFINED"}},"metadata":[{"value":{"elements":[{"value":{"string_value":"GET","type":"STRING"},"key":"method"},{"value":{"string_value":"/hybridity/api/interconnect/computeProfiles/{computeProfileId}","type":"STRING"},"key":"value"},{"value":{"string_value":"application/json","type":"STRING"},"key":"contentType"},{"value":{"string_value":"application/json","type":"STRING"},"key":"accept"}]},"key":"RequestMapping"}],"documentation":"Get a compute profile.","name":"get_compute_profile","params":[{"metadata":[{"value":{"elements":[{"value":{"string_value":"computeProfileId","type":"STRING"},"key":"value"}]},"key":"PathVariable"}],"documentation":"Compute Profile ID (required)","name":"compute_profile_id","type":{"builtin_type":"STRING","category":"BUILTIN"}}],"errors":[{"documentation":"Unauthorized","structure_id":"com.vmware.vapi.std.errors.unauthenticated"},{"documentation":"Forbidden","structure_id":"com.vmware.vapi.std.errors.unauthorized"},{"documentation":"Internal Server Error","structure_id":"com.vmware.vapi.std.errors.error"},{"documentation":"Not Found","structure_id":"com.vmware.vapi.std.errors.not_found"}]},"key":"get_compute_profile"},{"value":{"output":{"metadata":[],"documentation":"com.vmware.hcx.computeprofile.model.ComputeProfileListResponse","type":{"user_defined_type":{"resource_type":"com.vmware.vapi.structure","resource_id":"com.vmware.hcx.computeprofile.model.compute_profile_list_response"},"category":"USER_DEFINED"}},"metadata":[{"value":{"elements":[{"value":{"string_value":"POST","type":"STRING"},"key":"method"},{"value":{"string_value":"/hybridity/api/interconnect/computeProfiles/query","type":"STRING"},"key":"value"},{"value":{"string_value":"application/json","type":"STRING"},"key":"contentType"},{"value":{"string_value":"application/json","type":"STRING"},"key":"accept"}]},"key":"RequestMapping"}],"documentation":"Query compute profiles","name":"query_compute_profiles","params":[{"metadata":[{"value":{"elements":[{"value":{"string_value":"true","type":"STRING"},"key":"value"}]},"key":"RequestBody"}],"documentation":"Filter object. (required)","name":"body","type":{"user_defined_type":{"resource_type":"com.vmware.vapi.structure","resource_id":"com.vmware.hcx.computeprofile.model.compute_profile_filter"},"category":"USER_DEFINED"}}],"errors":[{"documentation":"Unauthorized","structure_id":"com.vmware.vapi.std.errors.unauthenticated"},{"documentation":"Bad Request","structure_id":"com.vmware.vapi.std.errors.invalid_request"},{"documentation":"Forbidden","structure_id":"com.vmware.vapi.std.errors.unauthorized"},{"documentation":"Internal Server Error","structure_id":"com.vmware.vapi.std.errors.error"}]},"key":"query_compute_profiles"}],"documentation":"","name":"com.vmware.hcx.computeprofile.compute_profile","structures":[],"enumerations":[],"constants":[]},"key":"com.vmware.hcx.computeprofile.compute_profile"}]},"key":"com.vmware.hcx.computeprofile"},{"value":{"metadata":[],"documentation":"","name":"com.vmware.hcx.computeprofile.model","structures":[{"value":{"metadata":[],"documentation":"","name":"com.vmware.hcx.computeprofile.model.compute_profile_filter_filter","enumerations":[],"constants":[],"type":"STRUCTURE","fields":[{"metadata":[{"value":{"elements":[{"value":{"string_value":"name","type":"STRING"},"key":"value"}]},"key":"SerializationName"}],"documentation":"","name":"name","type":{"category":"GENERIC","generic_instantiation":{"generic_type":"OPTIONAL","element_type":{"builtin_type":"STRING","category":"BUILTIN"}}}},{"metadata":[{"value":{"elements":[{"value":{"string_value":"computeProfileId","type":"STRING"},"key":"value"}]},"key":"SerializationName"}],"documentation":"","name":"compute_profile_id","type":{"category":"GENERIC","generic_instantiation":{"generic_type":"OPTIONAL","element_type":{"builtin_type":"STRING","category":"BUILTIN"}}}}]},"key":"com.vmware.hcx.computeprofile.model.compute_profile_filter_filter"},{"value":{"metadata":[],"documentation":"","name":"com.vmware.hcx.computeprofile.model.error_response","enumerations":[],"constants":[],"type":"STRUCTURE","fields":[{"metadata":[{"value":{"elements":[{"value":{"string_value":"errors","type":"STRING"},"key":"value"}]},"key":"SerializationName"}],"documentation":"","name":"errors","type":{"category":"GENERIC","generic_instantiation":{"generic_type":"OPTIONAL","element_type":{"category":"GENERIC","generic_instantiation":{"generic_type":"LIST","element_type":{"user_defined_type":{"resource_type":"com.vmware.vapi.structure","resource_id":"com.vmware.hcx.computeprofile.model.error"},"category":"USER_DEFINED"}}}}}}]},"key":"com.vmware.hcx.computeprofile.model.error_response"},{"value":{"metadata":[],"documentation":"","name":"com.vmware.hcx.computeprofile.model.network","enumerations":[],"constants":[],"type":"STRUCTURE","fields":[{"metadata":[{"value":{"elements":[{"value":{"string_value":"id","type":"STRING"},"key":"value"}]},"key":"SerializationName"}],"documentation":"","name":"id","type":{"builtin_type":"STRING","category":"BUILTIN"}},{"metadata":[{"value":{"elements":[{"value":{"string_value":"name","type":"STRING"},"key":"value"}]},"key":"SerializationName"}],"documentation":"","name":"name","type":{"category":"GENERIC","generic_instantiation":{"generic_type":"OPTIONAL","element_type":{"builtin_type":"STRING","category":"BUILTIN"}}}},{"metadata":[{"value":{"elements":[{"value":{"string_value":"tags","type":"STRING"},"key":"value"}]},"key":"SerializationName"}],"documentation":"","name":"tags","type":{"category":"GENERIC","generic_instantiation":{"generic_type":"LIST","element_type":{"builtin_type":"STRING","category":"BUILTIN"}}}},{"metadata":[{"value":{"elements":[{"value":{"string_value":"staticRoutes","type":"STRING"},"key":"value"}]},"key":"SerializationName"}],"documentation":"","name":"static_routes","type":{"category":"GENERIC","generic_instantiation":{"generic_type":"OPTIONAL","element_type":{"category":"GENERIC","generic_instantiation":{"generic_type":"LIST","element_type":{"user_defined_type":{"resource_type":"com.vmware.vapi.structure","resource_id":"com.vmware.hcx.computeprofile.model.network_static_route"},"category":"USER_DEFINED"}}}}}}]},"key":"com.vmware.hcx.computeprofile.model.network"},{"value":{"metadata":[],"documentation":"","name":"com.vmware.hcx.computeprofile.model.compute_profile_get_response","enumerations":[],"constants":[],"type":"STRUCTURE","fields":[{"metadata":[{"value":{"elements":[{"value":{"string_value":"computeProfileId","type":"STRING"},"key":"value"}]},"key":"SerializationName"}],"documentation":"","name":"compute_profile_id","type":{"category":"GENERIC","generic_instantiation":{"generic_type":"OPTIONAL","element_type":{"builtin_type":"STRING","category":"BUILTIN"}}}},{"metadata":[{"value":{"elements":[{"value":{"string_value":"name","type":"STRING"},"key":"value"}]},"key":"SerializationName"}],"documentation":"","name":"name","type":{"builtin_type":"STRING","category":"BUILTIN"}},{"metadata":[{"value":{"elements":[{"value":{"string_value":"location","type":"STRING"},"key":"value"}]},"key":"SerializationName"}],"documentation":"","name":"location","type":{"category":"GENERIC","generic_instantiation":{"generic_type":"OPTIONAL","element_type":{"builtin_type":"STRING","category":"BUILTIN"}}}},{"metadata":[{"value":{"elements":[{"value":{"string_value":"locationName","type":"STRING"},"key":"value"}]},"key":"SerializationName"}],"documentation":"","name":"location_name","type":{"category":"GENERIC","generic_instantiation":{"generic_type":"OPTIONAL","element_type":{"builtin_type":"STRING","category":"BUILTIN"}}}},{"metadata":[{"value":{"elements":[{"value":{"string_value":"state","type":"STRING"},"key":"value"}]},"key":"SerializationName"}],"documentation":"","name":"state","type":{"category":"GENERIC","generic_instantiation":{"generic_type":"OPTIONAL","element_type":{"builtin_type":"STRING","category":"BUILTIN"}}}},{"metadata":[{"value":{"elements":[{"value":{"string_value":"deploymentComputeClusterName","type":"STRING"},"key":"value"}]},"key":"SerializationName"}],"documentation":"","name":"deployment_compute_cluster_name","type":{"category":"GENERIC","generic_instantiation":{"generic_type":"OPTIONAL","element_type":{"builtin_type":"STRING","category":"BUILTIN"}}}},{"metadata":[{"value":{"elements":[{"value":{"string_value":"deploymentComputeClusterId","type":"STRING"},"key":"value"}]},"key":"SerializationName"}],"documentation":"","name":"deployment_compute_cluster_id","type":{"category":"GENERIC","generic_instantiation":{"generic_type":"OPTIONAL","element_type":{"builtin_type":"STRING","category":"BUILTIN"}}}},{"metadata":[{"value":{"elements":[{"value":{"string_value":"compute","type":"STRING"},"key":"value"}]},"key":"SerializationName"}],"documentation":"","name":"compute","type":{"category":"GENERIC","generic_instantiation":{"generic_type":"LIST","element_type":{"user_defined_type":{"resource_type":"com.vmware.vapi.structure","resource_id":"com.vmware.hcx.computeprofile.model.compute"},"category":"USER_DEFINED"}}}},{"metadata":[{"value":{"elements":[{"value":{"string_value":"services","type":"STRING"},"key":"value"}]},"key":"SerializationName"}],"documentation":"","name":"services","type":{"category":"GENERIC","generic_instantiation":{"generic_type":"LIST","element_type":{"user_defined_type":{"resource_type":"com.vmware.vapi.structure","resource_id":"com.vmware.hcx.computeprofile.model.service"},"category":"USER_DEFINED"}}}},{"metadata":[{"value":{"elements":[{"value":{"string_value":"deploymentContainer","type":"STRING"},"key":"value"}]},"key":"SerializationName"}],"documentation":"","name":"deployment_container","type":{"category":"GENERIC","generic_instantiation":{"generic_type":"OPTIONAL","element_type":{"user_defined_type":{"resource_type":"com.vmware.vapi.structure","resource_id":"com.vmware.hcx.computeprofile.model.deployment_container"},"category":"USER_DEFINED"}}}},{"metadata":[{"value":{"elements":[{"value":{"string_value":"networks","type":"STRING"},"key":"value"}]},"key":"SerializationName"}],"documentation":"","name":"networks","type":{"category":"GENERIC","generic_instantiation":{"generic_type":"LIST","element_type":{"user_defined_type":{"resource_type":"com.vmware.vapi.structure","resource_id":"com.vmware.hcx.computeprofile.model.network"},"category":"USER_DEFINED"}}}},{"metadata":[{"value":{"elements":[{"value":{"string_value":"switches","type":"STRING"},"key":"value"}]},"key":"SerializationName"}],"documentation":"","name":"switches","type":{"category":"GENERIC","generic_instantiation":{"generic_type":"OPTIONAL","element_type":{"category":"GENERIC","generic_instantiation":{"generic_type":"LIST","element_type":{"user_defined_type":{"resource_type":"com.vmware.vapi.structure","resource_id":"com.vmware.hcx.computeprofile.model.switch"},"category":"USER_DEFINED"}}}}}},{"metadata":[{"value":{"elements":[{"value":{"string_value":"lastTaskDetails","type":"STRING"},"key":"value"}]},"key":"SerializationName"}],"documentation":"","name":"last_task_details","type":{"category":"GENERIC","generic_instantiation":{"generic_type":"OPTIONAL","element_type":{"user_defined_type":{"resource_type":"com.vmware.vapi.structure","resource_id":"com.vmware.hcx.computeprofile.model.last_task_details"},"category":"USER_DEFINED"}}}}]},"key":"com.vmware.hcx.computeprofile.model.compute_profile_get_response"},{"value":{"metadata":[],"documentation":"","name":"com.vmware.hcx.computeprofile.model.compute_profile_post_response_data","enumerations":[],"constants":[],"type":"STRUCTURE","fields":[{"metadata":[{"value":{"elements":[{"value":{"string_value":"interconnectTaskId","type":"STRING"},"key":"value"}]},"key":"SerializationName"}],"documentation":"","name":"interconnect_task_id","type":{"category":"GENERIC","generic_instantiation":{"generic_type":"OPTIONAL","element_type":{"builtin_type":"STRING","category":"BUILTIN"}}}},{"metadata":[{"value":{"elements":[{"value":{"string_value":"computeProfileId","type":"STRING"},"key":"value"}]},"key":"SerializationName"}],"documentation":"","name":"compute_profile_id","type":{"category":"GENERIC","generic_instantiation":{"generic_type":"OPTIONAL","element_type":{"builtin_type":"STRING","category":"BUILTIN"}}}}]},"key":"com.vmware.hcx.computeprofile.model.compute_profile_post_response_data"},{"value":{"metadata":[],"documentation":"","name":"com.vmware.hcx.computeprofile.model.storage","enumerations":[],"constants":[],"type":"STRUCTURE","fields":[{"metadata":[{"value":{"elements":[{"value":{"string_value":"cmpId","type":"STRING"},"key":"value"}]},"key":"SerializationName"}],"documentation":"","name":"cmp_id","type":{"builtin_type":"STRING","category":"BUILTIN"}},{"metadata":[{"value":{"elements":[{"value":{"string_value":"cmpName","type":"STRING"},"key":"value"}]},"key":"SerializationName"}],"documentation":"","name":"cmp_name","type":{"category":"GENERIC","generic_instantiation":{"generic_type":"OPTIONAL","element_type":{"builtin_type":"STRING","category":"BUILTIN"}}}},{"metadata":[{"value":{"elements":[{"value":{"string_value":"cmpType","type":"STRING"},"key":"value"}]},"key":"SerializationName"}],"documentation":"","name":"cmp_type","type":{"category":"GENERIC","generic_instantiation":{"generic_type":"OPTIONAL","element_type":{"builtin_type":"STRING","category":"BUILTIN"}}}},{"metadata":[{"value":{"elements":[{"value":{"string_value":"type","type":"STRING"},"key":"value"}]},"key":"SerializationName"}],"documentation":"","name":"type","type":{"builtin_type":"STRING","category":"BUILTIN"}},{"metadata":[{"value":{"elements":[{"value":{"string_value":"id","type":"STRING"},"key":"value"}]},"key":"SerializationName"}],"documentation":"","name":"id","type":{"builtin_type":"STRING","category":"BUILTIN"}},{"metadata":[{"value":{"elements":[{"value":{"string_value":"name","type":"STRING"},"key":"value"}]},"key":"SerializationName"}],"documentation":"","name":"name","type":{"category":"GENERIC","generic_instantiation":{"generic_type":"OPTIONAL","element_type":{"builtin_type":"STRING","category":"BUILTIN"}}}}]},"key":"com.vmware.hcx.computeprofile.model.storage"},{"value":{"metadata":[],"documentation":"","name":"com.vmware.hcx.computeprofile.model.compute_profile","enumerations":[],"constants":[],"type":"STRUCTURE","fields":[{"metadata":[{"value":{"elements":[{"value":{"string_value":"computeProfileId","type":"STRING"},"key":"value"}]},"key":"SerializationName"}],"documentation":"","name":"compute_profile_id","type":{"category":"GENERIC","generic_instantiation":{"generic_type":"OPTIONAL","element_type":{"builtin_type":"STRING","category":"BUILTIN"}}}},{"metadata":[{"value":{"elements":[{"value":{"string_value":"name","type":"STRING"},"key":"value"}]},"key":"SerializationName"}],"documentation":"","name":"name","type":{"builtin_type":"STRING","category":"BUILTIN"}},{"metadata":[{"value":{"elements":[{"value":{"string_value":"location","type":"STRING"},"key":"value"}]},"key":"SerializationName"}],"documentation":"","name":"location","type":{"category":"GENERIC","generic_instantiation":{"generic_type":"OPTIONAL","element_type":{"builtin_type":"STRING","category":"BUILTIN"}}}},{"metadata":[{"value":{"elements":[{"value":{"string_value":"locationName","type":"STRING"},"key":"value"}]},"key":"SerializationName"}],"documentation":"","name":"location_name","type":{"category":"GENERIC","generic_instantiation":{"generic_type":"OPTIONAL","element_type":{"builtin_type":"STRING","category":"BUILTIN"}}}},{"metadata":[{"value":{"elements":[{"value":{"string_value":"state","type":"STRING"},"key":"value"}]},"key":"SerializationName"}],"documentation":"","name":"state","type":{"category":"GENERIC","generic_instantiation":{"generic_type":"OPTIONAL","element_type":{"builtin_type":"STRING","category":"BUILTIN"}}}},{"metadata":[{"value":{"elements":[{"value":{"string_value":"deploymentComputeClusterName","type":"STRING"},"key":"value"}]},"key":"SerializationName"}],"documentation":"","name":"deployment_compute_cluster_name","type":{"category":"GENERIC","generic_instantiation":{"generic_type":"OPTIONAL","element_type":{"builtin_type":"STRING","category":"BUILTIN"}}}},{"metadata":[{"value":{"elements":[{"value":{"string_value":"deploymentComputeClusterId","type":"STRING"},"key":"value"}]},"key":"SerializationName"}],"documentation":"","name":"deployment_compute_cluster_id","type":{"category":"GENERIC","generic_instantiation":{"generic_type":"OPTIONAL","element_type":{"builtin_type":"STRING","category":"BUILTIN"}}}},{"metadata":[{"value":{"elements":[{"value":{"string_value":"compute","type":"STRING"},"key":"value"}]},"key":"SerializationName"}],"documentation":"","name":"compute","type":{"category":"GENERIC","generic_instantiation":{"generic_type":"LIST","element_type":{"user_defined_type":{"resource_type":"com.vmware.vapi.structure","resource_id":"com.vmware.hcx.computeprofile.model.compute"},"category":"USER_DEFINED"}}}},{"metadata":[{"value":{"elements":[{"value":{"string_value":"services","type":"STRING"},"key":"value"}]},"key":"SerializationName"}],"documentation":"","name":"services","type":{"category":"GENERIC","generic_instantiation":{"generic_type":"LIST","element_type":{"user_defined_type":{"resource_type":"com.vmware.vapi.structure","resource_id":"com.vmware.hcx.computeprofile.model.service"},"category":"USER_DEFINED"}}}},{"metadata":[{"value":{"elements":[{"value":{"string_value":"deploymentContainer","type":"STRING"},"key":"value"}]},"key":"SerializationName"}],"documentation":"","name":"deployment_container","type":{"user_defined_type":{"resource_type":"com.vmware.vapi.structure","resource_id":"com.vmware.hcx.computeprofile.model.deployment_container"},"category":"USER_DEFINED"}},{"metadata":[{"value":{"elements":[{"value":{"string_value":"networks","type":"STRING"},"key":"value"}]},"key":"SerializationName"}],"documentation":"","name":"networks","type":{"category":"GENERIC","generic_instantiation":{"generic_type":"LIST","element_type":{"user_defined_type":{"resource_type":"com.vmware.vapi.structure","resource_id":"com.vmware.hcx.computeprofile.model.network"},"category":"USER_DEFINED"}}}},{"metadata":[{"value":{"elements":[{"value":{"string_value":"switches","type":"STRING"},"key":"value"}]},"key":"SerializationName"}],"documentation":"","name":"switches","type":{"category":"GENERIC","generic_instantiation":{"generic_type":"OPTIONAL","element_type":{"category":"GENERIC","generic_instantiation":{"generic_type":"LIST","element_type":{"user_defined_type":{"resource_type":"com.vmware.vapi.structure","resource_id":"com.vmware.hcx.computeprofile.model.switch"},"category":"USER_DEFINED"}}}}}}]},"key":"com.vmware.hcx.computeprofile.model.compute_profile"},{"value":{"metadata":[],"documentation":"","name":"com.vmware.hcx.computeprofile.model.error","enumerations":[],"constants":[],"type":"STRUCTURE","fields":[{"metadata":[{"value":{"elements":[{"value":{"string_value":"code","type":"STRING"},"key":"value"}]},"key":"SerializationName"}],"documentation":"","name":"code","type":{"category":"GENERIC","generic_instantiation":{"generic_type":"OPTIONAL","element_type":{"builtin_type":"STRING","category":"BUILTIN"}}}},{"metadata":[{"value":{"elements":[{"value":{"string_value":"message","type":"STRING"},"key":"value"}]},"key":"SerializationName"}],"documentation":"","name":"message","type":{"category":"GENERIC","generic_instantiation":{"generic_type":"OPTIONAL","element_type":{"builtin_type":"STRING","category":"BUILTIN"}}}}]},"key":"com.vmware.hcx.computeprofile.model.error"},{"value":{"metadata":[],"documentation":"","name":"com.vmware.hcx.computeprofile.model.last_task_details","enumerations":[],"constants":[],"type":"STRUCTURE","fields":[{"metadata":[{"value":{"elements":[{"value":{"string_value":"interconnectTaskId","type":"STRING"},"key":"value"}]},"key":"SerializationName"}],"documentation":"","name":"interconnect_task_id","type":{"category":"GENERIC","generic_instantiation":{"generic_type":"OPTIONAL","element_type":{"builtin_type":"STRING","category":"BUILTIN"}}}},{"metadata":[{"value":{"elements":[{"value":{"string_value":"type","type":"STRING"},"key":"value"}]},"key":"SerializationName"}],"documentation":"","name":"type","type":{"category":"GENERIC","generic_instantiation":{"generic_type":"OPTIONAL","element_type":{"builtin_type":"STRING","category":"BUILTIN"}}}},{"metadata":[{"value":{"elements":[{"value":{"string_value":"status","type":"STRING"},"key":"value"}]},"key":"SerializationName"}],"documentation":"","name":"status","type":{"category":"GENERIC","generic_instantiation":{"generic_type":"OPTIONAL","element_type":{"builtin_type":"STRING","category":"BUILTIN"}}}}]},"key":"com.vmware.hcx.computeprofile.model.last_task_details"},{"value":{"metadata":[],"documentation":"","name":"com.vmware.hcx.computeprofile.model.compute_profile_filter","enumerations":[],"constants":[],"type":"STRUCTURE","fields":[{"metadata":[{"value":{"elements":[{"value":{"string_value":"filter","type":"STRING"},"key":"value"}]},"key":"SerializationName"}],"documentation":"","name":"filter","type":{"category":"GENERIC","generic_instantiation":{"generic_type":"OPTIONAL","element_type":{"user_defined_type":{"resource_type":"com.vmware.vapi.structure","resource_id":"com.vmware.hcx.computeprofile.model.compute_profile_filter_filter"},"category":"USER_DEFINED"}}}}]},"key":"com.vmware.hcx.computeprofile.model.compute_profile_filter"},{"value":{"metadata":[],"documentation":"","name":"com.vmware.hcx.computeprofile.model.compute_profile_list_response","enumerations":[],"constants":[],"type":"STRUCTURE","fields":[{"metadata":[{"value":{"elements":[{"value":{"string_value":"items","type":"STRING"},"key":"value"}]},"key":"SerializationName"}],"documentation":"","name":"items","type":{"category":"GENERIC","generic_instantiation":{"generic_type":"OPTIONAL","element_type":{"category":"GENERIC","generic_instantiation":{"generic_type":"LIST","element_type":{"user_defined_type":{"resource_type":"com.vmware.vapi.structure","resource_id":"com.vmware.hcx.computeprofile.model.compute_profile_get_response"},"category":"USER_DEFINED"}}}}}}]},"key":"com.vmware.hcx.computeprofile.model.compute_profile_list_response"},{"value":{"metadata":[],"documentation":"","name":"com.vmware.hcx.computeprofile.model.service","enumerations":[],"constants":[],"type":"STRUCTURE","fields":[{"metadata":[{"value":{"elements":[{"value":{"string_value":"name","type":"STRING"},"key":"value"}]},"key":"SerializationName"}],"documentation":"","name":"name","type":{"builtin_type":"STRING","category":"BUILTIN"}}]},"key":"com.vmware.hcx.computeprofile.model.service"},{"value":{"metadata":[],"documentation":"","name":"com.vmware.hcx.computeprofile.model.switch_host","enumerations":[],"constants":[],"type":"STRUCTURE","fields":[{"metadata":[{"value":{"elements":[{"value":{"string_value":"id","type":"STRING"},"key":"value"}]},"key":"SerializationName"}],"documentation":"","name":"id","type":{"builtin_type":"STRING","category":"BUILTIN"}},{"metadata":[{"value":{"elements":[{"value":{"string_value":"name","type":"STRING"},"key":"value"}]},"key":"SerializationName"}],"documentation":"","name":"name","type":{"category":"GENERIC","generic_instantiation":{"generic_type":"OPTIONAL","element_type":{"builtin_type":"STRING","category":"BUILTIN"}}}}]},"key":"com.vmware.hcx.computeprofile.model.switch_host"},{"value":{"metadata":[],"documentation":"","name":"com.vmware.hcx.computeprofile.model.compute_profile_post_response","enumerations":[],"constants":[],"type":"STRUCTURE","fields":[{"metadata":[{"value":{"elements":[{"value":{"string_value":"data","type":"STRING"},"key":"value"}]},"key":"SerializationName"}],"documentation":"","name":"data","type":{"category":"GENERIC","generic_instantiation":{"generic_type":"OPTIONAL","element_type":{"user_defined_type":{"resource_type":"com.vmware.vapi.structure","resource_id":"com.vmware.hcx.computeprofile.model.compute_profile_post_response_data"},"category":"USER_DEFINED"}}}},{"metadata":[{"value":{"elements":[{"value":{"string_value":"warnings","type":"STRING"},"key":"value"}]},"key":"SerializationName"}],"documentation":"","name":"warnings","type":{"category":"GENERIC","generic_instantiation":{"generic_type":"OPTIONAL","element_type":{"category":"GENERIC","generic_instantiation":{"generic_type":"LIST","element_type":{"user_defined_type":{"resource_type":"com.vmware.vapi.structure","resource_id":"com.vmware.hcx.computeprofile.model.warning"},"category":"USER_DEFINED"}}}}}},{"metadata":[{"value":{"elements":[{"value":{"string_value":"errors","type":"STRING"},"key":"value"}]},"key":"SerializationName"}],"documentation":"","name":"errors","type":{"category":"GENERIC","generic_instantiation":{"generic_type":"OPTIONAL","element_type":{"category":"GENERIC","generic_instantiation":{"generic_type":"LIST","element_type":{"user_defined_type":{"resource_type":"com.vmware.vapi.structure","resource_id":"com.vmware.hcx.computeprofile.model.error"},"category":"USER_DEFINED"}}}}}}]},"key":"com.vmware.hcx.computeprofile.model.compute_profile_post_response"},{"value":{"metadata":[],"documentation":"","name":"com.vmware.hcx.computeprofile.model.network_static_route","enumerations":[],"constants":[],"type":"STRUCTURE","fields":[{"metadata":[{"value":{"elements":[{"value":{"string_value":"network","type":"STRING"},"key":"value"}]},"key":"SerializationName"}],"documentation":"","name":"network","type":{"builtin_type":"STRING","category":"BUILTIN"}},{"metadata":[{"value":{"elements":[{"value":{"string_value":"nextHop","type":"STRING"},"key":"value"}]},"key":"SerializationName"}],"documentation":"","name":"next_hop","type":{"builtin_type":"STRING","category":"BUILTIN"}}]},"key":"com.vmware.hcx.computeprofile.model.network_static_route"},{"value":{"metadata":[],"documentation":"","name":"com.vmware.hcx.computeprofile.model.switch","enumerations":[],"constants":[],"type":"STRUCTURE","fields":[{"metadata":[{"value":{"elements":[{"value":{"string_value":"cmpId","type":"STRING"},"key":"value"}]},"key":"SerializationName"}],"documentation":"","name":"cmp_id","type":{"builtin_type":"STRING","category":"BUILTIN"}},{"metadata":[{"value":{"elements":[{"value":{"string_value":"id","type":"STRING"},"key":"value"}]},"key":"SerializationName"}],"documentation":"","name":"id","type":{"builtin_type":"STRING","category":"BUILTIN"}},{"metadata":[{"value":{"elements":[{"value":{"string_value":"type","type":"STRING"},"key":"value"}]},"key":"SerializationName"}],"documentation":"","name":"type","type":{"builtin_type":"STRING","category":"BUILTIN"}},{"metadata":[{"value":{"elements":[{"value":{"string_value":"name","type":"STRING"},"key":"value"}]},"key":"SerializationName"}],"documentation":"","name":"name","type":{"category":"GENERIC","generic_instantiation":{"generic_type":"OPTIONAL","element_type":{"builtin_type":"STRING","category":"BUILTIN"}}}},{"metadata":[{"value":{"elements":[{"value":{"string_value":"maxMtu","type":"STRING"},"key":"value"}]},"key":"SerializationName"}],"documentation":"","name":"max_mtu","type":{"category":"GENERIC","generic_instantiation":{"generic_type":"OPTIONAL","element_type":{"builtin_type":"LONG","category":"BUILTIN"}}}},{"metadata":[{"value":{"elements":[{"value":{"string_value":"l2cApplianceCount","type":"STRING"},"key":"value"}]},"key":"SerializationName"}],"documentation":"","name":"l2c_appliance_count","type":{"category":"GENERIC","generic_instantiation":{"generic_type":"OPTIONAL","element_type":{"builtin_type":"LONG","category":"BUILTIN"}}}},{"metadata":[{"value":{"elements":[{"value":{"string_value":"host","type":"STRING"},"key":"value"}]},"key":"SerializationName"}],"documentation":"","name":"host","type":{"category":"GENERIC","generic_instantiation":{"generic_type":"OPTIONAL","element_type":{"user_defined_type":{"resource_type":"com.vmware.vapi.structure","resource_id":"com.vmware.hcx.computeprofile.model.switch_host"},"category":"USER_DEFINED"}}}}]},"key":"com.vmware.hcx.computeprofile.model.switch"},{"value":{"metadata":[],"documentation":"","name":"com.vmware.hcx.computeprofile.model.compute","enumerations":[],"constants":[],"type":"STRUCTURE","fields":[{"metadata":[{"value":{"elements":[{"value":{"string_value":"cmpId","type":"STRING"},"key":"value"}]},"key":"SerializationName"}],"documentation":"","name":"cmp_id","type":{"builtin_type":"STRING","category":"BUILTIN"}},{"metadata":[{"value":{"elements":[{"value":{"string_value":"cmpName","type":"STRING"},"key":"value"}]},"key":"SerializationName"}],"documentation":"","name":"cmp_name","type":{"category":"GENERIC","generic_instantiation":{"generic_type":"OPTIONAL","element_type":{"builtin_type":"STRING","category":"BUILTIN"}}}},{"metadata":[{"value":{"elements":[{"value":{"string_value":"cmpType","type":"STRING"},"key":"value"}]},"key":"SerializationName"}],"documentation":"","name":"cmp_type","type":{"category":"GENERIC","generic_instantiation":{"generic_type":"OPTIONAL","element_type":{"builtin_type":"STRING","category":"BUILTIN"}}}},{"metadata":[{"value":{"elements":[{"value":{"string_value":"type","type":"STRING"},"key":"value"}]},"key":"SerializationName"}],"documentation":"","name":"type","type":{"builtin_type":"STRING","category":"BUILTIN"}},{"metadata":[{"value":{"elements":[{"value":{"string_value":"id","type":"STRING"},"key":"value"}]},"key":"SerializationName"}],"documentation":"","name":"id","type":{"builtin_type":"STRING","category":"BUILTIN"}},{"metadata":[{"value":{"elements":[{"value":{"string_value":"name","type":"STRING"},"key":"value"}]},"key":"SerializationName"}],"documentation":"","name":"name","type":{"category":"GENERIC","generic_instantiation":{"generic_type":"OPTIONAL","element_type":{"builtin_type":"STRING","category":"BUILTIN"}}}}]},"key":"com.vmware.hcx.computeprofile.model.compute"},{"value":{"metadata":[],"documentation":"","name":"com.vmware.hcx.computeprofile.model.deployment_container","enumerations":[],"constants":[],"type":"STRUCTURE","fields":[{"metadata":[{"value":{"elements":[{"value":{"string_value":"compute","type":"STRING"},"key":"value"}]},"key":"SerializationName"}],"documentation":"","name":"compute","type":{"category":"GENERIC","generic_instantiation":{"generic_type":"OPTIONAL","element_type":{"category":"GENERIC","generic_instantiation":{"generic_type":"LIST","element_type":{"user_defined_type":{"resource_type":"com.vmware.vapi.structure","resource_id":"com.vmware.hcx.computeprofile.model.compute"},"category":"USER_DEFINED"}}}}}},{"metadata":[{"value":{"elements":[{"value":{"string_value":"storage","type":"STRING"},"key":"value"}]},"key":"SerializationName"}],"documentation":"","name":"storage","type":{"category":"GENERIC","generic_instantiation":{"generic_type":"OPTIONAL","element_type":{"category":"GENERIC","generic_instantiation":{"generic_type":"LIST","element_type":{"user_defined_type":{"resource_type":"com.vmware.vapi.structure","resource_id":"com.vmware.hcx.computeprofile.model.storage"},"category":"USER_DEFINED"}}}}}}]},"key":"com.vmware.hcx.computeprofile.model.deployment_container"},{"value":{"metadata":[],"documentation":"","name":"com.vmware.hcx.computeprofile.model.warning","enumerations":[],"constants":[],"type":"STRUCTURE","fields":[{"metadata":[{"value":{"elements":[{"value":{"string_value":"message","type":"STRING"},"key":"value"}]},"key":"SerializationName"}],"documentation":"","name":"message","type":{"category":"GENERIC","generic_instantiation":{"generic_type":"OPTIONAL","element_type":{"builtin_type":"STRING","category":"BUILTIN"}}}}]},"key":"com.vmware.hcx.computeprofile.model.warning"}],"enumerations":[{"value":{"metadata":[],"values":[{"metadata":[],"documentation":"","value":"MANAGEMENT"},{"metadata":[],"documentation":"","value":"VMOTION"},{"metadata":[],"documentation":"","value":"REPLICATION"},{"metadata":[],"documentation":"","value":"GUEST"},{"metadata":[],"documentation":"","value":"UPLINK"}],"documentation":"","name":"com.vmware.hcx.computeprofile.model.tag"},"key":"com.vmware.hcx.computeprofile.model.tag"}],"services":[]},"key":"com.vmware.hcx.computeprofile.model"}]},"privilege":{"packages":[]},"authentication":{"packages":[]}},"key":"com.vmware.hcx.computeprofile"}],"version":"1.0"}
