{"metadata":[{"value":{"cli":{"commands":[{"formatter":"SIMPLE","output_field_list":[{"output_fields":[{"display_name":"Id","field_name":"id"},{"display_name":"Type","field_name":"type"},{"display_name":"Name","field_name":"name"}],"structure_id":"com.vmware.hcx.interconnecttask.model.task_response_entity_details"},{"output_fields":[{"display_name":"Message","field_name":"message"}],"structure_id":"com.vmware.hcx.interconnecttask.model.warning"},{"output_fields":[{"display_name":"InterconnectTaskId","field_name":"interconnect_task_id"},{"display_name":"EntityDetails","field_name":"entity_details"},{"display_name":"Type","field_name":"type"},{"display_name":"Status","field_name":"status"},{"display_name":"Progress","field_name":"progress"},{"display_name":"Message","field_name":"message"},{"display_name":"StartTime","field_name":"start_time"},{"display_name":"EndTime","field_name":"end_time"},{"display_name":"Request","field_name":"request"},{"display_name":"Response","field_name":"response"},{"display_name":"Steps","field_name":"steps"}],"structure_id":"com.vmware.hcx.interconnecttask.model.task_response"},{"output_fields":[{"display_name":"Title","field_name":"title"},{"display_name":"Status","field_name":"status"},{"display_name":"Progress","field_name":"progress"},{"display_name":"StartTime","field_name":"start_time"},{"display_name":"EndTime","field_name":"end_time"},{"display_name":"Message","field_name":"message"},{"display_name":"Children","field_name":"children"},{"display_name":"Errors","field_name":"errors"},{"display_name":"Warnings","field_name":"warnings"}],"structure_id":"com.vmware.hcx.interconnecttask.model.task_step"},{"output_fields":[{"display_name":"Items","field_name":"items"},{"display_name":"Paging","field_name":"paging"}],"structure_id":"com.vmware.hcx.interconnecttask.model.tasks_list_response"},{"output_fields":[{"display_name":"Title","field_name":"title"},{"display_name":"Type","field_name":"type"},{"display_name":"Status","field_name":"status"},{"display_name":"Progress","field_name":"progress"},{"display_name":"StartTime","field_name":"start_time"},{"display_name":"EndTime","field_name":"end_time"},{"display_name":"Message","field_name":"message"},{"display_name":"ParentJobId","field_name":"parent_job_id"},{"display_name":"JobId","field_name":"job_id"},{"display_name":"Location","field_name":"location"}],"structure_id":"com.vmware.hcx.interconnecttask.model.task_step_child"},{"output_fields":[{"display_name":"Code","field_name":"code"},{"display_name":"Message","field_name":"message"}],"structure_id":"com.vmware.hcx.interconnecttask.model.error"},{"output_fields":[{"display_name":"Offset","field_name":"offset"},{"display_name":"PageSize","field_name":"page_size"},{"display_name":"TotalSize","field_name":"total_size"}],"structure_id":"com.vmware.hcx.interconnecttask.model.tasks_list_response_paging"}],"identity":{"path":"com.vmware.hcx.interconnecttask.task","name":"getinterconnecttasksbyfilter"},"service_id":"com.vmware.hcx.interconnecttask.task","options":[{"short_option":"","long_option":"filter-interconnect-task-ids","description":"","type":"string","generic":"OPTIONAL_LIST","field_name":"body.filter.interconnectTaskIds"},{"short_option":"","long_option":"filter-status","description":"","type":"com.vmware.hcx.interconnecttask.model.status","generic":"OPTIONAL_LIST","field_name":"body.filter.status"},{"short_option":"","long_option":"filter-entity-ids","description":"","type":"string","generic":"OPTIONAL_LIST","field_name":"body.filter.entityIds"},{"short_option":"","long_option":"filter-start-time","description":"","type":"long","generic":"OPTIONAL","field_name":"body.filter.startTime"},{"short_option":"","long_option":"filter-end-time","description":"","type":"long","generic":"OPTIONAL","field_name":"body.filter.endTime"},{"short_option":"","long_option":"paging-offset","description":"","type":"long","generic":"OPTIONAL","field_name":"body.paging.offset"},{"short_option":"","long_option":"paging-page-size","description":"","type":"long","generic":"OPTIONAL","field_name":"body.paging.pageSize"}],"description":"query interconnect tasks.","operation_id":"get_interconnect_tasks_by_filter"},{"formatter":"SIMPLE","output_field_list":[{"output_fields":[{"display_name":"Id","field_name":"id"},{"display_name":"Type","field_name":"type"},{"display_name":"Name","field_name":"name"}],"structure_id":"com.vmware.hcx.interconnecttask.model.task_response_entity_details"},{"output_fields":[{"display_name":"Message","field_name":"message"}],"structure_id":"com.vmware.hcx.interconnecttask.model.warning"},{"output_fields":[{"display_name":"InterconnectTaskId","field_name":"interconnect_task_id"},{"display_name":"EntityDetails","field_name":"entity_details"},{"display_name":"Type","field_name":"type"},{"display_name":"Status","field_name":"status"},{"display_name":"Progress","field_name":"progress"},{"display_name":"Message","field_name":"message"},{"display_name":"StartTime","field_name":"start_time"},{"display_name":"EndTime","field_name":"end_time"},{"display_name":"Request","field_name":"request"},{"display_name":"Response","field_name":"response"},{"display_name":"Steps","field_name":"steps"}],"structure_id":"com.vmware.hcx.interconnecttask.model.task_response"},{"output_fields":[{"display_name":"Title","field_name":"title"},{"display_name":"Status","field_name":"status"},{"display_name":"Progress","field_name":"progress"},{"display_name":"StartTime","field_name":"start_time"},{"display_name":"EndTime","field_name":"end_time"},{"display_name":"Message","field_name":"message"},{"display_name":"Children","field_name":"children"},{"display_name":"Errors","field_name":"errors"},{"display_name":"Warnings","field_name":"warnings"}],"structure_id":"com.vmware.hcx.interconnecttask.model.task_step"},{"output_fields":[{"display_name":"Title","field_name":"title"},{"display_name":"Type","field_name":"type"},{"display_name":"Status","field_name":"status"},{"display_name":"Progress","field_name":"progress"},{"display_name":"StartTime","field_name":"start_time"},{"display_name":"EndTime","field_name":"end_time"},{"display_name":"Message","field_name":"message"},{"display_name":"ParentJobId","field_name":"parent_job_id"},{"display_name":"JobId","field_name":"job_id"},{"display_name":"Location","field_name":"location"}],"structure_id":"com.vmware.hcx.interconnecttask.model.task_step_child"},{"output_fields":[{"display_name":"Code","field_name":"code"},{"display_name":"Message","field_name":"message"}],"structure_id":"com.vmware.hcx.interconnecttask.model.error"}],"identity":{"path":"com.vmware.hcx.interconnecttask.task","name":"getinterconnecttask"},"service_id":"com.vmware.hcx.interconnecttask.task","options":[{"short_option":"","long_option":"interconnect-task-id","description":"task id (required)","type":"string","generic":"NONE","field_name":"interconnect_task_id"}],"description":"Get a interconnect task by id.","operation_id":"get_interconnect_task"},{"formatter":"SIMPLE","output_field_list":[{"output_fields":[{"display_name":"Id","field_name":"id"},{"display_name":"Type","field_name":"type"},{"display_name":"Name","field_name":"name"}],"structure_id":"com.vmware.hcx.interconnecttask.model.task_response_entity_details"},{"output_fields":[{"display_name":"Message","field_name":"message"}],"structure_id":"com.vmware.hcx.interconnecttask.model.warning"},{"output_fields":[{"display_name":"InterconnectTaskId","field_name":"interconnect_task_id"},{"display_name":"EntityDetails","field_name":"entity_details"},{"display_name":"Type","field_name":"type"},{"display_name":"Status","field_name":"status"},{"display_name":"Progress","field_name":"progress"},{"display_name":"Message","field_name":"message"},{"display_name":"StartTime","field_name":"start_time"},{"display_name":"EndTime","field_name":"end_time"},{"display_name":"Request","field_name":"request"},{"display_name":"Response","field_name":"response"},{"display_name":"Steps","field_name":"steps"}],"structure_id":"com.vmware.hcx.interconnecttask.model.task_response"},{"output_fields":[{"display_name":"Title","field_name":"title"},{"display_name":"Status","field_name":"status"},{"display_name":"Progress","field_name":"progress"},{"display_name":"StartTime","field_name":"start_time"},{"display_name":"EndTime","field_name":"end_time"},{"display_name":"Message","field_name":"message"},{"display_name":"Children","field_name":"children"},{"display_name":"Errors","field_name":"errors"},{"display_name":"Warnings","field_name":"warnings"}],"structure_id":"com.vmware.hcx.interconnecttask.model.task_step"},{"output_fields":[{"display_name":"Items","field_name":"items"},{"display_name":"Paging","field_name":"paging"}],"structure_id":"com.vmware.hcx.interconnecttask.model.tasks_list_response"},{"output_fields":[{"display_name":"Title","field_name":"title"},{"display_name":"Type","field_name":"type"},{"display_name":"Status","field_name":"status"},{"display_name":"Progress","field_name":"progress"},{"display_name":"StartTime","field_name":"start_time"},{"display_name":"EndTime","field_name":"end_time"},{"display_name":"Message","field_name":"message"},{"display_name":"ParentJobId","field_name":"parent_job_id"},{"display_name":"JobId","field_name":"job_id"},{"display_name":"Location","field_name":"location"}],"structure_id":"com.vmware.hcx.interconnecttask.model.task_step_child"},{"output_fields":[{"display_name":"Code","field_name":"code"},{"display_name":"Message","field_name":"message"}],"structure_id":"com.vmware.hcx.interconnecttask.model.error"},{"output_fields":[{"display_name":"Offset","field_name":"offset"},{"display_name":"PageSize","field_name":"page_size"},{"display_name":"TotalSize","field_name":"total_size"}],"structure_id":"com.vmware.hcx.interconnecttask.model.tasks_list_response_paging"}],"identity":{"path":"com.vmware.hcx.interconnecttask.task","name":"getallinterconnecttasks"},"service_id":"com.vmware.hcx.interconnecttask.task","options":[{"short_option":"","long_option":"offset","description":"offset query parameter (optional, default to 1)","type":"long","generic":"OPTIONAL","field_name":"offset"},{"short_option":"","long_option":"page-size","description":"pageSize query parameter (optional, default to 100)","type":"long","generic":"OPTIONAL","field_name":"page_size"}],"description":"Get all interconnect tasks","operation_id":"get_all_interconnect_tasks"}],"namespaces":[{"children":[{"path":"com.vmware","name":"hcx"}],"identity":{"path":"com","name":"vmware"},"description":"vmware namespace"},{"children":[{"path":"com","name":"vmware"}],"identity":{"path":"","name":"com"},"description":"com namespace"},{"children":[{"path":"com.vmware.hcx","name":"interconnecttask"}],"identity":{"path":"com.vmware","name":"hcx"},"description":"hcx namespace"},{"children":[{"path":"com.vmware.hcx.interconnecttask","name":"task"}],"identity":{"path":"com.vmware.hcx","name":"interconnecttask"},"description":"interconnecttask namespace"},{"children":[],"identity":{"path":"com.vmware.hcx.interconnecttask","name":"task"},"description":"task namespace"},{"children":[{"path":"","name":"com"}],"identity":{"path":"","name":""},"description":"Root namespace"}]},"routing":{"packages":[]},"metamodel":{"metadata":[],"documentation":"","name":"com.vmware.hcx.interconnecttask","packages":[{"value":{"metadata":[{"value":{"elements":[{"value":{"string_value":"true","type":"STRING"},"key":"autoGenerated"},{"value":{"string_value":"com.vmware.hcx.interconnecttask","type":"STRING"},"key":"value"}]},"key":"Component"}],"documentation":"","name":"com.vmware.hcx.interconnecttask","structures":[],"enumerations":[],"services":[{"value":{"metadata":[],"operations":[{"value":{"output":{"metadata":[],"documentation":"com.vmware.hcx.interconnecttask.model.TasksListResponse","type":{"user_defined_type":{"resource_type":"com.vmware.vapi.structure","resource_id":"com.vmware.hcx.interconnecttask.model.tasks_list_response"},"category":"USER_DEFINED"}},"metadata":[{"value":{"elements":[{"value":{"string_value":"POST","type":"STRING"},"key":"method"},{"value":{"string_value":"/hybridity/api/interconnect/tasks/query","type":"STRING"},"key":"value"},{"value":{"string_value":"application/json","type":"STRING"},"key":"contentType"},{"value":{"string_value":"application/json","type":"STRING"},"key":"accept"}]},"key":"RequestMapping"}],"documentation":"query interconnect tasks.","name":"get_interconnect_tasks_by_filter","params":[{"metadata":[{"value":{"elements":[{"value":{"string_value":"true","type":"STRING"},"key":"value"}]},"key":"RequestBody"}],"documentation":"Filter object. (required)","name":"body","type":{"user_defined_type":{"resource_type":"com.vmware.vapi.structure","resource_id":"com.vmware.hcx.interconnecttask.model.task_filter"},"category":"USER_DEFINED"}}],"errors":[{"documentation":"Unauthorized","structure_id":"com.vmware.vapi.std.errors.unauthenticated"},{"documentation":"Forbidden","structure_id":"com.vmware.vapi.std.errors.unauthorized"},{"documentation":"Internal Server Error","structure_id":"com.vmware.vapi.std.errors.error"}]},"key":"get_interconnect_tasks_by_filter"},{"value":{"output":{"metadata":[],"documentation":"com.vmware.hcx.interconnecttask.model.TasksListResponse","type":{"user_defined_type":{"resource_type":"com.vmware.vapi.structure","resource_id":"com.vmware.hcx.interconnecttask.model.tasks_list_response"},"category":"USER_DEFINED"}},"metadata":[{"value":{"elements":[{"value":{"string_value":"GET","type":"STRING"},"key":"method"},{"value":{"string_value":"/hybridity/api/interconnect/tasks","type":"STRING"},"key":"value"},{"value":{"string_value":"application/json","type":"STRING"},"key":"contentType"},{"value":{"string_value":"application/json","type":"STRING"},"key":"accept"}]},"key":"RequestMapping"}],"documentation":"Get all interconnect tasks","name":"get_all_interconnect_tasks","params":[{"metadata":[{"value":{"elements":[{"value":{"string_value":"offset","type":"STRING"},"key":"value"}]},"key":"RequestParam"}],"documentation":"offset query parameter (optional, default to 1)","name":"offset","type":{"category":"GENERIC","generic_instantiation":{"generic_type":"OPTIONAL","element_type":{"builtin_type":"LONG","category":"BUILTIN"}}}},{"metadata":[{"value":{"elements":[{"value":{"string_value":"pageSize","type":"STRING"},"key":"value"}]},"key":"RequestParam"}],"documentation":"pageSize query parameter (optional, default to 100)","name":"page_size","type":{"category":"GENERIC","generic_instantiation":{"generic_type":"OPTIONAL","element_type":{"builtin_type":"LONG","category":"BUILTIN"}}}}],"errors":[{"documentation":"Unauthorized","structure_id":"com.vmware.vapi.std.errors.unauthenticated"},{"documentation":"Forbidden","structure_id":"com.vmware.vapi.std.errors.unauthorized"},{"documentation":"Internal Server Error","structure_id":"com.vmware.vapi.std.errors.error"}]},"key":"get_all_interconnect_tasks"},{"value":{"output":{"metadata":[],"documentation":"com.vmware.hcx.interconnecttask.model.TaskResponse","type":{"user_defined_type":{"resource_type":"com.vmware.vapi.structure","resource_id":"com.vmware.hcx.interconnecttask.model.task_response"},"category":"USER_DEFINED"}},"metadata":[{"value":{"elements":[{"value":{"string_value":"GET","type":"STRING"},"key":"method"},{"value":{"string_value":"/hybridity/api/interconnect/tasks/{interconnectTaskId}","type":"STRING"},"key":"value"},{"value":{"string_value":"application/json","type":"STRING"},"key":"contentType"},{"value":{"string_value":"application/json","type":"STRING"},"key":"accept"}]},"key":"RequestMapping"}],"documentation":"Get a interconnect task by id.","name":"get_interconnect_task","params":[{"metadata":[{"value":{"elements":[{"value":{"string_value":"interconnectTaskId","type":"STRING"},"key":"value"}]},"key":"PathVariable"}],"documentation":"task id (required)","name":"interconnect_task_id","type":{"builtin_type":"STRING","category":"BUILTIN"}}],"errors":[{"documentation":"Unauthorized","structure_id":"com.vmware.vapi.std.errors.unauthenticated"},{"documentation":"Forbidden","structure_id":"com.vmware.vapi.std.errors.unauthorized"},{"documentation":"Internal Server Error","structure_id":"com.vmware.vapi.std.errors.error"}]},"key":"get_interconnect_task"}],"documentation":"","name":"com.vmware.hcx.interconnecttask.task","structures":[],"enumerations":[],"constants":[]},"key":"com.vmware.hcx.interconnecttask.task"}]},"key":"com.vmware.hcx.interconnecttask"},{"value":{"metadata":[],"documentation":"","name":"com.vmware.hcx.interconnecttask.model","structures":[{"value":{"metadata":[],"documentation":"","name":"com.vmware.hcx.interconnecttask.model.error","enumerations":[],"constants":[],"type":"STRUCTURE","fields":[{"metadata":[{"value":{"elements":[{"value":{"string_value":"code","type":"STRING"},"key":"value"}]},"key":"SerializationName"}],"documentation":"","name":"code","type":{"category":"GENERIC","generic_instantiation":{"generic_type":"OPTIONAL","element_type":{"builtin_type":"STRING","category":"BUILTIN"}}}},{"metadata":[{"value":{"elements":[{"value":{"string_value":"message","type":"STRING"},"key":"value"}]},"key":"SerializationName"}],"documentation":"","name":"message","type":{"category":"GENERIC","generic_instantiation":{"generic_type":"OPTIONAL","element_type":{"builtin_type":"STRING","category":"BUILTIN"}}}}]},"key":"com.vmware.hcx.interconnecttask.model.error"},{"value":{"metadata":[],"documentation":"","name":"com.vmware.hcx.interconnecttask.model.switch_host","enumerations":[],"constants":[],"type":"STRUCTURE","fields":[{"metadata":[{"value":{"elements":[{"value":{"string_value":"id","type":"STRING"},"key":"value"}]},"key":"SerializationName"}],"documentation":"","name":"id","type":{"builtin_type":"STRING","category":"BUILTIN"}},{"metadata":[{"value":{"elements":[{"value":{"string_value":"name","type":"STRING"},"key":"value"}]},"key":"SerializationName"}],"documentation":"","name":"name","type":{"category":"GENERIC","generic_instantiation":{"generic_type":"OPTIONAL","element_type":{"builtin_type":"STRING","category":"BUILTIN"}}}}]},"key":"com.vmware.hcx.interconnecttask.model.switch_host"},{"value":{"metadata":[],"documentation":"","name":"com.vmware.hcx.interconnecttask.model.wanopt_config","enumerations":[],"constants":[],"type":"STRUCTURE","fields":[{"metadata":[{"value":{"elements":[{"value":{"string_value":"uplinkMaxBandwidth","type":"STRING"},"key":"value"}]},"key":"SerializationName"}],"documentation":"","name":"uplink_max_bandwidth","type":{"builtin_type":"LONG","category":"BUILTIN"}}]},"key":"com.vmware.hcx.interconnecttask.model.wanopt_config"},{"value":{"metadata":[],"documentation":"","name":"com.vmware.hcx.interconnecttask.model.service_mesh_task_request","enumerations":[],"constants":[],"type":"STRUCTURE","fields":[{"metadata":[{"value":{"elements":[{"value":{"string_value":"computeProfile","type":"STRING"},"key":"value"}]},"key":"SerializationName"}],"documentation":"","name":"compute_profile","type":{"category":"GENERIC","generic_instantiation":{"generic_type":"OPTIONAL","element_type":{"user_defined_type":{"resource_type":"com.vmware.vapi.structure","resource_id":"com.vmware.hcx.interconnecttask.model.service_mesh"},"category":"USER_DEFINED"}}}}]},"key":"com.vmware.hcx.interconnecttask.model.service_mesh_task_request"},{"value":{"metadata":[],"documentation":"","name":"com.vmware.hcx.interconnecttask.model.task_filter","enumerations":[],"constants":[],"type":"STRUCTURE","fields":[{"metadata":[{"value":{"elements":[{"value":{"string_value":"filter","type":"STRING"},"key":"value"}]},"key":"SerializationName"}],"documentation":"","name":"filter","type":{"user_defined_type":{"resource_type":"com.vmware.vapi.structure","resource_id":"com.vmware.hcx.interconnecttask.model.task_filter_filter"},"category":"USER_DEFINED"}},{"metadata":[{"value":{"elements":[{"value":{"string_value":"paging","type":"STRING"},"key":"value"}]},"key":"SerializationName"}],"documentation":"","name":"paging","type":{"category":"GENERIC","generic_instantiation":{"generic_type":"OPTIONAL","element_type":{"user_defined_type":{"resource_type":"com.vmware.vapi.structure","resource_id":"com.vmware.hcx.interconnecttask.model.task_filter_paging"},"category":"USER_DEFINED"}}}}]},"key":"com.vmware.hcx.interconnecttask.model.task_filter"},{"value":{"metadata":[],"documentation":"","name":"com.vmware.hcx.interconnecttask.model.delete_compute_profile_task_request","enumerations":[],"constants":[],"type":"STRUCTURE","fields":[{"metadata":[{"value":{"elements":[{"value":{"string_value":"computeProfileId","type":"STRING"},"key":"value"}]},"key":"SerializationName"}],"documentation":"","name":"compute_profile_id","type":{"category":"GENERIC","generic_instantiation":{"generic_type":"OPTIONAL","element_type":{"builtin_type":"STRING","category":"BUILTIN"}}}}]},"key":"com.vmware.hcx.interconnecttask.model.delete_compute_profile_task_request"},{"value":{"metadata":[],"documentation":"","name":"com.vmware.hcx.interconnecttask.model.tasks_list_response_paging","enumerations":[],"constants":[],"type":"STRUCTURE","fields":[{"metadata":[{"value":{"elements":[{"value":{"string_value":"offset","type":"STRING"},"key":"value"}]},"key":"SerializationName"}],"documentation":"","name":"offset","type":{"category":"GENERIC","generic_instantiation":{"generic_type":"OPTIONAL","element_type":{"builtin_type":"LONG","category":"BUILTIN"}}}},{"metadata":[{"value":{"elements":[{"value":{"string_value":"pageSize","type":"STRING"},"key":"value"}]},"key":"SerializationName"}],"documentation":"","name":"page_size","type":{"category":"GENERIC","generic_instantiation":{"generic_type":"OPTIONAL","element_type":{"builtin_type":"LONG","category":"BUILTIN"}}}},{"metadata":[{"value":{"elements":[{"value":{"string_value":"totalSize","type":"STRING"},"key":"value"}]},"key":"SerializationName"}],"documentation":"","name":"total_size","type":{"category":"GENERIC","generic_instantiation":{"generic_type":"OPTIONAL","element_type":{"builtin_type":"LONG","category":"BUILTIN"}}}}]},"key":"com.vmware.hcx.interconnecttask.model.tasks_list_response_paging"},{"value":{"metadata":[],"documentation":"","name":"com.vmware.hcx.interconnecttask.model.task_response","enumerations":[],"constants":[],"type":"STRUCTURE","fields":[{"metadata":[{"value":{"elements":[{"value":{"string_value":"interconnectTaskId","type":"STRING"},"key":"value"}]},"key":"SerializationName"}],"documentation":"","name":"interconnect_task_id","type":{"category":"GENERIC","generic_instantiation":{"generic_type":"OPTIONAL","element_type":{"builtin_type":"STRING","category":"BUILTIN"}}}},{"metadata":[{"value":{"elements":[{"value":{"string_value":"entityDetails","type":"STRING"},"key":"value"}]},"key":"SerializationName"}],"documentation":"","name":"entity_details","type":{"category":"GENERIC","generic_instantiation":{"generic_type":"OPTIONAL","element_type":{"user_defined_type":{"resource_type":"com.vmware.vapi.structure","resource_id":"com.vmware.hcx.interconnecttask.model.task_response_entity_details"},"category":"USER_DEFINED"}}}},{"metadata":[{"value":{"elements":[{"value":{"string_value":"type","type":"STRING"},"key":"value"}]},"key":"SerializationName"}],"documentation":"","name":"type","type":{"category":"GENERIC","generic_instantiation":{"generic_type":"OPTIONAL","element_type":{"builtin_type":"STRING","category":"BUILTIN"}}}},{"metadata":[{"value":{"elements":[{"value":{"string_value":"status","type":"STRING"},"key":"value"}]},"key":"SerializationName"}],"documentation":"","name":"status","type":{"category":"GENERIC","generic_instantiation":{"generic_type":"OPTIONAL","element_type":{"user_defined_type":{"resource_type":"com.vmware.vapi.enumeration","resource_id":"com.vmware.hcx.interconnecttask.model.status"},"category":"USER_DEFINED"}}}},{"metadata":[{"value":{"elements":[{"value":{"string_value":"progress","type":"STRING"},"key":"value"}]},"key":"SerializationName"}],"documentation":"","name":"progress","type":{"category":"GENERIC","generic_instantiation":{"generic_type":"OPTIONAL","element_type":{"builtin_type":"LONG","category":"BUILTIN"}}}},{"metadata":[{"value":{"elements":[{"value":{"string_value":"message","type":"STRING"},"key":"value"}]},"key":"SerializationName"}],"documentation":"","name":"message","type":{"category":"GENERIC","generic_instantiation":{"generic_type":"OPTIONAL","element_type":{"builtin_type":"STRING","category":"BUILTIN"}}}},{"metadata":[{"value":{"elements":[{"value":{"string_value":"startTime","type":"STRING"},"key":"value"}]},"key":"SerializationName"}],"documentation":"","name":"start_time","type":{"category":"GENERIC","generic_instantiation":{"generic_type":"OPTIONAL","element_type":{"builtin_type":"LONG","category":"BUILTIN"}}}},{"metadata":[{"value":{"elements":[{"value":{"string_value":"endTime","type":"STRING"},"key":"value"}]},"key":"SerializationName"}],"documentation":"","name":"end_time","type":{"category":"GENERIC","generic_instantiation":{"generic_type":"OPTIONAL","element_type":{"builtin_type":"LONG","category":"BUILTIN"}}}},{"metadata":[{"value":{"elements":[{"value":{"string_value":"request","type":"STRING"},"key":"value"}]},"key":"SerializationName"}],"documentation":"","name":"request","type":{"category":"GENERIC","generic_instantiation":{"generic_type":"OPTIONAL","element_type":{"builtin_type":"DYNAMIC_STRUCTURE","category":"BUILTIN"}}}},{"metadata":[{"value":{"elements":[{"value":{"string_value":"response","type":"STRING"},"key":"value"}]},"key":"SerializationName"}],"documentation":"","name":"response","type":{"category":"GENERIC","generic_instantiation":{"generic_type":"OPTIONAL","element_type":{"builtin_type":"DYNAMIC_STRUCTURE","category":"BUILTIN"}}}},{"metadata":[{"value":{"elements":[{"value":{"string_value":"steps","type":"STRING"},"key":"value"}]},"key":"SerializationName"}],"documentation":"","name":"steps","type":{"category":"GENERIC","generic_instantiation":{"generic_type":"OPTIONAL","element_type":{"category":"GENERIC","generic_instantiation":{"generic_type":"LIST","element_type":{"user_defined_type":{"resource_type":"com.vmware.vapi.structure","resource_id":"com.vmware.hcx.interconnecttask.model.task_step"},"category":"USER_DEFINED"}}}}}}]},"key":"com.vmware.hcx.interconnecttask.model.task_response"},{"value":{"metadata":[],"documentation":"","name":"com.vmware.hcx.interconnecttask.model.network_static_route","enumerations":[],"constants":[],"type":"STRUCTURE","fields":[{"metadata":[{"value":{"elements":[{"value":{"string_value":"network","type":"STRING"},"key":"value"}]},"key":"SerializationName"}],"documentation":"","name":"network","type":{"builtin_type":"STRING","category":"BUILTIN"}},{"metadata":[{"value":{"elements":[{"value":{"string_value":"nextHop","type":"STRING"},"key":"value"}]},"key":"SerializationName"}],"documentation":"","name":"next_hop","type":{"builtin_type":"STRING","category":"BUILTIN"}}]},"key":"com.vmware.hcx.interconnecttask.model.network_static_route"},{"value":{"metadata":[],"documentation":"","name":"com.vmware.hcx.interconnecttask.model.service","enumerations":[],"constants":[],"type":"STRUCTURE","fields":[{"metadata":[{"value":{"elements":[{"value":{"string_value":"name","type":"STRING"},"key":"value"}]},"key":"SerializationName"}],"documentation":"","name":"name","type":{"builtin_type":"STRING","category":"BUILTIN"}}]},"key":"com.vmware.hcx.interconnecttask.model.service"},{"value":{"metadata":[],"documentation":"","name":"com.vmware.hcx.interconnecttask.model.service_mesh_compute_profile_network","enumerations":[],"constants":[],"type":"STRUCTURE","fields":[{"metadata":[{"value":{"elements":[{"value":{"string_value":"id","type":"STRING"},"key":"value"}]},"key":"SerializationName"}],"documentation":"","name":"id","type":{"category":"GENERIC","generic_instantiation":{"generic_type":"OPTIONAL","element_type":{"builtin_type":"STRING","category":"BUILTIN"}}}},{"metadata":[{"value":{"elements":[{"value":{"string_value":"name","type":"STRING"},"key":"value"}]},"key":"SerializationName"}],"documentation":"","name":"name","type":{"category":"GENERIC","generic_instantiation":{"generic_type":"OPTIONAL","element_type":{"builtin_type":"STRING","category":"BUILTIN"}}}},{"metadata":[{"value":{"elements":[{"value":{"string_value":"tags","type":"STRING"},"key":"value"}]},"key":"SerializationName"}],"documentation":"","name":"tags","type":{"category":"GENERIC","generic_instantiation":{"generic_type":"OPTIONAL","element_type":{"category":"GENERIC","generic_instantiation":{"generic_type":"LIST","element_type":{"builtin_type":"STRING","category":"BUILTIN"}}}}}}]},"key":"com.vmware.hcx.interconnecttask.model.service_mesh_compute_profile_network"},{"value":{"metadata":[],"documentation":"","name":"com.vmware.hcx.interconnecttask.model.compute_profile_task_request","enumerations":[],"constants":[],"type":"STRUCTURE","fields":[{"metadata":[{"value":{"elements":[{"value":{"string_value":"computeProfile","type":"STRING"},"key":"value"}]},"key":"SerializationName"}],"documentation":"","name":"compute_profile","type":{"category":"GENERIC","generic_instantiation":{"generic_type":"OPTIONAL","element_type":{"user_defined_type":{"resource_type":"com.vmware.vapi.structure","resource_id":"com.vmware.hcx.interconnecttask.model.compute_profile"},"category":"USER_DEFINED"}}}}]},"key":"com.vmware.hcx.interconnecttask.model.compute_profile_task_request"},{"value":{"metadata":[],"documentation":"","name":"com.vmware.hcx.interconnecttask.model.deployment_container","enumerations":[],"constants":[],"type":"STRUCTURE","fields":[{"metadata":[{"value":{"elements":[{"value":{"string_value":"compute","type":"STRING"},"key":"value"}]},"key":"SerializationName"}],"documentation":"","name":"compute","type":{"category":"GENERIC","generic_instantiation":{"generic_type":"OPTIONAL","element_type":{"category":"GENERIC","generic_instantiation":{"generic_type":"LIST","element_type":{"user_defined_type":{"resource_type":"com.vmware.vapi.structure","resource_id":"com.vmware.hcx.interconnecttask.model.compute"},"category":"USER_DEFINED"}}}}}},{"metadata":[{"value":{"elements":[{"value":{"string_value":"storage","type":"STRING"},"key":"value"}]},"key":"SerializationName"}],"documentation":"","name":"storage","type":{"category":"GENERIC","generic_instantiation":{"generic_type":"OPTIONAL","element_type":{"category":"GENERIC","generic_instantiation":{"generic_type":"LIST","element_type":{"user_defined_type":{"resource_type":"com.vmware.vapi.structure","resource_id":"com.vmware.hcx.interconnecttask.model.storage"},"category":"USER_DEFINED"}}}}}}]},"key":"com.vmware.hcx.interconnecttask.model.deployment_container"},{"value":{"metadata":[],"documentation":"","name":"com.vmware.hcx.interconnecttask.model.task_response_error_data","enumerations":[],"constants":[],"type":"STRUCTURE","fields":[{"metadata":[{"value":{"elements":[{"value":{"string_value":"errors","type":"STRING"},"key":"value"}]},"key":"SerializationName"}],"documentation":"","name":"errors","type":{"category":"GENERIC","generic_instantiation":{"generic_type":"OPTIONAL","element_type":{"category":"GENERIC","generic_instantiation":{"generic_type":"LIST","element_type":{"user_defined_type":{"resource_type":"com.vmware.vapi.structure","resource_id":"com.vmware.hcx.interconnecttask.model.error"},"category":"USER_DEFINED"}}}}}}]},"key":"com.vmware.hcx.interconnecttask.model.task_response_error_data"},{"value":{"metadata":[],"documentation":"","name":"com.vmware.hcx.interconnecttask.model.tasks_list_response","enumerations":[],"constants":[],"type":"STRUCTURE","fields":[{"metadata":[{"value":{"elements":[{"value":{"string_value":"items","type":"STRING"},"key":"value"}]},"key":"SerializationName"}],"documentation":"","name":"items","type":{"category":"GENERIC","generic_instantiation":{"generic_type":"OPTIONAL","element_type":{"category":"GENERIC","generic_instantiation":{"generic_type":"LIST","element_type":{"user_defined_type":{"resource_type":"com.vmware.vapi.structure","resource_id":"com.vmware.hcx.interconnecttask.model.task_response"},"category":"USER_DEFINED"}}}}}},{"metadata":[{"value":{"elements":[{"value":{"string_value":"paging","type":"STRING"},"key":"value"}]},"key":"SerializationName"}],"documentation":"","name":"paging","type":{"category":"GENERIC","generic_instantiation":{"generic_type":"OPTIONAL","element_type":{"user_defined_type":{"resource_type":"com.vmware.vapi.structure","resource_id":"com.vmware.hcx.interconnecttask.model.tasks_list_response_paging"},"category":"USER_DEFINED"}}}}]},"key":"com.vmware.hcx.interconnecttask.model.tasks_list_response"},{"value":{"metadata":[],"documentation":"","name":"com.vmware.hcx.interconnecttask.model.storage","enumerations":[],"constants":[],"type":"STRUCTURE","fields":[{"metadata":[{"value":{"elements":[{"value":{"string_value":"cmpId","type":"STRING"},"key":"value"}]},"key":"SerializationName"}],"documentation":"","name":"cmp_id","type":{"builtin_type":"STRING","category":"BUILTIN"}},{"metadata":[{"value":{"elements":[{"value":{"string_value":"cmpName","type":"STRING"},"key":"value"}]},"key":"SerializationName"}],"documentation":"","name":"cmp_name","type":{"category":"GENERIC","generic_instantiation":{"generic_type":"OPTIONAL","element_type":{"builtin_type":"STRING","category":"BUILTIN"}}}},{"metadata":[{"value":{"elements":[{"value":{"string_value":"cmpType","type":"STRING"},"key":"value"}]},"key":"SerializationName"}],"documentation":"","name":"cmp_type","type":{"category":"GENERIC","generic_instantiation":{"generic_type":"OPTIONAL","element_type":{"builtin_type":"STRING","category":"BUILTIN"}}}},{"metadata":[{"value":{"elements":[{"value":{"string_value":"type","type":"STRING"},"key":"value"}]},"key":"SerializationName"}],"documentation":"","name":"type","type":{"builtin_type":"STRING","category":"BUILTIN"}},{"metadata":[{"value":{"elements":[{"value":{"string_value":"id","type":"STRING"},"key":"value"}]},"key":"SerializationName"}],"documentation":"","name":"id","type":{"builtin_type":"STRING","category":"BUILTIN"}},{"metadata":[{"value":{"elements":[{"value":{"string_value":"name","type":"STRING"},"key":"value"}]},"key":"SerializationName"}],"documentation":"","name":"name","type":{"category":"GENERIC","generic_instantiation":{"generic_type":"OPTIONAL","element_type":{"builtin_type":"STRING","category":"BUILTIN"}}}}]},"key":"com.vmware.hcx.interconnecttask.model.storage"},{"value":{"metadata":[],"documentation":"","name":"com.vmware.hcx.interconnecttask.model.compute_profile","enumerations":[],"constants":[],"type":"STRUCTURE","fields":[{"metadata":[{"value":{"elements":[{"value":{"string_value":"computeProfileId","type":"STRING"},"key":"value"}]},"key":"SerializationName"}],"documentation":"","name":"compute_profile_id","type":{"category":"GENERIC","generic_instantiation":{"generic_type":"OPTIONAL","element_type":{"builtin_type":"STRING","category":"BUILTIN"}}}},{"metadata":[{"value":{"elements":[{"value":{"string_value":"name","type":"STRING"},"key":"value"}]},"key":"SerializationName"}],"documentation":"","name":"name","type":{"builtin_type":"STRING","category":"BUILTIN"}},{"metadata":[{"value":{"elements":[{"value":{"string_value":"location","type":"STRING"},"key":"value"}]},"key":"SerializationName"}],"documentation":"","name":"location","type":{"category":"GENERIC","generic_instantiation":{"generic_type":"OPTIONAL","element_type":{"builtin_type":"STRING","category":"BUILTIN"}}}},{"metadata":[{"value":{"elements":[{"value":{"string_value":"locationName","type":"STRING"},"key":"value"}]},"key":"SerializationName"}],"documentation":"","name":"location_name","type":{"category":"GENERIC","generic_instantiation":{"generic_type":"OPTIONAL","element_type":{"builtin_type":"STRING","category":"BUILTIN"}}}},{"metadata":[{"value":{"elements":[{"value":{"string_value":"state","type":"STRING"},"key":"value"}]},"key":"SerializationName"}],"documentation":"","name":"state","type":{"category":"GENERIC","generic_instantiation":{"generic_type":"OPTIONAL","element_type":{"builtin_type":"STRING","category":"BUILTIN"}}}},{"metadata":[{"value":{"elements":[{"value":{"string_value":"deploymentComputeClusterName","type":"STRING"},"key":"value"}]},"key":"SerializationName"}],"documentation":"","name":"deployment_compute_cluster_name","type":{"category":"GENERIC","generic_instantiation":{"generic_type":"OPTIONAL","element_type":{"builtin_type":"STRING","category":"BUILTIN"}}}},{"metadata":[{"value":{"elements":[{"value":{"string_value":"deploymentComputeClusterId","type":"STRING"},"key":"value"}]},"key":"SerializationName"}],"documentation":"","name":"deployment_compute_cluster_id","type":{"category":"GENERIC","generic_instantiation":{"generic_type":"OPTIONAL","element_type":{"builtin_type":"STRING","category":"BUILTIN"}}}},{"metadata":[{"value":{"elements":[{"value":{"string_value":"compute","type":"STRING"},"key":"value"}]},"key":"SerializationName"}],"documentation":"","name":"compute","type":{"category":"GENERIC","generic_instantiation":{"generic_type":"LIST","element_type":{"user_defined_type":{"resource_type":"com.vmware.vapi.structure","resource_id":"com.vmware.hcx.interconnecttask.model.compute"},"category":"USER_DEFINED"}}}},{"metadata":[{"value":{"elements":[{"value":{"string_value":"services","type":"STRING"},"key":"value"}]},"key":"SerializationName"}],"documentation":"","name":"services","type":{"category":"GENERIC","generic_instantiation":{"generic_type":"LIST","element_type":{"user_defined_type":{"resource_type":"com.vmware.vapi.structure","resource_id":"com.vmware.hcx.interconnecttask.model.service"},"category":"USER_DEFINED"}}}},{"metadata":[{"value":{"elements":[{"value":{"string_value":"deploymentContainer","type":"STRING"},"key":"value"}]},"key":"SerializationName"}],"documentation":"","name":"deployment_container","type":{"user_defined_type":{"resource_type":"com.vmware.vapi.structure","resource_id":"com.vmware.hcx.interconnecttask.model.deployment_container"},"category":"USER_DEFINED"}},{"metadata":[{"value":{"elements":[{"value":{"string_value":"networks","type":"STRING"},"key":"value"}]},"key":"SerializationName"}],"documentation":"","name":"networks","type":{"category":"GENERIC","generic_instantiation":{"generic_type":"LIST","element_type":{"user_defined_type":{"resource_type":"com.vmware.vapi.structure","resource_id":"com.vmware.hcx.interconnecttask.model.network"},"category":"USER_DEFINED"}}}},{"metadata":[{"value":{"elements":[{"value":{"string_value":"switches","type":"STRING"},"key":"value"}]},"key":"SerializationName"}],"documentation":"","name":"switches","type":{"category":"GENERIC","generic_instantiation":{"generic_type":"OPTIONAL","element_type":{"category":"GENERIC","generic_instantiation":{"generic_type":"LIST","element_type":{"user_defined_type":{"resource_type":"com.vmware.vapi.structure","resource_id":"com.vmware.hcx.interconnecttask.model.switch"},"category":"USER_DEFINED"}}}}}}]},"key":"com.vmware.hcx.interconnecttask.model.compute_profile"},{"value":{"metadata":[],"documentation":"","name":"com.vmware.hcx.interconnecttask.model.compute","enumerations":[],"constants":[],"type":"STRUCTURE","fields":[{"metadata":[{"value":{"elements":[{"value":{"string_value":"cmpId","type":"STRING"},"key":"value"}]},"key":"SerializationName"}],"documentation":"","name":"cmp_id","type":{"builtin_type":"STRING","category":"BUILTIN"}},{"metadata":[{"value":{"elements":[{"value":{"string_value":"cmpName","type":"STRING"},"key":"value"}]},"key":"SerializationName"}],"documentation":"","name":"cmp_name","type":{"category":"GENERIC","generic_instantiation":{"generic_type":"OPTIONAL","element_type":{"builtin_type":"STRING","category":"BUILTIN"}}}},{"metadata":[{"value":{"elements":[{"value":{"string_value":"cmpType","type":"STRING"},"key":"value"}]},"key":"SerializationName"}],"documentation":"","name":"cmp_type","type":{"category":"GENERIC","generic_instantiation":{"generic_type":"OPTIONAL","element_type":{"builtin_type":"STRING","category":"BUILTIN"}}}},{"metadata":[{"value":{"elements":[{"value":{"string_value":"type","type":"STRING"},"key":"value"}]},"key":"SerializationName"}],"documentation":"","name":"type","type":{"builtin_type":"STRING","category":"BUILTIN"}},{"metadata":[{"value":{"elements":[{"value":{"string_value":"id","type":"STRING"},"key":"value"}]},"key":"SerializationName"}],"documentation":"","name":"id","type":{"builtin_type":"STRING","category":"BUILTIN"}},{"metadata":[{"value":{"elements":[{"value":{"string_value":"name","type":"STRING"},"key":"value"}]},"key":"SerializationName"}],"documentation":"","name":"name","type":{"category":"GENERIC","generic_instantiation":{"generic_type":"OPTIONAL","element_type":{"builtin_type":"STRING","category":"BUILTIN"}}}}]},"key":"com.vmware.hcx.interconnecttask.model.compute"},{"value":{"metadata":[],"documentation":"","name":"com.vmware.hcx.interconnecttask.model.warning","enumerations":[],"constants":[],"type":"STRUCTURE","fields":[{"metadata":[{"value":{"elements":[{"value":{"string_value":"message","type":"STRING"},"key":"value"}]},"key":"SerializationName"}],"documentation":"","name":"message","type":{"category":"GENERIC","generic_instantiation":{"generic_type":"OPTIONAL","element_type":{"builtin_type":"STRING","category":"BUILTIN"}}}}]},"key":"com.vmware.hcx.interconnecttask.model.warning"},{"value":{"metadata":[],"documentation":"","name":"com.vmware.hcx.interconnecttask.model.switch_pair","enumerations":[],"constants":[],"type":"STRUCTURE","fields":[{"metadata":[{"value":{"elements":[{"value":{"string_value":"switches","type":"STRING"},"key":"value"}]},"key":"SerializationName"}],"documentation":"","name":"switches","type":{"category":"GENERIC","generic_instantiation":{"generic_type":"LIST","element_type":{"user_defined_type":{"resource_type":"com.vmware.vapi.structure","resource_id":"com.vmware.hcx.interconnecttask.model.switch"},"category":"USER_DEFINED"}}}},{"metadata":[{"value":{"elements":[{"value":{"string_value":"l2cApplianceCount","type":"STRING"},"key":"value"}]},"key":"SerializationName"}],"documentation":"","name":"l2c_appliance_count","type":{"builtin_type":"LONG","category":"BUILTIN"}}]},"key":"com.vmware.hcx.interconnecttask.model.switch_pair"},{"value":{"metadata":[],"documentation":"","name":"com.vmware.hcx.interconnecttask.model.task_filter_filter","enumerations":[],"constants":[],"type":"STRUCTURE","fields":[{"metadata":[{"value":{"elements":[{"value":{"string_value":"interconnectTaskIds","type":"STRING"},"key":"value"}]},"key":"SerializationName"}],"documentation":"","name":"interconnect_task_ids","type":{"category":"GENERIC","generic_instantiation":{"generic_type":"OPTIONAL","element_type":{"category":"GENERIC","generic_instantiation":{"generic_type":"LIST","element_type":{"builtin_type":"STRING","category":"BUILTIN"}}}}}},{"metadata":[{"value":{"elements":[{"value":{"string_value":"status","type":"STRING"},"key":"value"}]},"key":"SerializationName"}],"documentation":"","name":"status","type":{"category":"GENERIC","generic_instantiation":{"generic_type":"OPTIONAL","element_type":{"category":"GENERIC","generic_instantiation":{"generic_type":"LIST","element_type":{"user_defined_type":{"resource_type":"com.vmware.vapi.enumeration","resource_id":"com.vmware.hcx.interconnecttask.model.status"},"category":"USER_DEFINED"}}}}}},{"metadata":[{"value":{"elements":[{"value":{"string_value":"entityIds","type":"STRING"},"key":"value"}]},"key":"SerializationName"}],"documentation":"","name":"entity_ids","type":{"category":"GENERIC","generic_instantiation":{"generic_type":"OPTIONAL","element_type":{"category":"GENERIC","generic_instantiation":{"generic_type":"LIST","element_type":{"builtin_type":"STRING","category":"BUILTIN"}}}}}},{"metadata":[{"value":{"elements":[{"value":{"string_value":"startTime","type":"STRING"},"key":"value"}]},"key":"SerializationName"}],"documentation":"","name":"start_time","type":{"category":"GENERIC","generic_instantiation":{"generic_type":"OPTIONAL","element_type":{"builtin_type":"LONG","category":"BUILTIN"}}}},{"metadata":[{"value":{"elements":[{"value":{"string_value":"endTime","type":"STRING"},"key":"value"}]},"key":"SerializationName"}],"documentation":"","name":"end_time","type":{"category":"GENERIC","generic_instantiation":{"generic_type":"OPTIONAL","element_type":{"builtin_type":"LONG","category":"BUILTIN"}}}}]},"key":"com.vmware.hcx.interconnecttask.model.task_filter_filter"},{"value":{"metadata":[],"documentation":"","name":"com.vmware.hcx.interconnecttask.model.switch","enumerations":[],"constants":[],"type":"STRUCTURE","fields":[{"metadata":[{"value":{"elements":[{"value":{"string_value":"cmpId","type":"STRING"},"key":"value"}]},"key":"SerializationName"}],"documentation":"","name":"cmp_id","type":{"builtin_type":"STRING","category":"BUILTIN"}},{"metadata":[{"value":{"elements":[{"value":{"string_value":"id","type":"STRING"},"key":"value"}]},"key":"SerializationName"}],"documentation":"","name":"id","type":{"builtin_type":"STRING","category":"BUILTIN"}},{"metadata":[{"value":{"elements":[{"value":{"string_value":"type","type":"STRING"},"key":"value"}]},"key":"SerializationName"}],"documentation":"","name":"type","type":{"builtin_type":"STRING","category":"BUILTIN"}},{"metadata":[{"value":{"elements":[{"value":{"string_value":"name","type":"STRING"},"key":"value"}]},"key":"SerializationName"}],"documentation":"","name":"name","type":{"category":"GENERIC","generic_instantiation":{"generic_type":"OPTIONAL","element_type":{"builtin_type":"STRING","category":"BUILTIN"}}}},{"metadata":[{"value":{"elements":[{"value":{"string_value":"maxMtu","type":"STRING"},"key":"value"}]},"key":"SerializationName"}],"documentation":"","name":"max_mtu","type":{"category":"GENERIC","generic_instantiation":{"generic_type":"OPTIONAL","element_type":{"builtin_type":"LONG","category":"BUILTIN"}}}},{"metadata":[{"value":{"elements":[{"value":{"string_value":"l2cApplianceCount","type":"STRING"},"key":"value"}]},"key":"SerializationName"}],"documentation":"","name":"l2c_appliance_count","type":{"category":"GENERIC","generic_instantiation":{"generic_type":"OPTIONAL","element_type":{"builtin_type":"LONG","category":"BUILTIN"}}}},{"metadata":[{"value":{"elements":[{"value":{"string_value":"host","type":"STRING"},"key":"value"}]},"key":"SerializationName"}],"documentation":"","name":"host","type":{"category":"GENERIC","generic_instantiation":{"generic_type":"OPTIONAL","element_type":{"user_defined_type":{"resource_type":"com.vmware.vapi.structure","resource_id":"com.vmware.hcx.interconnecttask.model.switch_host"},"category":"USER_DEFINED"}}}}]},"key":"com.vmware.hcx.interconnecttask.model.switch"},{"value":{"metadata":[],"documentation":"","name":"com.vmware.hcx.interconnecttask.model.task_filter_paging","enumerations":[],"constants":[],"type":"STRUCTURE","fields":[{"metadata":[{"value":{"elements":[{"value":{"string_value":"offset","type":"STRING"},"key":"value"}]},"key":"SerializationName"}],"documentation":"","name":"offset","type":{"category":"GENERIC","generic_instantiation":{"generic_type":"OPTIONAL","element_type":{"builtin_type":"LONG","category":"BUILTIN"}}}},{"metadata":[{"value":{"elements":[{"value":{"string_value":"pageSize","type":"STRING"},"key":"value"}]},"key":"SerializationName"}],"documentation":"","name":"page_size","type":{"category":"GENERIC","generic_instantiation":{"generic_type":"OPTIONAL","element_type":{"builtin_type":"LONG","category":"BUILTIN"}}}}]},"key":"com.vmware.hcx.interconnecttask.model.task_filter_paging"},{"value":{"metadata":[],"documentation":"","name":"com.vmware.hcx.interconnecttask.model.task_response_entity_details","enumerations":[],"constants":[],"type":"STRUCTURE","fields":[{"metadata":[{"value":{"elements":[{"value":{"string_value":"id","type":"STRING"},"key":"value"}]},"key":"SerializationName"}],"documentation":"","name":"id","type":{"category":"GENERIC","generic_instantiation":{"generic_type":"OPTIONAL","element_type":{"builtin_type":"STRING","category":"BUILTIN"}}}},{"metadata":[{"value":{"elements":[{"value":{"string_value":"type","type":"STRING"},"key":"value"}]},"key":"SerializationName"}],"documentation":"","name":"type","type":{"category":"GENERIC","generic_instantiation":{"generic_type":"OPTIONAL","element_type":{"builtin_type":"STRING","category":"BUILTIN"}}}},{"metadata":[{"value":{"elements":[{"value":{"string_value":"name","type":"STRING"},"key":"value"}]},"key":"SerializationName"}],"documentation":"","name":"name","type":{"category":"GENERIC","generic_instantiation":{"generic_type":"OPTIONAL","element_type":{"builtin_type":"STRING","category":"BUILTIN"}}}}]},"key":"com.vmware.hcx.interconnecttask.model.task_response_entity_details"},{"value":{"metadata":[],"documentation":"","name":"com.vmware.hcx.interconnecttask.model.delete_service_mesh_task_request","enumerations":[],"constants":[],"type":"STRUCTURE","fields":[{"metadata":[{"value":{"elements":[{"value":{"string_value":"serviceMeshId","type":"STRING"},"key":"value"}]},"key":"SerializationName"}],"documentation":"","name":"service_mesh_id","type":{"category":"GENERIC","generic_instantiation":{"generic_type":"OPTIONAL","element_type":{"builtin_type":"STRING","category":"BUILTIN"}}}}]},"key":"com.vmware.hcx.interconnecttask.model.delete_service_mesh_task_request"},{"value":{"metadata":[],"documentation":"","name":"com.vmware.hcx.interconnecttask.model.service_mesh","enumerations":[],"constants":[],"type":"STRUCTURE","fields":[{"metadata":[{"value":{"elements":[{"value":{"string_value":"serviceMeshId","type":"STRING"},"key":"value"}]},"key":"SerializationName"}],"documentation":"","name":"service_mesh_id","type":{"category":"GENERIC","generic_instantiation":{"generic_type":"OPTIONAL","element_type":{"builtin_type":"STRING","category":"BUILTIN"}}}},{"metadata":[{"value":{"elements":[{"value":{"string_value":"name","type":"STRING"},"key":"value"}]},"key":"SerializationName"}],"documentation":"","name":"name","type":{"builtin_type":"STRING","category":"BUILTIN"}},{"metadata":[{"value":{"elements":[{"value":{"string_value":"switchPairCount","type":"STRING"},"key":"value"}]},"key":"SerializationName"}],"documentation":"","name":"switch_pair_count","type":{"category":"GENERIC","generic_instantiation":{"generic_type":"OPTIONAL","element_type":{"category":"GENERIC","generic_instantiation":{"generic_type":"LIST","element_type":{"user_defined_type":{"resource_type":"com.vmware.vapi.structure","resource_id":"com.vmware.hcx.interconnecttask.model.switch_pair"},"category":"USER_DEFINED"}}}}}},{"metadata":[{"value":{"elements":[{"value":{"string_value":"wanoptConfig","type":"STRING"},"key":"value"}]},"key":"SerializationName"}],"documentation":"","name":"wanopt_config","type":{"category":"GENERIC","generic_instantiation":{"generic_type":"OPTIONAL","element_type":{"user_defined_type":{"resource_type":"com.vmware.vapi.structure","resource_id":"com.vmware.hcx.interconnecttask.model.wanopt_config"},"category":"USER_DEFINED"}}}},{"metadata":[{"value":{"elements":[{"value":{"string_value":"services","type":"STRING"},"key":"value"}]},"key":"SerializationName"}],"documentation":"","name":"services","type":{"category":"GENERIC","generic_instantiation":{"generic_type":"LIST","element_type":{"user_defined_type":{"resource_type":"com.vmware.vapi.structure","resource_id":"com.vmware.hcx.interconnecttask.model.service"},"category":"USER_DEFINED"}}}},{"metadata":[{"value":{"elements":[{"value":{"string_value":"computeProfiles","type":"STRING"},"key":"value"}]},"key":"SerializationName"}],"documentation":"","name":"compute_profiles","type":{"category":"GENERIC","generic_instantiation":{"generic_type":"LIST","element_type":{"user_defined_type":{"resource_type":"com.vmware.vapi.structure","resource_id":"com.vmware.hcx.interconnecttask.model.service_mesh_compute_profile"},"category":"USER_DEFINED"}}}}]},"key":"com.vmware.hcx.interconnecttask.model.service_mesh"},{"value":{"metadata":[],"documentation":"","name":"com.vmware.hcx.interconnecttask.model.network","enumerations":[],"constants":[],"type":"STRUCTURE","fields":[{"metadata":[{"value":{"elements":[{"value":{"string_value":"id","type":"STRING"},"key":"value"}]},"key":"SerializationName"}],"documentation":"","name":"id","type":{"builtin_type":"STRING","category":"BUILTIN"}},{"metadata":[{"value":{"elements":[{"value":{"string_value":"name","type":"STRING"},"key":"value"}]},"key":"SerializationName"}],"documentation":"","name":"name","type":{"category":"GENERIC","generic_instantiation":{"generic_type":"OPTIONAL","element_type":{"builtin_type":"STRING","category":"BUILTIN"}}}},{"metadata":[{"value":{"elements":[{"value":{"string_value":"tags","type":"STRING"},"key":"value"}]},"key":"SerializationName"}],"documentation":"","name":"tags","type":{"category":"GENERIC","generic_instantiation":{"generic_type":"LIST","element_type":{"user_defined_type":{"resource_type":"com.vmware.vapi.enumeration","resource_id":"com.vmware.hcx.interconnecttask.model.tag"},"category":"USER_DEFINED"}}}},{"metadata":[{"value":{"elements":[{"value":{"string_value":"staticRoutes","type":"STRING"},"key":"value"}]},"key":"SerializationName"}],"documentation":"","name":"static_routes","type":{"category":"GENERIC","generic_instantiation":{"generic_type":"OPTIONAL","element_type":{"category":"GENERIC","generic_instantiation":{"generic_type":"LIST","element_type":{"user_defined_type":{"resource_type":"com.vmware.vapi.structure","resource_id":"com.vmware.hcx.interconnecttask.model.network_static_route"},"category":"USER_DEFINED"}}}}}}]},"key":"com.vmware.hcx.interconnecttask.model.network"},{"value":{"metadata":[],"documentation":"","name":"com.vmware.hcx.interconnecttask.model.service_mesh_compute_profile","enumerations":[],"constants":[],"type":"STRUCTURE","fields":[{"metadata":[{"value":{"elements":[{"value":{"string_value":"endpointId","type":"STRING"},"key":"value"}]},"key":"SerializationName"}],"documentation":"","name":"endpoint_id","type":{"builtin_type":"STRING","category":"BUILTIN"}},{"metadata":[{"value":{"elements":[{"value":{"string_value":"endpointName","type":"STRING"},"key":"value"}]},"key":"SerializationName"}],"documentation":"","name":"endpoint_name","type":{"category":"GENERIC","generic_instantiation":{"generic_type":"OPTIONAL","element_type":{"builtin_type":"STRING","category":"BUILTIN"}}}},{"metadata":[{"value":{"elements":[{"value":{"string_value":"computeProfileId","type":"STRING"},"key":"value"}]},"key":"SerializationName"}],"documentation":"","name":"compute_profile_id","type":{"category":"GENERIC","generic_instantiation":{"generic_type":"OPTIONAL","element_type":{"builtin_type":"STRING","category":"BUILTIN"}}}},{"metadata":[{"value":{"elements":[{"value":{"string_value":"computeProfileName","type":"STRING"},"key":"value"}]},"key":"SerializationName"}],"documentation":"","name":"compute_profile_name","type":{"category":"GENERIC","generic_instantiation":{"generic_type":"OPTIONAL","element_type":{"builtin_type":"STRING","category":"BUILTIN"}}}},{"metadata":[{"value":{"elements":[{"value":{"string_value":"networks","type":"STRING"},"key":"value"}]},"key":"SerializationName"}],"documentation":"","name":"networks","type":{"category":"GENERIC","generic_instantiation":{"generic_type":"OPTIONAL","element_type":{"category":"GENERIC","generic_instantiation":{"generic_type":"LIST","element_type":{"user_defined_type":{"resource_type":"com.vmware.vapi.structure","resource_id":"com.vmware.hcx.interconnecttask.model.service_mesh_compute_profile_network"},"category":"USER_DEFINED"}}}}}}]},"key":"com.vmware.hcx.interconnecttask.model.service_mesh_compute_profile"},{"value":{"metadata":[],"documentation":"","name":"com.vmware.hcx.interconnecttask.model.task_step_child","enumerations":[],"constants":[],"type":"STRUCTURE","fields":[{"metadata":[{"value":{"elements":[{"value":{"string_value":"title","type":"STRING"},"key":"value"}]},"key":"SerializationName"}],"documentation":"","name":"title","type":{"category":"GENERIC","generic_instantiation":{"generic_type":"OPTIONAL","element_type":{"builtin_type":"STRING","category":"BUILTIN"}}}},{"metadata":[{"value":{"elements":[{"value":{"string_value":"type","type":"STRING"},"key":"value"}]},"key":"SerializationName"}],"documentation":"","name":"type","type":{"category":"GENERIC","generic_instantiation":{"generic_type":"OPTIONAL","element_type":{"builtin_type":"STRING","category":"BUILTIN"}}}},{"metadata":[{"value":{"elements":[{"value":{"string_value":"status","type":"STRING"},"key":"value"}]},"key":"SerializationName"}],"documentation":"","name":"status","type":{"category":"GENERIC","generic_instantiation":{"generic_type":"OPTIONAL","element_type":{"user_defined_type":{"resource_type":"com.vmware.vapi.enumeration","resource_id":"com.vmware.hcx.interconnecttask.model.status"},"category":"USER_DEFINED"}}}},{"metadata":[{"value":{"elements":[{"value":{"string_value":"progress","type":"STRING"},"key":"value"}]},"key":"SerializationName"}],"documentation":"","name":"progress","type":{"category":"GENERIC","generic_instantiation":{"generic_type":"OPTIONAL","element_type":{"builtin_type":"LONG","category":"BUILTIN"}}}},{"metadata":[{"value":{"elements":[{"value":{"string_value":"startTime","type":"STRING"},"key":"value"}]},"key":"SerializationName"}],"documentation":"","name":"start_time","type":{"category":"GENERIC","generic_instantiation":{"generic_type":"OPTIONAL","element_type":{"builtin_type":"LONG","category":"BUILTIN"}}}},{"metadata":[{"value":{"elements":[{"value":{"string_value":"endTime","type":"STRING"},"key":"value"}]},"key":"SerializationName"}],"documentation":"","name":"end_time","type":{"category":"GENERIC","generic_instantiation":{"generic_type":"OPTIONAL","element_type":{"builtin_type":"LONG","category":"BUILTIN"}}}},{"metadata":[{"value":{"elements":[{"value":{"string_value":"message","type":"STRING"},"key":"value"}]},"key":"SerializationName"}],"documentation":"","name":"message","type":{"category":"GENERIC","generic_instantiation":{"generic_type":"OPTIONAL","element_type":{"builtin_type":"STRING","category":"BUILTIN"}}}},{"metadata":[{"value":{"elements":[{"value":{"string_value":"parentJobId","type":"STRING"},"key":"value"}]},"key":"SerializationName"}],"documentation":"","name":"parent_job_id","type":{"category":"GENERIC","generic_instantiation":{"generic_type":"OPTIONAL","element_type":{"builtin_type":"STRING","category":"BUILTIN"}}}},{"metadata":[{"value":{"elements":[{"value":{"string_value":"jobId","type":"STRING"},"key":"value"}]},"key":"SerializationName"}],"documentation":"","name":"job_id","type":{"category":"GENERIC","generic_instantiation":{"generic_type":"OPTIONAL","element_type":{"builtin_type":"STRING","category":"BUILTIN"}}}},{"metadata":[{"value":{"elements":[{"value":{"string_value":"location","type":"STRING"},"key":"value"}]},"key":"SerializationName"}],"documentation":"","name":"location","type":{"category":"GENERIC","generic_instantiation":{"generic_type":"OPTIONAL","element_type":{"builtin_type":"STRING","category":"BUILTIN"}}}}]},"key":"com.vmware.hcx.interconnecttask.model.task_step_child"},{"value":{"metadata":[],"documentation":"","name":"com.vmware.hcx.interconnecttask.model.interconnect_redeploy_task_request","enumerations":[],"constants":[],"type":"STRUCTURE","fields":[{"metadata":[{"value":{"elements":[{"value":{"string_value":"serviceMeshId","type":"STRING"},"key":"value"}]},"key":"SerializationName"}],"documentation":"","name":"service_mesh_id","type":{"category":"GENERIC","generic_instantiation":{"generic_type":"OPTIONAL","element_type":{"builtin_type":"STRING","category":"BUILTIN"}}}},{"metadata":[{"value":{"elements":[{"value":{"string_value":"applianceId","type":"STRING"},"key":"value"}]},"key":"SerializationName"}],"documentation":"","name":"appliance_id","type":{"category":"GENERIC","generic_instantiation":{"generic_type":"OPTIONAL","element_type":{"builtin_type":"STRING","category":"BUILTIN"}}}},{"metadata":[{"value":{"elements":[{"value":{"string_value":"applianceName","type":"STRING"},"key":"value"}]},"key":"SerializationName"}],"documentation":"","name":"appliance_name","type":{"category":"GENERIC","generic_instantiation":{"generic_type":"OPTIONAL","element_type":{"builtin_type":"STRING","category":"BUILTIN"}}}},{"metadata":[{"value":{"elements":[{"value":{"string_value":"force","type":"STRING"},"key":"value"}]},"key":"SerializationName"}],"documentation":"","name":"force","type":{"category":"GENERIC","generic_instantiation":{"generic_type":"OPTIONAL","element_type":{"user_defined_type":{"resource_type":"com.vmware.vapi.enumeration","resource_id":"com.vmware.hcx.interconnecttask.model.force"},"category":"USER_DEFINED"}}}},{"metadata":[{"value":{"elements":[{"value":{"string_value":"local","type":"STRING"},"key":"value"}]},"key":"SerializationName"}],"documentation":"","name":"local","type":{"category":"GENERIC","generic_instantiation":{"generic_type":"OPTIONAL","element_type":{"user_defined_type":{"resource_type":"com.vmware.vapi.enumeration","resource_id":"com.vmware.hcx.interconnecttask.model.local"},"category":"USER_DEFINED"}}}}]},"key":"com.vmware.hcx.interconnecttask.model.interconnect_redeploy_task_request"},{"value":{"metadata":[],"documentation":"","name":"com.vmware.hcx.interconnecttask.model.task_step","enumerations":[],"constants":[],"type":"STRUCTURE","fields":[{"metadata":[{"value":{"elements":[{"value":{"string_value":"title","type":"STRING"},"key":"value"}]},"key":"SerializationName"}],"documentation":"","name":"title","type":{"category":"GENERIC","generic_instantiation":{"generic_type":"OPTIONAL","element_type":{"builtin_type":"STRING","category":"BUILTIN"}}}},{"metadata":[{"value":{"elements":[{"value":{"string_value":"status","type":"STRING"},"key":"value"}]},"key":"SerializationName"}],"documentation":"","name":"status","type":{"category":"GENERIC","generic_instantiation":{"generic_type":"OPTIONAL","element_type":{"user_defined_type":{"resource_type":"com.vmware.vapi.enumeration","resource_id":"com.vmware.hcx.interconnecttask.model.status"},"category":"USER_DEFINED"}}}},{"metadata":[{"value":{"elements":[{"value":{"string_value":"progress","type":"STRING"},"key":"value"}]},"key":"SerializationName"}],"documentation":"","name":"progress","type":{"category":"GENERIC","generic_instantiation":{"generic_type":"OPTIONAL","element_type":{"builtin_type":"LONG","category":"BUILTIN"}}}},{"metadata":[{"value":{"elements":[{"value":{"string_value":"startTime","type":"STRING"},"key":"value"}]},"key":"SerializationName"}],"documentation":"","name":"start_time","type":{"category":"GENERIC","generic_instantiation":{"generic_type":"OPTIONAL","element_type":{"builtin_type":"LONG","category":"BUILTIN"}}}},{"metadata":[{"value":{"elements":[{"value":{"string_value":"endTime","type":"STRING"},"key":"value"}]},"key":"SerializationName"}],"documentation":"","name":"end_time","type":{"category":"GENERIC","generic_instantiation":{"generic_type":"OPTIONAL","element_type":{"builtin_type":"LONG","category":"BUILTIN"}}}},{"metadata":[{"value":{"elements":[{"value":{"string_value":"message","type":"STRING"},"key":"value"}]},"key":"SerializationName"}],"documentation":"","name":"message","type":{"category":"GENERIC","generic_instantiation":{"generic_type":"OPTIONAL","element_type":{"builtin_type":"STRING","category":"BUILTIN"}}}},{"metadata":[{"value":{"elements":[{"value":{"string_value":"children","type":"STRING"},"key":"value"}]},"key":"SerializationName"}],"documentation":"","name":"children","type":{"category":"GENERIC","generic_instantiation":{"generic_type":"OPTIONAL","element_type":{"category":"GENERIC","generic_instantiation":{"generic_type":"LIST","element_type":{"user_defined_type":{"resource_type":"com.vmware.vapi.structure","resource_id":"com.vmware.hcx.interconnecttask.model.task_step_child"},"category":"USER_DEFINED"}}}}}},{"metadata":[{"value":{"elements":[{"value":{"string_value":"errors","type":"STRING"},"key":"value"}]},"key":"SerializationName"}],"documentation":"","name":"errors","type":{"category":"GENERIC","generic_instantiation":{"generic_type":"OPTIONAL","element_type":{"category":"GENERIC","generic_instantiation":{"generic_type":"LIST","element_type":{"user_defined_type":{"resource_type":"com.vmware.vapi.structure","resource_id":"com.vmware.hcx.interconnecttask.model.error"},"category":"USER_DEFINED"}}}}}},{"metadata":[{"value":{"elements":[{"value":{"string_value":"warnings","type":"STRING"},"key":"value"}]},"key":"SerializationName"}],"documentation":"","name":"warnings","type":{"category":"GENERIC","generic_instantiation":{"generic_type":"OPTIONAL","element_type":{"category":"GENERIC","generic_instantiation":{"generic_type":"LIST","element_type":{"user_defined_type":{"resource_type":"com.vmware.vapi.structure","resource_id":"com.vmware.hcx.interconnecttask.model.warning"},"category":"USER_DEFINED"}}}}}}]},"key":"com.vmware.hcx.interconnecttask.model.task_step"}],"enumerations":[{"value":{"metadata":[],"values":[{"metadata":[],"documentation":"","value":"MANAGEMENT"},{"metadata":[],"documentation":"","value":"VMOTION"},{"metadata":[],"documentation":"","value":"REPLICATION"},{"metadata":[],"documentation":"","value":"GUEST"},{"metadata":[],"documentation":"","value":"UPLINK"}],"documentation":"","name":"com.vmware.hcx.interconnecttask.model.tag"},"key":"com.vmware.hcx.interconnecttask.model.tag"},{"value":{"metadata":[],"values":[{"metadata":[],"documentation":"","value":"TRUE"},{"metadata":[],"documentation":"","value":"FALSE"}],"documentation":"","name":"com.vmware.hcx.interconnecttask.model.force"},"key":"com.vmware.hcx.interconnecttask.model.force"},{"value":{"metadata":[],"values":[{"metadata":[],"documentation":"","value":"TRUE"},{"metadata":[],"documentation":"","value":"FALSE"}],"documentation":"","name":"com.vmware.hcx.interconnecttask.model.local"},"key":"com.vmware.hcx.interconnecttask.model.local"},{"value":{"metadata":[],"values":[{"metadata":[],"documentation":"","value":"RUNNING"},{"metadata":[],"documentation":"","value":"QUEUED"},{"metadata":[],"documentation":"","value":"SUCCESS"},{"metadata":[],"documentation":"","value":"FAILED"}],"documentation":"","name":"com.vmware.hcx.interconnecttask.model.status"},"key":"com.vmware.hcx.interconnecttask.model.status"}],"services":[]},"key":"com.vmware.hcx.interconnecttask.model"}]},"privilege":{"packages":[]},"authentication":{"packages":[]}},"key":"com.vmware.hcx.interconnecttask"}],"version":"1.0"}
