{"metadata":[{"value":{"cli":{"commands":[{"formatter":"SIMPLE","output_field_list":[{"output_fields":[{"display_name":"Message","field_name":"message"}],"structure_id":"com.vmware.hcx.interconnectappliance.model.warning"},{"output_fields":[{"display_name":"InterconnectTaskId","field_name":"interconnect_task_id"},{"display_name":"ApplianceId","field_name":"appliance_id"}],"structure_id":"com.vmware.hcx.interconnectappliance.model.appliance_action_post_response_data"},{"output_fields":[{"display_name":"Data","field_name":"data"},{"display_name":"Warnings","field_name":"warnings"},{"display_name":"Errors","field_name":"errors"}],"structure_id":"com.vmware.hcx.interconnectappliance.model.appliance_action_post_response"},{"output_fields":[{"display_name":"Code","field_name":"code"},{"display_name":"Message","field_name":"message"}],"structure_id":"com.vmware.hcx.interconnectappliance.model.error"}],"identity":{"path":"com.vmware.hcx.interconnectappliance.appliance","name":"redeployinterconnectappliance"},"service_id":"com.vmware.hcx.interconnectappliance.appliance","options":[{"short_option":"","long_option":"appliance-id","description":"appliance ID (required)","type":"string","generic":"NONE","field_name":"appliance_id"},{"short_option":"","long_option":"force","description":"force parameter (optional, default to false)","type":"boolean","generic":"OPTIONAL","field_name":"force"},{"short_option":"","long_option":"local","description":"local parameter (optional, default to false)","type":"string","generic":"OPTIONAL","field_name":"local"},{"short_option":"","long_option":"body","description":"request payload","type":"string","generic":"OPTIONAL","field_name":"body"}],"description":"Redeploy interconnect appliance.","operation_id":"redeploy_interconnect_appliance"},{"formatter":"SIMPLE","output_field_list":[{"output_fields":[{"display_name":"Message","field_name":"message"}],"structure_id":"com.vmware.hcx.interconnectappliance.model.warning"},{"output_fields":[{"display_name":"InterconnectTaskId","field_name":"interconnect_task_id"},{"display_name":"ApplianceId","field_name":"appliance_id"}],"structure_id":"com.vmware.hcx.interconnectappliance.model.appliance_action_post_response_data"},{"output_fields":[{"display_name":"Data","field_name":"data"},{"display_name":"Warnings","field_name":"warnings"},{"display_name":"Errors","field_name":"errors"}],"structure_id":"com.vmware.hcx.interconnectappliance.model.appliance_action_post_response"},{"output_fields":[{"display_name":"Code","field_name":"code"},{"display_name":"Message","field_name":"message"}],"structure_id":"com.vmware.hcx.interconnectappliance.model.error"}],"identity":{"path":"com.vmware.hcx.interconnectappliance.appliance","name":"diagnoseinterconnectappliance"},"service_id":"com.vmware.hcx.interconnectappliance.appliance","options":[{"short_option":"","long_option":"appliance-id","description":"appliance ID (required)","type":"string","generic":"NONE","field_name":"appliance_id"},{"short_option":"","long_option":"force","description":"force parameter (optional, default to false)","type":"string","generic":"OPTIONAL","field_name":"force"},{"short_option":"","long_option":"local","description":"local parameter (optional, default to false)","type":"string","generic":"OPTIONAL","field_name":"local"},{"short_option":"","long_option":"body","description":"request payload","type":"string","generic":"OPTIONAL","field_name":"body"}],"description":"Diagnose interconnect appliance.","operation_id":"diagnose_interconnect_appliance"},{"formatter":"SIMPLE","output_field_list":[{"output_fields":[{"display_name":"ProximityRouting","field_name":"proximity_routing"}],"structure_id":"com.vmware.hcx.interconnectappliance.model.appliances_features"},{"output_fields":[{"display_name":"Id","field_name":"id"},{"display_name":"BackingId","field_name":"backing_id"},{"display_name":"BackingType","field_name":"backing_type"},{"display_name":"BackingName","field_name":"backing_name"},{"display_name":"VCenterInstanceId","field_name":"v_center_instance_id"},{"display_name":"PrefixLength","field_name":"prefix_length"},{"display_name":"Gateway","field_name":"gateway"},{"display_name":"Mtu","field_name":"mtu"},{"display_name":"NetworkDescription","field_name":"network_description"},{"display_name":"Scope","field_name":"scope"},{"display_name":"IpPoolId","field_name":"ip_pool_id"},{"display_name":"Type","field_name":"type"},{"display_name":"NetworkId","field_name":"network_id"},{"display_name":"Provider","field_name":"provider"},{"display_name":"Tags","field_name":"tags"},{"display_name":"Ip","field_name":"ip"},{"display_name":"ResourcePoolId","field_name":"resource_pool_id"},{"display_name":"ResourceId","field_name":"resource_id"},{"display_name":"EnableBridge","field_name":"enable_bridge"},{"display_name":"StaticRoutes","field_name":"static_routes"},{"display_name":"StretchId","field_name":"stretch_id"},{"display_name":"IpAddress","field_name":"ip_address"},{"display_name":"NetworkType","field_name":"network_type"},{"display_name":"DvpgMoref","field_name":"dvpg_moref"},{"display_name":"BridgeConfig","field_name":"bridge_config"}],"structure_id":"com.vmware.hcx.interconnectappliance.model.appliance_network"},{"output_fields":[{"display_name":"Summary","field_name":"summary"},{"display_name":"Timestamp","field_name":"timestamp"}],"structure_id":"com.vmware.hcx.interconnectappliance.model.appliances_status"},{"output_fields":[{"display_name":"ApplianceId","field_name":"appliance_id"},{"display_name":"ApplianceType","field_name":"appliance_type"},{"display_name":"ApplianceName","field_name":"appliance_name"},{"display_name":"ServiceMeshId","field_name":"service_mesh_id"},{"display_name":"ComputeProfileId","field_name":"compute_profile_id"},{"display_name":"Location","field_name":"location"},{"display_name":"EndpointId","field_name":"endpoint_id"},{"display_name":"PeerAppliances","field_name":"peer_appliances"},{"display_name":"Config","field_name":"config"},{"display_name":"ApplianceStatus","field_name":"appliance_status"},{"display_name":"Compute","field_name":"compute"},{"display_name":"Storage","field_name":"storage"},{"display_name":"Networks","field_name":"networks"},{"display_name":"DvsId","field_name":"dvs_id"},{"display_name":"DvsName","field_name":"dvs_name"},{"display_name":"Moref","field_name":"moref"},{"display_name":"CmpId","field_name":"cmp_id"},{"display_name":"ApplianceVersion","field_name":"appliance_version"},{"display_name":"UpdateInfo","field_name":"update_info"},{"display_name":"StretchCapacity","field_name":"stretch_capacity"},{"display_name":"Features","field_name":"features"},{"display_name":"Status","field_name":"status"}],"structure_id":"com.vmware.hcx.interconnectappliance.model.appliance"},{"output_fields":[{"display_name":"CmpId","field_name":"cmp_id"},{"display_name":"CmpName","field_name":"cmp_name"},{"display_name":"CmpType","field_name":"cmp_type"},{"display_name":"Type","field_name":"type"},{"display_name":"Id","field_name":"id"},{"display_name":"Name","field_name":"name"}],"structure_id":"com.vmware.hcx.interconnectappliance.model.storage"},{"output_fields":[{"display_name":"State","field_name":"state"},{"display_name":"DetailedMessage","field_name":"detailed_message"}],"structure_id":"com.vmware.hcx.interconnectappliance.model.appliances_appliance_status"},{"output_fields":[{"display_name":"OverallStatus","field_name":"overall_status"},{"display_name":"OverallTransportStatus","field_name":"overall_transport_status"},{"display_name":"ServicePipelineStatus","field_name":"service_pipeline_status"},{"display_name":"OverallEncryptionTunnelStatus","field_name":"overall_encryption_tunnel_status"},{"display_name":"TransportSummary","field_name":"transport_summary"},{"display_name":"EncryptionTunnelSummary","field_name":"encryption_tunnel_summary"},{"display_name":"WanOptStatus","field_name":"wan_opt_status"}],"structure_id":"com.vmware.hcx.interconnectappliance.model.appliances_status_summary"},{"output_fields":[{"display_name":"UpdateAvailable","field_name":"update_available"},{"display_name":"UpdateVersion","field_name":"update_version"}],"structure_id":"com.vmware.hcx.interconnectappliance.model.appliance_update_info"},{"output_fields":[{"display_name":"Enabled","field_name":"enabled"},{"display_name":"Version","field_name":"version"}],"structure_id":"com.vmware.hcx.interconnectappliance.model.appliances_features_proximity_routing"},{"output_fields":[{"display_name":"Items","field_name":"items"}],"structure_id":"com.vmware.hcx.interconnectappliance.model.appliances_list_response"},{"output_fields":[{"display_name":"UplinkIps","field_name":"uplink_ips"}],"structure_id":"com.vmware.hcx.interconnectappliance.model.appliances_config"},{"output_fields":[{"display_name":"Network","field_name":"network"},{"display_name":"NextHop","field_name":"next_hop"}],"structure_id":"com.vmware.hcx.interconnectappliance.model.network_static_route"},{"output_fields":[{"display_name":"Id","field_name":"id"},{"display_name":"LocalAddress","field_name":"local_address"},{"display_name":"RemoteAddress","field_name":"remote_address"},{"display_name":"FlapThreshold","field_name":"flap_threshold"},{"display_name":"FlapClearThreshold","field_name":"flap_clear_threshold"}],"structure_id":"com.vmware.hcx.interconnectappliance.model.network_bridge_config"},{"output_fields":[{"display_name":"TotalActiveTunnelCount","field_name":"total_active_tunnel_count"},{"display_name":"AggregatedTunnelStatus","field_name":"aggregated_tunnel_status"},{"display_name":"TotalTunnelCount","field_name":"total_tunnel_count"}],"structure_id":"com.vmware.hcx.interconnectappliance.model.appliances_status_summary_encryption_tunnel_summary"},{"output_fields":[{"display_name":"CmpId","field_name":"cmp_id"},{"display_name":"CmpName","field_name":"cmp_name"},{"display_name":"CmpType","field_name":"cmp_type"},{"display_name":"Type","field_name":"type"},{"display_name":"Id","field_name":"id"},{"display_name":"Name","field_name":"name"}],"structure_id":"com.vmware.hcx.interconnectappliance.model.compute"},{"output_fields":[{"display_name":"TransportIp","field_name":"transport_ip"},{"display_name":"Name","field_name":"name"},{"display_name":"TotalTunnelCount","field_name":"total_tunnel_count"},{"display_name":"TotalActiveTunnelCount","field_name":"total_active_tunnel_count"},{"display_name":"AggregatedTunnelStatus","field_name":"aggregated_tunnel_status"}],"structure_id":"com.vmware.hcx.interconnectappliance.model.appliances_status_summary_transport_summary"},{"output_fields":[{"display_name":"Major","field_name":"major"},{"display_name":"Minor","field_name":"minor"},{"display_name":"Patch","field_name":"patch"},{"display_name":"Build","field_name":"build"}],"structure_id":"com.vmware.hcx.interconnectappliance.model.appliance_version"}],"identity":{"path":"com.vmware.hcx.interconnectappliance.appliance","name":"getinterconnectappliancesbyfilter"},"service_id":"com.vmware.hcx.interconnectappliance.appliance","options":[{"short_option":"","long_option":"filter-service-mesh-id","description":"","type":"string","generic":"OPTIONAL","field_name":"body.filter.serviceMeshId"},{"short_option":"","long_option":"filter-appliance-type","description":"","type":"string","generic":"OPTIONAL","field_name":"body.filter.applianceType"},{"short_option":"","long_option":"filter-endpoint-id","description":"","type":"string","generic":"OPTIONAL","field_name":"body.filter.endpointId"}],"description":"Query interconnect appliances","operation_id":"get_interconnect_appliances_by_filter"},{"formatter":"SIMPLE","output_field_list":[{"output_fields":[{"display_name":"Message","field_name":"message"}],"structure_id":"com.vmware.hcx.interconnectappliance.model.warning"},{"output_fields":[{"display_name":"InterconnectTaskId","field_name":"interconnect_task_id"},{"display_name":"ApplianceId","field_name":"appliance_id"}],"structure_id":"com.vmware.hcx.interconnectappliance.model.appliance_action_post_response_data"},{"output_fields":[{"display_name":"Data","field_name":"data"},{"display_name":"Warnings","field_name":"warnings"},{"display_name":"Errors","field_name":"errors"}],"structure_id":"com.vmware.hcx.interconnectappliance.model.appliance_action_post_response"},{"output_fields":[{"display_name":"Code","field_name":"code"},{"display_name":"Message","field_name":"message"}],"structure_id":"com.vmware.hcx.interconnectappliance.model.error"}],"identity":{"path":"com.vmware.hcx.interconnectappliance.appliance","name":"updateinterconnectappliance"},"service_id":"com.vmware.hcx.interconnectappliance.appliance","options":[{"short_option":"","long_option":"appliance-id","description":"appliance ID (required)","type":"string","generic":"NONE","field_name":"appliance_id"},{"short_option":"","long_option":"appliance-name","description":"","type":"string","generic":"OPTIONAL","field_name":"body.applianceName"},{"short_option":"","long_option":"credentials","description":"","type":"complex","generic":"OPTIONAL","field_name":"body.credentials"}],"description":"Update interconnect appliance.","operation_id":"update_interconnect_appliance"},{"formatter":"SIMPLE","output_field_list":[{"output_fields":[{"display_name":"ProximityRouting","field_name":"proximity_routing"}],"structure_id":"com.vmware.hcx.interconnectappliance.model.appliances_features"},{"output_fields":[{"display_name":"Id","field_name":"id"},{"display_name":"BackingId","field_name":"backing_id"},{"display_name":"BackingType","field_name":"backing_type"},{"display_name":"BackingName","field_name":"backing_name"},{"display_name":"VCenterInstanceId","field_name":"v_center_instance_id"},{"display_name":"PrefixLength","field_name":"prefix_length"},{"display_name":"Gateway","field_name":"gateway"},{"display_name":"Mtu","field_name":"mtu"},{"display_name":"NetworkDescription","field_name":"network_description"},{"display_name":"Scope","field_name":"scope"},{"display_name":"IpPoolId","field_name":"ip_pool_id"},{"display_name":"Type","field_name":"type"},{"display_name":"NetworkId","field_name":"network_id"},{"display_name":"Provider","field_name":"provider"},{"display_name":"Tags","field_name":"tags"},{"display_name":"Ip","field_name":"ip"},{"display_name":"ResourcePoolId","field_name":"resource_pool_id"},{"display_name":"ResourceId","field_name":"resource_id"},{"display_name":"EnableBridge","field_name":"enable_bridge"},{"display_name":"StaticRoutes","field_name":"static_routes"},{"display_name":"StretchId","field_name":"stretch_id"},{"display_name":"IpAddress","field_name":"ip_address"},{"display_name":"NetworkType","field_name":"network_type"},{"display_name":"DvpgMoref","field_name":"dvpg_moref"},{"display_name":"BridgeConfig","field_name":"bridge_config"}],"structure_id":"com.vmware.hcx.interconnectappliance.model.appliance_network"},{"output_fields":[{"display_name":"Summary","field_name":"summary"},{"display_name":"Timestamp","field_name":"timestamp"}],"structure_id":"com.vmware.hcx.interconnectappliance.model.appliances_status"},{"output_fields":[{"display_name":"ApplianceId","field_name":"appliance_id"},{"display_name":"ApplianceType","field_name":"appliance_type"},{"display_name":"ApplianceName","field_name":"appliance_name"},{"display_name":"ServiceMeshId","field_name":"service_mesh_id"},{"display_name":"ComputeProfileId","field_name":"compute_profile_id"},{"display_name":"Location","field_name":"location"},{"display_name":"EndpointId","field_name":"endpoint_id"},{"display_name":"PeerAppliances","field_name":"peer_appliances"},{"display_name":"Config","field_name":"config"},{"display_name":"ApplianceStatus","field_name":"appliance_status"},{"display_name":"Compute","field_name":"compute"},{"display_name":"Storage","field_name":"storage"},{"display_name":"Networks","field_name":"networks"},{"display_name":"DvsId","field_name":"dvs_id"},{"display_name":"DvsName","field_name":"dvs_name"},{"display_name":"Moref","field_name":"moref"},{"display_name":"CmpId","field_name":"cmp_id"},{"display_name":"ApplianceVersion","field_name":"appliance_version"},{"display_name":"UpdateInfo","field_name":"update_info"},{"display_name":"StretchCapacity","field_name":"stretch_capacity"},{"display_name":"Features","field_name":"features"},{"display_name":"Status","field_name":"status"}],"structure_id":"com.vmware.hcx.interconnectappliance.model.appliance"},{"output_fields":[{"display_name":"CmpId","field_name":"cmp_id"},{"display_name":"CmpName","field_name":"cmp_name"},{"display_name":"CmpType","field_name":"cmp_type"},{"display_name":"Type","field_name":"type"},{"display_name":"Id","field_name":"id"},{"display_name":"Name","field_name":"name"}],"structure_id":"com.vmware.hcx.interconnectappliance.model.storage"},{"output_fields":[{"display_name":"State","field_name":"state"},{"display_name":"DetailedMessage","field_name":"detailed_message"}],"structure_id":"com.vmware.hcx.interconnectappliance.model.appliances_appliance_status"},{"output_fields":[{"display_name":"OverallStatus","field_name":"overall_status"},{"display_name":"OverallTransportStatus","field_name":"overall_transport_status"},{"display_name":"ServicePipelineStatus","field_name":"service_pipeline_status"},{"display_name":"OverallEncryptionTunnelStatus","field_name":"overall_encryption_tunnel_status"},{"display_name":"TransportSummary","field_name":"transport_summary"},{"display_name":"EncryptionTunnelSummary","field_name":"encryption_tunnel_summary"},{"display_name":"WanOptStatus","field_name":"wan_opt_status"}],"structure_id":"com.vmware.hcx.interconnectappliance.model.appliances_status_summary"},{"output_fields":[{"display_name":"UpdateAvailable","field_name":"update_available"},{"display_name":"UpdateVersion","field_name":"update_version"}],"structure_id":"com.vmware.hcx.interconnectappliance.model.appliance_update_info"},{"output_fields":[{"display_name":"Enabled","field_name":"enabled"},{"display_name":"Version","field_name":"version"}],"structure_id":"com.vmware.hcx.interconnectappliance.model.appliances_features_proximity_routing"},{"output_fields":[{"display_name":"Items","field_name":"items"}],"structure_id":"com.vmware.hcx.interconnectappliance.model.appliances_list_response"},{"output_fields":[{"display_name":"UplinkIps","field_name":"uplink_ips"}],"structure_id":"com.vmware.hcx.interconnectappliance.model.appliances_config"},{"output_fields":[{"display_name":"Network","field_name":"network"},{"display_name":"NextHop","field_name":"next_hop"}],"structure_id":"com.vmware.hcx.interconnectappliance.model.network_static_route"},{"output_fields":[{"display_name":"Id","field_name":"id"},{"display_name":"LocalAddress","field_name":"local_address"},{"display_name":"RemoteAddress","field_name":"remote_address"},{"display_name":"FlapThreshold","field_name":"flap_threshold"},{"display_name":"FlapClearThreshold","field_name":"flap_clear_threshold"}],"structure_id":"com.vmware.hcx.interconnectappliance.model.network_bridge_config"},{"output_fields":[{"display_name":"TotalActiveTunnelCount","field_name":"total_active_tunnel_count"},{"display_name":"AggregatedTunnelStatus","field_name":"aggregated_tunnel_status"},{"display_name":"TotalTunnelCount","field_name":"total_tunnel_count"}],"structure_id":"com.vmware.hcx.interconnectappliance.model.appliances_status_summary_encryption_tunnel_summary"},{"output_fields":[{"display_name":"CmpId","field_name":"cmp_id"},{"display_name":"CmpName","field_name":"cmp_name"},{"display_name":"CmpType","field_name":"cmp_type"},{"display_name":"Type","field_name":"type"},{"display_name":"Id","field_name":"id"},{"display_name":"Name","field_name":"name"}],"structure_id":"com.vmware.hcx.interconnectappliance.model.compute"},{"output_fields":[{"display_name":"TransportIp","field_name":"transport_ip"},{"display_name":"Name","field_name":"name"},{"display_name":"TotalTunnelCount","field_name":"total_tunnel_count"},{"display_name":"TotalActiveTunnelCount","field_name":"total_active_tunnel_count"},{"display_name":"AggregatedTunnelStatus","field_name":"aggregated_tunnel_status"}],"structure_id":"com.vmware.hcx.interconnectappliance.model.appliances_status_summary_transport_summary"},{"output_fields":[{"display_name":"Major","field_name":"major"},{"display_name":"Minor","field_name":"minor"},{"display_name":"Patch","field_name":"patch"},{"display_name":"Build","field_name":"build"}],"structure_id":"com.vmware.hcx.interconnectappliance.model.appliance_version"}],"identity":{"path":"com.vmware.hcx.interconnectappliance.appliance","name":"getallinterconnectappliances"},"service_id":"com.vmware.hcx.interconnectappliance.appliance","options":[],"description":"Get all appliances","operation_id":"get_all_interconnect_appliances"},{"formatter":"SIMPLE","output_field_list":[{"output_fields":[{"display_name":"Message","field_name":"message"}],"structure_id":"com.vmware.hcx.interconnectappliance.model.warning"},{"output_fields":[{"display_name":"InterconnectTaskId","field_name":"interconnect_task_id"},{"display_name":"ApplianceId","field_name":"appliance_id"}],"structure_id":"com.vmware.hcx.interconnectappliance.model.appliance_action_post_response_data"},{"output_fields":[{"display_name":"Data","field_name":"data"},{"display_name":"Warnings","field_name":"warnings"},{"display_name":"Errors","field_name":"errors"}],"structure_id":"com.vmware.hcx.interconnectappliance.model.appliance_action_post_response"},{"output_fields":[{"display_name":"Code","field_name":"code"},{"display_name":"Message","field_name":"message"}],"structure_id":"com.vmware.hcx.interconnectappliance.model.error"}],"identity":{"path":"com.vmware.hcx.interconnectappliance.appliance","name":"forcesyncinterconnectappliance"},"service_id":"com.vmware.hcx.interconnectappliance.appliance","options":[{"short_option":"","long_option":"appliance-id","description":"appliance ID (required)","type":"string","generic":"NONE","field_name":"appliance_id"},{"short_option":"","long_option":"force","description":"force parameter (optional, default to false)","type":"string","generic":"OPTIONAL","field_name":"force"},{"short_option":"","long_option":"local","description":"local parameter (optional, default to false)","type":"string","generic":"OPTIONAL","field_name":"local"},{"short_option":"","long_option":"body","description":"request payload","type":"string","generic":"OPTIONAL","field_name":"body"}],"description":"Force sync interconnect appliance.","operation_id":"force_sync_interconnect_appliance"},{"formatter":"SIMPLE","output_field_list":[{"output_fields":[{"display_name":"Message","field_name":"message"}],"structure_id":"com.vmware.hcx.interconnectappliance.model.warning"},{"output_fields":[{"display_name":"InterconnectTaskId","field_name":"interconnect_task_id"},{"display_name":"ApplianceId","field_name":"appliance_id"}],"structure_id":"com.vmware.hcx.interconnectappliance.model.appliance_action_post_response_data"},{"output_fields":[{"display_name":"Data","field_name":"data"},{"display_name":"Warnings","field_name":"warnings"},{"display_name":"Errors","field_name":"errors"}],"structure_id":"com.vmware.hcx.interconnectappliance.model.appliance_action_post_response"},{"output_fields":[{"display_name":"Code","field_name":"code"},{"display_name":"Message","field_name":"message"}],"structure_id":"com.vmware.hcx.interconnectappliance.model.error"}],"identity":{"path":"com.vmware.hcx.interconnectappliance.appliance","name":"upgradeinterconnectappliance"},"service_id":"com.vmware.hcx.interconnectappliance.appliance","options":[{"short_option":"","long_option":"appliance-id","description":"appliance ID (required)","type":"string","generic":"NONE","field_name":"appliance_id"},{"short_option":"","long_option":"force","description":"force parameter (optional, default to false)","type":"boolean","generic":"OPTIONAL","field_name":"force"},{"short_option":"","long_option":"local","description":"local parameter (optional, default to false)","type":"boolean","generic":"OPTIONAL","field_name":"local"},{"short_option":"","long_option":"body","description":"request payload","type":"string","generic":"OPTIONAL","field_name":"body"}],"description":"Upgrade interconnect appliance.","operation_id":"upgrade_interconnect_appliance"}],"namespaces":[{"children":[{"path":"com.vmware","name":"hcx"}],"identity":{"path":"com","name":"vmware"},"description":"vmware namespace"},{"children":[{"path":"com","name":"vmware"}],"identity":{"path":"","name":"com"},"description":"com namespace"},{"children":[{"path":"com.vmware.hcx","name":"interconnectappliance"}],"identity":{"path":"com.vmware","name":"hcx"},"description":"hcx namespace"},{"children":[{"path":"com.vmware.hcx.interconnectappliance","name":"appliance"}],"identity":{"path":"com.vmware.hcx","name":"interconnectappliance"},"description":"interconnectappliance namespace"},{"children":[],"identity":{"path":"com.vmware.hcx.interconnectappliance","name":"appliance"},"description":"appliance namespace"},{"children":[{"path":"","name":"com"}],"identity":{"path":"","name":""},"description":"Root namespace"}]},"routing":{"packages":[]},"metamodel":{"metadata":[],"documentation":"","name":"com.vmware.hcx.interconnectappliance","packages":[{"value":{"metadata":[{"value":{"elements":[{"value":{"string_value":"true","type":"STRING"},"key":"autoGenerated"},{"value":{"string_value":"com.vmware.hcx.interconnectappliance","type":"STRING"},"key":"value"}]},"key":"Component"}],"documentation":"","name":"com.vmware.hcx.interconnectappliance","structures":[],"enumerations":[],"services":[{"value":{"metadata":[],"operations":[{"value":{"output":{"metadata":[],"documentation":"com.vmware.hcx.interconnectappliance.model.ApplianceActionPostResponse","type":{"user_defined_type":{"resource_type":"com.vmware.vapi.structure","resource_id":"com.vmware.hcx.interconnectappliance.model.appliance_action_post_response"},"category":"USER_DEFINED"}},"metadata":[{"value":{"elements":[{"value":{"string_value":"POST","type":"STRING"},"key":"method"},{"value":{"string_value":"/hybridity/api/interconnect/appliances/{applianceId}/redeploy","type":"STRING"},"key":"value"},{"value":{"string_value":"application/json","type":"STRING"},"key":"contentType"},{"value":{"string_value":"application/json","type":"STRING"},"key":"accept"}]},"key":"RequestMapping"}],"documentation":"Redeploy interconnect appliance.","name":"redeploy_interconnect_appliance","params":[{"metadata":[{"value":{"elements":[{"value":{"string_value":"applianceId","type":"STRING"},"key":"value"}]},"key":"PathVariable"}],"documentation":"appliance ID (required)","name":"appliance_id","type":{"builtin_type":"STRING","category":"BUILTIN"}},{"metadata":[{"value":{"elements":[{"value":{"string_value":"force","type":"STRING"},"key":"value"}]},"key":"RequestParam"}],"documentation":"force parameter (optional, default to false)","name":"force","type":{"category":"GENERIC","generic_instantiation":{"generic_type":"OPTIONAL","element_type":{"builtin_type":"BOOLEAN","category":"BUILTIN"}}}},{"metadata":[{"value":{"elements":[{"value":{"string_value":"local","type":"STRING"},"key":"value"}]},"key":"RequestParam"}],"documentation":"local parameter (optional, default to false)","name":"local","type":{"category":"GENERIC","generic_instantiation":{"generic_type":"OPTIONAL","element_type":{"builtin_type":"STRING","category":"BUILTIN"}}}},{"metadata":[{"value":{"elements":[{"value":{"string_value":"true","type":"STRING"},"key":"value"}]},"key":"RequestBody"}],"documentation":"request payload. (optional)","name":"body","type":{"category":"GENERIC","generic_instantiation":{"generic_type":"OPTIONAL","element_type":{"builtin_type":"STRING","category":"BUILTIN"}}}}],"errors":[{"documentation":"Unauthorized","structure_id":"com.vmware.vapi.std.errors.unauthenticated"},{"documentation":"Bad Request, Unprocessable Entity","structure_id":"com.vmware.vapi.std.errors.invalid_request"},{"documentation":"Forbidden","structure_id":"com.vmware.vapi.std.errors.unauthorized"},{"documentation":"Internal Server Error","structure_id":"com.vmware.vapi.std.errors.error"},{"documentation":"Not Found","structure_id":"com.vmware.vapi.std.errors.not_found"}]},"key":"redeploy_interconnect_appliance"},{"value":{"output":{"metadata":[],"documentation":"com.vmware.hcx.interconnectappliance.model.ApplianceActionPostResponse","type":{"user_defined_type":{"resource_type":"com.vmware.vapi.structure","resource_id":"com.vmware.hcx.interconnectappliance.model.appliance_action_post_response"},"category":"USER_DEFINED"}},"metadata":[{"value":{"elements":[{"value":{"string_value":"PUT","type":"STRING"},"key":"method"},{"value":{"string_value":"/hybridity/api/interconnect/appliances/{applianceId}","type":"STRING"},"key":"value"},{"value":{"string_value":"application/json","type":"STRING"},"key":"contentType"},{"value":{"string_value":"application/json","type":"STRING"},"key":"accept"}]},"key":"RequestMapping"}],"documentation":"Update interconnect appliance.","name":"update_interconnect_appliance","params":[{"metadata":[{"value":{"elements":[{"value":{"string_value":"applianceId","type":"STRING"},"key":"value"}]},"key":"PathVariable"}],"documentation":"appliance ID (required)","name":"appliance_id","type":{"builtin_type":"STRING","category":"BUILTIN"}},{"metadata":[{"value":{"elements":[{"value":{"string_value":"true","type":"STRING"},"key":"value"}]},"key":"RequestBody"}],"documentation":"request payload. (required)","name":"body","type":{"user_defined_type":{"resource_type":"com.vmware.vapi.structure","resource_id":"com.vmware.hcx.interconnectappliance.model.appliance_settings"},"category":"USER_DEFINED"}}],"errors":[{"documentation":"Unauthorized","structure_id":"com.vmware.vapi.std.errors.unauthenticated"},{"documentation":"Bad Request, Unprocessable Entity","structure_id":"com.vmware.vapi.std.errors.invalid_request"},{"documentation":"Forbidden","structure_id":"com.vmware.vapi.std.errors.unauthorized"},{"documentation":"Internal Server Error","structure_id":"com.vmware.vapi.std.errors.error"},{"documentation":"Not Found","structure_id":"com.vmware.vapi.std.errors.not_found"}]},"key":"update_interconnect_appliance"},{"value":{"output":{"metadata":[],"documentation":"com.vmware.hcx.interconnectappliance.model.ApplianceActionPostResponse","type":{"user_defined_type":{"resource_type":"com.vmware.vapi.structure","resource_id":"com.vmware.hcx.interconnectappliance.model.appliance_action_post_response"},"category":"USER_DEFINED"}},"metadata":[{"value":{"elements":[{"value":{"string_value":"POST","type":"STRING"},"key":"method"},{"value":{"string_value":"/hybridity/api/interconnect/appliances/{applianceId}/upgrade","type":"STRING"},"key":"value"},{"value":{"string_value":"application/json","type":"STRING"},"key":"contentType"},{"value":{"string_value":"application/json","type":"STRING"},"key":"accept"}]},"key":"RequestMapping"}],"documentation":"Upgrade interconnect appliance.","name":"upgrade_interconnect_appliance","params":[{"metadata":[{"value":{"elements":[{"value":{"string_value":"applianceId","type":"STRING"},"key":"value"}]},"key":"PathVariable"}],"documentation":"appliance ID (required)","name":"appliance_id","type":{"builtin_type":"STRING","category":"BUILTIN"}},{"metadata":[{"value":{"elements":[{"value":{"string_value":"force","type":"STRING"},"key":"value"}]},"key":"RequestParam"}],"documentation":"force parameter (optional, default to false)","name":"force","type":{"category":"GENERIC","generic_instantiation":{"generic_type":"OPTIONAL","element_type":{"builtin_type":"BOOLEAN","category":"BUILTIN"}}}},{"metadata":[{"value":{"elements":[{"value":{"string_value":"local","type":"STRING"},"key":"value"}]},"key":"RequestParam"}],"documentation":"local parameter (optional, default to false)","name":"local","type":{"category":"GENERIC","generic_instantiation":{"generic_type":"OPTIONAL","element_type":{"builtin_type":"BOOLEAN","category":"BUILTIN"}}}},{"metadata":[{"value":{"elements":[{"value":{"string_value":"true","type":"STRING"},"key":"value"}]},"key":"RequestBody"}],"documentation":"request payload. (optional)","name":"body","type":{"category":"GENERIC","generic_instantiation":{"generic_type":"OPTIONAL","element_type":{"builtin_type":"STRING","category":"BUILTIN"}}}}],"errors":[{"documentation":"Unauthorized","structure_id":"com.vmware.vapi.std.errors.unauthenticated"},{"documentation":"Bad Request, Unprocessable Entity","structure_id":"com.vmware.vapi.std.errors.invalid_request"},{"documentation":"Forbidden","structure_id":"com.vmware.vapi.std.errors.unauthorized"},{"documentation":"Internal Server Error","structure_id":"com.vmware.vapi.std.errors.error"},{"documentation":"Not Found","structure_id":"com.vmware.vapi.std.errors.not_found"}]},"key":"upgrade_interconnect_appliance"},{"value":{"output":{"metadata":[],"documentation":"com.vmware.hcx.interconnectappliance.model.AppliancesListResponse","type":{"user_defined_type":{"resource_type":"com.vmware.vapi.structure","resource_id":"com.vmware.hcx.interconnectappliance.model.appliances_list_response"},"category":"USER_DEFINED"}},"metadata":[{"value":{"elements":[{"value":{"string_value":"POST","type":"STRING"},"key":"method"},{"value":{"string_value":"/hybridity/api/interconnect/appliances/query","type":"STRING"},"key":"value"},{"value":{"string_value":"application/json","type":"STRING"},"key":"contentType"},{"value":{"string_value":"application/json","type":"STRING"},"key":"accept"}]},"key":"RequestMapping"}],"documentation":"Query interconnect appliances","name":"get_interconnect_appliances_by_filter","params":[{"metadata":[{"value":{"elements":[{"value":{"string_value":"true","type":"STRING"},"key":"value"}]},"key":"RequestBody"}],"documentation":"Filter object. (required)","name":"body","type":{"user_defined_type":{"resource_type":"com.vmware.vapi.structure","resource_id":"com.vmware.hcx.interconnectappliance.model.appliances_filter"},"category":"USER_DEFINED"}}],"errors":[{"documentation":"Unauthorized","structure_id":"com.vmware.vapi.std.errors.unauthenticated"},{"documentation":"Bad Request","structure_id":"com.vmware.vapi.std.errors.invalid_request"},{"documentation":"Forbidden","structure_id":"com.vmware.vapi.std.errors.unauthorized"},{"documentation":"Internal Server Error","structure_id":"com.vmware.vapi.std.errors.error"}]},"key":"get_interconnect_appliances_by_filter"},{"value":{"output":{"metadata":[],"documentation":"com.vmware.hcx.interconnectappliance.model.ApplianceActionPostResponse","type":{"user_defined_type":{"resource_type":"com.vmware.vapi.structure","resource_id":"com.vmware.hcx.interconnectappliance.model.appliance_action_post_response"},"category":"USER_DEFINED"}},"metadata":[{"value":{"elements":[{"value":{"string_value":"POST","type":"STRING"},"key":"method"},{"value":{"string_value":"/hybridity/api/interconnect/appliances/{applianceId}/forceSync","type":"STRING"},"key":"value"},{"value":{"string_value":"application/json","type":"STRING"},"key":"contentType"},{"value":{"string_value":"application/json","type":"STRING"},"key":"accept"}]},"key":"RequestMapping"}],"documentation":"Force sync interconnect appliance.","name":"force_sync_interconnect_appliance","params":[{"metadata":[{"value":{"elements":[{"value":{"string_value":"applianceId","type":"STRING"},"key":"value"}]},"key":"PathVariable"}],"documentation":"appliance ID (required)","name":"appliance_id","type":{"builtin_type":"STRING","category":"BUILTIN"}},{"metadata":[{"value":{"elements":[{"value":{"string_value":"force","type":"STRING"},"key":"value"}]},"key":"RequestParam"}],"documentation":"force parameter (optional, default to false)","name":"force","type":{"category":"GENERIC","generic_instantiation":{"generic_type":"OPTIONAL","element_type":{"builtin_type":"STRING","category":"BUILTIN"}}}},{"metadata":[{"value":{"elements":[{"value":{"string_value":"local","type":"STRING"},"key":"value"}]},"key":"RequestParam"}],"documentation":"local parameter (optional, default to false)","name":"local","type":{"category":"GENERIC","generic_instantiation":{"generic_type":"OPTIONAL","element_type":{"builtin_type":"STRING","category":"BUILTIN"}}}},{"metadata":[{"value":{"elements":[{"value":{"string_value":"true","type":"STRING"},"key":"value"}]},"key":"RequestBody"}],"documentation":"request payload. (optional)","name":"body","type":{"category":"GENERIC","generic_instantiation":{"generic_type":"OPTIONAL","element_type":{"builtin_type":"STRING","category":"BUILTIN"}}}}],"errors":[{"documentation":"Unauthorized","structure_id":"com.vmware.vapi.std.errors.unauthenticated"},{"documentation":"Bad Request, Unprocessable Entity","structure_id":"com.vmware.vapi.std.errors.invalid_request"},{"documentation":"Forbidden","structure_id":"com.vmware.vapi.std.errors.unauthorized"},{"documentation":"Internal Server Error","structure_id":"com.vmware.vapi.std.errors.error"},{"documentation":"Not Found","structure_id":"com.vmware.vapi.std.errors.not_found"}]},"key":"force_sync_interconnect_appliance"},{"value":{"output":{"metadata":[],"documentation":"com.vmware.hcx.interconnectappliance.model.ApplianceActionPostResponse","type":{"user_defined_type":{"resource_type":"com.vmware.vapi.structure","resource_id":"com.vmware.hcx.interconnectappliance.model.appliance_action_post_response"},"category":"USER_DEFINED"}},"metadata":[{"value":{"elements":[{"value":{"string_value":"POST","type":"STRING"},"key":"method"},{"value":{"string_value":"/hybridity/api/interconnect/appliances/{applianceId}/diagnose","type":"STRING"},"key":"value"},{"value":{"string_value":"application/json","type":"STRING"},"key":"contentType"},{"value":{"string_value":"application/json","type":"STRING"},"key":"accept"}]},"key":"RequestMapping"}],"documentation":"Diagnose interconnect appliance.","name":"diagnose_interconnect_appliance","params":[{"metadata":[{"value":{"elements":[{"value":{"string_value":"applianceId","type":"STRING"},"key":"value"}]},"key":"PathVariable"}],"documentation":"appliance ID (required)","name":"appliance_id","type":{"builtin_type":"STRING","category":"BUILTIN"}},{"metadata":[{"value":{"elements":[{"value":{"string_value":"force","type":"STRING"},"key":"value"}]},"key":"RequestParam"}],"documentation":"force parameter (optional, default to false)","name":"force","type":{"category":"GENERIC","generic_instantiation":{"generic_type":"OPTIONAL","element_type":{"builtin_type":"STRING","category":"BUILTIN"}}}},{"metadata":[{"value":{"elements":[{"value":{"string_value":"local","type":"STRING"},"key":"value"}]},"key":"RequestParam"}],"documentation":"local parameter (optional, default to false)","name":"local","type":{"category":"GENERIC","generic_instantiation":{"generic_type":"OPTIONAL","element_type":{"builtin_type":"STRING","category":"BUILTIN"}}}},{"metadata":[{"value":{"elements":[{"value":{"string_value":"true","type":"STRING"},"key":"value"}]},"key":"RequestBody"}],"documentation":"request payload. (optional)","name":"body","type":{"category":"GENERIC","generic_instantiation":{"generic_type":"OPTIONAL","element_type":{"builtin_type":"STRING","category":"BUILTIN"}}}}],"errors":[{"documentation":"Unauthorized","structure_id":"com.vmware.vapi.std.errors.unauthenticated"},{"documentation":"Bad Request, Unprocessable Entity","structure_id":"com.vmware.vapi.std.errors.invalid_request"},{"documentation":"Forbidden","structure_id":"com.vmware.vapi.std.errors.unauthorized"},{"documentation":"Internal Server Error","structure_id":"com.vmware.vapi.std.errors.error"},{"documentation":"Not Found","structure_id":"com.vmware.vapi.std.errors.not_found"}]},"key":"diagnose_interconnect_appliance"},{"value":{"output":{"metadata":[],"documentation":"com.vmware.hcx.interconnectappliance.model.AppliancesListResponse","type":{"user_defined_type":{"resource_type":"com.vmware.vapi.structure","resource_id":"com.vmware.hcx.interconnectappliance.model.appliances_list_response"},"category":"USER_DEFINED"}},"metadata":[{"value":{"elements":[{"value":{"string_value":"GET","type":"STRING"},"key":"method"},{"value":{"string_value":"/hybridity/api/interconnect/appliances","type":"STRING"},"key":"value"},{"value":{"string_value":"application/json","type":"STRING"},"key":"contentType"},{"value":{"string_value":"application/json","type":"STRING"},"key":"accept"}]},"key":"RequestMapping"}],"documentation":"Get all appliances","name":"get_all_interconnect_appliances","params":[],"errors":[{"documentation":"Unauthorized","structure_id":"com.vmware.vapi.std.errors.unauthenticated"},{"documentation":"Forbidden","structure_id":"com.vmware.vapi.std.errors.unauthorized"},{"documentation":"Internal Server Error","structure_id":"com.vmware.vapi.std.errors.error"}]},"key":"get_all_interconnect_appliances"}],"documentation":"","name":"com.vmware.hcx.interconnectappliance.appliance","structures":[],"enumerations":[],"constants":[]},"key":"com.vmware.hcx.interconnectappliance.appliance"}]},"key":"com.vmware.hcx.interconnectappliance"},{"value":{"metadata":[],"documentation":"","name":"com.vmware.hcx.interconnectappliance.model","structures":[{"value":{"metadata":[],"documentation":"","name":"com.vmware.hcx.interconnectappliance.model.appliance","enumerations":[],"constants":[],"type":"STRUCTURE","fields":[{"metadata":[{"value":{"elements":[{"value":{"string_value":"applianceId","type":"STRING"},"key":"value"}]},"key":"SerializationName"}],"documentation":"","name":"appliance_id","type":{"category":"GENERIC","generic_instantiation":{"generic_type":"OPTIONAL","element_type":{"builtin_type":"STRING","category":"BUILTIN"}}}},{"metadata":[{"value":{"elements":[{"value":{"string_value":"applianceType","type":"STRING"},"key":"value"}]},"key":"SerializationName"}],"documentation":"","name":"appliance_type","type":{"category":"GENERIC","generic_instantiation":{"generic_type":"OPTIONAL","element_type":{"builtin_type":"STRING","category":"BUILTIN"}}}},{"metadata":[{"value":{"elements":[{"value":{"string_value":"applianceName","type":"STRING"},"key":"value"}]},"key":"SerializationName"}],"documentation":"","name":"appliance_name","type":{"category":"GENERIC","generic_instantiation":{"generic_type":"OPTIONAL","element_type":{"builtin_type":"STRING","category":"BUILTIN"}}}},{"metadata":[{"value":{"elements":[{"value":{"string_value":"serviceMeshId","type":"STRING"},"key":"value"}]},"key":"SerializationName"}],"documentation":"","name":"service_mesh_id","type":{"category":"GENERIC","generic_instantiation":{"generic_type":"OPTIONAL","element_type":{"builtin_type":"STRING","category":"BUILTIN"}}}},{"metadata":[{"value":{"elements":[{"value":{"string_value":"computeProfileId","type":"STRING"},"key":"value"}]},"key":"SerializationName"}],"documentation":"","name":"compute_profile_id","type":{"category":"GENERIC","generic_instantiation":{"generic_type":"OPTIONAL","element_type":{"builtin_type":"STRING","category":"BUILTIN"}}}},{"metadata":[{"value":{"elements":[{"value":{"string_value":"location","type":"STRING"},"key":"value"}]},"key":"SerializationName"}],"documentation":"","name":"location","type":{"category":"GENERIC","generic_instantiation":{"generic_type":"OPTIONAL","element_type":{"builtin_type":"STRING","category":"BUILTIN"}}}},{"metadata":[{"value":{"elements":[{"value":{"string_value":"endpointId","type":"STRING"},"key":"value"}]},"key":"SerializationName"}],"documentation":"","name":"endpoint_id","type":{"category":"GENERIC","generic_instantiation":{"generic_type":"OPTIONAL","element_type":{"builtin_type":"STRING","category":"BUILTIN"}}}},{"metadata":[{"value":{"elements":[{"value":{"string_value":"peerAppliances","type":"STRING"},"key":"value"}]},"key":"SerializationName"}],"documentation":"","name":"peer_appliances","type":{"category":"GENERIC","generic_instantiation":{"generic_type":"OPTIONAL","element_type":{"category":"GENERIC","generic_instantiation":{"generic_type":"LIST","element_type":{"user_defined_type":{"resource_type":"com.vmware.vapi.structure","resource_id":"com.vmware.hcx.interconnectappliance.model.appliance"},"category":"USER_DEFINED"}}}}}},{"metadata":[{"value":{"elements":[{"value":{"string_value":"config","type":"STRING"},"key":"value"}]},"key":"SerializationName"}],"documentation":"","name":"config","type":{"category":"GENERIC","generic_instantiation":{"generic_type":"OPTIONAL","element_type":{"user_defined_type":{"resource_type":"com.vmware.vapi.structure","resource_id":"com.vmware.hcx.interconnectappliance.model.appliances_config"},"category":"USER_DEFINED"}}}},{"metadata":[{"value":{"elements":[{"value":{"string_value":"applianceStatus","type":"STRING"},"key":"value"}]},"key":"SerializationName"}],"documentation":"","name":"appliance_status","type":{"category":"GENERIC","generic_instantiation":{"generic_type":"OPTIONAL","element_type":{"user_defined_type":{"resource_type":"com.vmware.vapi.structure","resource_id":"com.vmware.hcx.interconnectappliance.model.appliances_appliance_status"},"category":"USER_DEFINED"}}}},{"metadata":[{"value":{"elements":[{"value":{"string_value":"compute","type":"STRING"},"key":"value"}]},"key":"SerializationName"}],"documentation":"","name":"compute","type":{"category":"GENERIC","generic_instantiation":{"generic_type":"OPTIONAL","element_type":{"user_defined_type":{"resource_type":"com.vmware.vapi.structure","resource_id":"com.vmware.hcx.interconnectappliance.model.compute"},"category":"USER_DEFINED"}}}},{"metadata":[{"value":{"elements":[{"value":{"string_value":"storage","type":"STRING"},"key":"value"}]},"key":"SerializationName"}],"documentation":"","name":"storage","type":{"category":"GENERIC","generic_instantiation":{"generic_type":"OPTIONAL","element_type":{"user_defined_type":{"resource_type":"com.vmware.vapi.structure","resource_id":"com.vmware.hcx.interconnectappliance.model.storage"},"category":"USER_DEFINED"}}}},{"metadata":[{"value":{"elements":[{"value":{"string_value":"networks","type":"STRING"},"key":"value"}]},"key":"SerializationName"}],"documentation":"","name":"networks","type":{"category":"GENERIC","generic_instantiation":{"generic_type":"OPTIONAL","element_type":{"category":"GENERIC","generic_instantiation":{"generic_type":"LIST","element_type":{"user_defined_type":{"resource_type":"com.vmware.vapi.structure","resource_id":"com.vmware.hcx.interconnectappliance.model.appliance_network"},"category":"USER_DEFINED"}}}}}},{"metadata":[{"value":{"elements":[{"value":{"string_value":"dvsId","type":"STRING"},"key":"value"}]},"key":"SerializationName"}],"documentation":"","name":"dvs_id","type":{"category":"GENERIC","generic_instantiation":{"generic_type":"OPTIONAL","element_type":{"builtin_type":"STRING","category":"BUILTIN"}}}},{"metadata":[{"value":{"elements":[{"value":{"string_value":"dvsName","type":"STRING"},"key":"value"}]},"key":"SerializationName"}],"documentation":"","name":"dvs_name","type":{"category":"GENERIC","generic_instantiation":{"generic_type":"OPTIONAL","element_type":{"builtin_type":"STRING","category":"BUILTIN"}}}},{"metadata":[{"value":{"elements":[{"value":{"string_value":"moref","type":"STRING"},"key":"value"}]},"key":"SerializationName"}],"documentation":"","name":"moref","type":{"category":"GENERIC","generic_instantiation":{"generic_type":"OPTIONAL","element_type":{"builtin_type":"STRING","category":"BUILTIN"}}}},{"metadata":[{"value":{"elements":[{"value":{"string_value":"cmpId","type":"STRING"},"key":"value"}]},"key":"SerializationName"}],"documentation":"","name":"cmp_id","type":{"category":"GENERIC","generic_instantiation":{"generic_type":"OPTIONAL","element_type":{"builtin_type":"STRING","category":"BUILTIN"}}}},{"metadata":[{"value":{"elements":[{"value":{"string_value":"applianceVersion","type":"STRING"},"key":"value"}]},"key":"SerializationName"}],"documentation":"","name":"appliance_version","type":{"category":"GENERIC","generic_instantiation":{"generic_type":"OPTIONAL","element_type":{"user_defined_type":{"resource_type":"com.vmware.vapi.structure","resource_id":"com.vmware.hcx.interconnectappliance.model.appliance_version"},"category":"USER_DEFINED"}}}},{"metadata":[{"value":{"elements":[{"value":{"string_value":"updateInfo","type":"STRING"},"key":"value"}]},"key":"SerializationName"}],"documentation":"","name":"update_info","type":{"category":"GENERIC","generic_instantiation":{"generic_type":"OPTIONAL","element_type":{"user_defined_type":{"resource_type":"com.vmware.vapi.structure","resource_id":"com.vmware.hcx.interconnectappliance.model.appliance_update_info"},"category":"USER_DEFINED"}}}},{"metadata":[{"value":{"elements":[{"value":{"string_value":"stretchCapacity","type":"STRING"},"key":"value"}]},"key":"SerializationName"}],"documentation":"","name":"stretch_capacity","type":{"category":"GENERIC","generic_instantiation":{"generic_type":"OPTIONAL","element_type":{"builtin_type":"LONG","category":"BUILTIN"}}}},{"metadata":[{"value":{"elements":[{"value":{"string_value":"features","type":"STRING"},"key":"value"}]},"key":"SerializationName"}],"documentation":"","name":"features","type":{"category":"GENERIC","generic_instantiation":{"generic_type":"OPTIONAL","element_type":{"user_defined_type":{"resource_type":"com.vmware.vapi.structure","resource_id":"com.vmware.hcx.interconnectappliance.model.appliances_features"},"category":"USER_DEFINED"}}}},{"metadata":[{"value":{"elements":[{"value":{"string_value":"status","type":"STRING"},"key":"value"}]},"key":"SerializationName"}],"documentation":"","name":"status","type":{"category":"GENERIC","generic_instantiation":{"generic_type":"OPTIONAL","element_type":{"user_defined_type":{"resource_type":"com.vmware.vapi.structure","resource_id":"com.vmware.hcx.interconnectappliance.model.appliances_status"},"category":"USER_DEFINED"}}}}]},"key":"com.vmware.hcx.interconnectappliance.model.appliance"},{"value":{"metadata":[],"documentation":"","name":"com.vmware.hcx.interconnectappliance.model.appliances_appliance_status","enumerations":[],"constants":[],"type":"STRUCTURE","fields":[{"metadata":[{"value":{"elements":[{"value":{"string_value":"state","type":"STRING"},"key":"value"}]},"key":"SerializationName"}],"documentation":"","name":"state","type":{"category":"GENERIC","generic_instantiation":{"generic_type":"OPTIONAL","element_type":{"builtin_type":"STRING","category":"BUILTIN"}}}},{"metadata":[{"value":{"elements":[{"value":{"string_value":"detailedMessage","type":"STRING"},"key":"value"}]},"key":"SerializationName"}],"documentation":"","name":"detailed_message","type":{"category":"GENERIC","generic_instantiation":{"generic_type":"OPTIONAL","element_type":{"builtin_type":"STRING","category":"BUILTIN"}}}}]},"key":"com.vmware.hcx.interconnectappliance.model.appliances_appliance_status"},{"value":{"metadata":[],"documentation":"","name":"com.vmware.hcx.interconnectappliance.model.appliances_features_proximity_routing","enumerations":[],"constants":[],"type":"STRUCTURE","fields":[{"metadata":[{"value":{"elements":[{"value":{"string_value":"enabled","type":"STRING"},"key":"value"}]},"key":"SerializationName"}],"documentation":"","name":"enabled","type":{"category":"GENERIC","generic_instantiation":{"generic_type":"OPTIONAL","element_type":{"builtin_type":"BOOLEAN","category":"BUILTIN"}}}},{"metadata":[{"value":{"elements":[{"value":{"string_value":"version","type":"STRING"},"key":"value"}]},"key":"SerializationName"}],"documentation":"","name":"version","type":{"category":"GENERIC","generic_instantiation":{"generic_type":"OPTIONAL","element_type":{"builtin_type":"STRING","category":"BUILTIN"}}}}]},"key":"com.vmware.hcx.interconnectappliance.model.appliances_features_proximity_routing"},{"value":{"metadata":[],"documentation":"","name":"com.vmware.hcx.interconnectappliance.model.appliances_status_summary","enumerations":[],"constants":[],"type":"STRUCTURE","fields":[{"metadata":[{"value":{"elements":[{"value":{"string_value":"overallStatus","type":"STRING"},"key":"value"}]},"key":"SerializationName"}],"documentation":"","name":"overall_status","type":{"category":"GENERIC","generic_instantiation":{"generic_type":"OPTIONAL","element_type":{"builtin_type":"STRING","category":"BUILTIN"}}}},{"metadata":[{"value":{"elements":[{"value":{"string_value":"overallTransportStatus","type":"STRING"},"key":"value"}]},"key":"SerializationName"}],"documentation":"","name":"overall_transport_status","type":{"category":"GENERIC","generic_instantiation":{"generic_type":"OPTIONAL","element_type":{"builtin_type":"STRING","category":"BUILTIN"}}}},{"metadata":[{"value":{"elements":[{"value":{"string_value":"servicePipelineStatus","type":"STRING"},"key":"value"}]},"key":"SerializationName"}],"documentation":"","name":"service_pipeline_status","type":{"category":"GENERIC","generic_instantiation":{"generic_type":"OPTIONAL","element_type":{"builtin_type":"STRING","category":"BUILTIN"}}}},{"metadata":[{"value":{"elements":[{"value":{"string_value":"overallEncryptionTunnelStatus","type":"STRING"},"key":"value"}]},"key":"SerializationName"}],"documentation":"","name":"overall_encryption_tunnel_status","type":{"category":"GENERIC","generic_instantiation":{"generic_type":"OPTIONAL","element_type":{"builtin_type":"STRING","category":"BUILTIN"}}}},{"metadata":[{"value":{"elements":[{"value":{"string_value":"transportSummary","type":"STRING"},"key":"value"}]},"key":"SerializationName"}],"documentation":"","name":"transport_summary","type":{"category":"GENERIC","generic_instantiation":{"generic_type":"OPTIONAL","element_type":{"category":"GENERIC","generic_instantiation":{"generic_type":"LIST","element_type":{"user_defined_type":{"resource_type":"com.vmware.vapi.structure","resource_id":"com.vmware.hcx.interconnectappliance.model.appliances_status_summary_transport_summary"},"category":"USER_DEFINED"}}}}}},{"metadata":[{"value":{"elements":[{"value":{"string_value":"encryptionTunnelSummary","type":"STRING"},"key":"value"}]},"key":"SerializationName"}],"documentation":"","name":"encryption_tunnel_summary","type":{"category":"GENERIC","generic_instantiation":{"generic_type":"OPTIONAL","element_type":{"user_defined_type":{"resource_type":"com.vmware.vapi.structure","resource_id":"com.vmware.hcx.interconnectappliance.model.appliances_status_summary_encryption_tunnel_summary"},"category":"USER_DEFINED"}}}},{"metadata":[{"value":{"elements":[{"value":{"string_value":"wanOptStatus","type":"STRING"},"key":"value"}]},"key":"SerializationName"}],"documentation":"","name":"wan_opt_status","type":{"category":"GENERIC","generic_instantiation":{"generic_type":"OPTIONAL","element_type":{"builtin_type":"STRING","category":"BUILTIN"}}}}]},"key":"com.vmware.hcx.interconnectappliance.model.appliances_status_summary"},{"value":{"metadata":[],"documentation":"","name":"com.vmware.hcx.interconnectappliance.model.appliance_update_info","enumerations":[],"constants":[],"type":"STRUCTURE","fields":[{"metadata":[{"value":{"elements":[{"value":{"string_value":"updateAvailable","type":"STRING"},"key":"value"}]},"key":"SerializationName"}],"documentation":"","name":"update_available","type":{"category":"GENERIC","generic_instantiation":{"generic_type":"OPTIONAL","element_type":{"builtin_type":"BOOLEAN","category":"BUILTIN"}}}},{"metadata":[{"value":{"elements":[{"value":{"string_value":"updateVersion","type":"STRING"},"key":"value"}]},"key":"SerializationName"}],"documentation":"","name":"update_version","type":{"category":"GENERIC","generic_instantiation":{"generic_type":"OPTIONAL","element_type":{"user_defined_type":{"resource_type":"com.vmware.vapi.structure","resource_id":"com.vmware.hcx.interconnectappliance.model.appliance_version"},"category":"USER_DEFINED"}}}}]},"key":"com.vmware.hcx.interconnectappliance.model.appliance_update_info"},{"value":{"metadata":[],"documentation":"","name":"com.vmware.hcx.interconnectappliance.model.appliance_action_post_response_data","enumerations":[],"constants":[],"type":"STRUCTURE","fields":[{"metadata":[{"value":{"elements":[{"value":{"string_value":"interconnectTaskId","type":"STRING"},"key":"value"}]},"key":"SerializationName"}],"documentation":"","name":"interconnect_task_id","type":{"category":"GENERIC","generic_instantiation":{"generic_type":"OPTIONAL","element_type":{"builtin_type":"STRING","category":"BUILTIN"}}}},{"metadata":[{"value":{"elements":[{"value":{"string_value":"applianceId","type":"STRING"},"key":"value"}]},"key":"SerializationName"}],"documentation":"","name":"appliance_id","type":{"category":"GENERIC","generic_instantiation":{"generic_type":"OPTIONAL","element_type":{"builtin_type":"STRING","category":"BUILTIN"}}}}]},"key":"com.vmware.hcx.interconnectappliance.model.appliance_action_post_response_data"},{"value":{"metadata":[],"documentation":"","name":"com.vmware.hcx.interconnectappliance.model.appliances_config","enumerations":[],"constants":[],"type":"STRUCTURE","fields":[{"metadata":[{"value":{"elements":[{"value":{"string_value":"uplinkIps","type":"STRING"},"key":"value"}]},"key":"SerializationName"}],"documentation":"","name":"uplink_ips","type":{"category":"GENERIC","generic_instantiation":{"generic_type":"OPTIONAL","element_type":{"category":"GENERIC","generic_instantiation":{"generic_type":"LIST","element_type":{"builtin_type":"STRING","category":"BUILTIN"}}}}}}]},"key":"com.vmware.hcx.interconnectappliance.model.appliances_config"},{"value":{"metadata":[],"documentation":"","name":"com.vmware.hcx.interconnectappliance.model.error","enumerations":[],"constants":[],"type":"STRUCTURE","fields":[{"metadata":[{"value":{"elements":[{"value":{"string_value":"code","type":"STRING"},"key":"value"}]},"key":"SerializationName"}],"documentation":"","name":"code","type":{"category":"GENERIC","generic_instantiation":{"generic_type":"OPTIONAL","element_type":{"builtin_type":"STRING","category":"BUILTIN"}}}},{"metadata":[{"value":{"elements":[{"value":{"string_value":"message","type":"STRING"},"key":"value"}]},"key":"SerializationName"}],"documentation":"","name":"message","type":{"category":"GENERIC","generic_instantiation":{"generic_type":"OPTIONAL","element_type":{"builtin_type":"STRING","category":"BUILTIN"}}}}]},"key":"com.vmware.hcx.interconnectappliance.model.error"},{"value":{"metadata":[],"documentation":"","name":"com.vmware.hcx.interconnectappliance.model.appliance_settings_credentials","enumerations":[],"constants":[],"type":"STRUCTURE","fields":[{"metadata":[{"value":{"elements":[{"value":{"string_value":"username","type":"STRING"},"key":"value"}]},"key":"SerializationName"}],"documentation":"","name":"username","type":{"category":"GENERIC","generic_instantiation":{"generic_type":"OPTIONAL","element_type":{"builtin_type":"STRING","category":"BUILTIN"}}}},{"metadata":[{"value":{"elements":[{"value":{"string_value":"password","type":"STRING"},"key":"value"}]},"key":"SerializationName"}],"documentation":"","name":"password","type":{"category":"GENERIC","generic_instantiation":{"generic_type":"OPTIONAL","element_type":{"builtin_type":"STRING","category":"BUILTIN"}}}}]},"key":"com.vmware.hcx.interconnectappliance.model.appliance_settings_credentials"},{"value":{"metadata":[],"documentation":"","name":"com.vmware.hcx.interconnectappliance.model.network_static_route","enumerations":[],"constants":[],"type":"STRUCTURE","fields":[{"metadata":[{"value":{"elements":[{"value":{"string_value":"network","type":"STRING"},"key":"value"}]},"key":"SerializationName"}],"documentation":"","name":"network","type":{"builtin_type":"STRING","category":"BUILTIN"}},{"metadata":[{"value":{"elements":[{"value":{"string_value":"nextHop","type":"STRING"},"key":"value"}]},"key":"SerializationName"}],"documentation":"","name":"next_hop","type":{"builtin_type":"STRING","category":"BUILTIN"}}]},"key":"com.vmware.hcx.interconnectappliance.model.network_static_route"},{"value":{"metadata":[],"documentation":"","name":"com.vmware.hcx.interconnectappliance.model.appliances_features","enumerations":[],"constants":[],"type":"STRUCTURE","fields":[{"metadata":[{"value":{"elements":[{"value":{"string_value":"proximityRouting","type":"STRING"},"key":"value"}]},"key":"SerializationName"}],"documentation":"","name":"proximity_routing","type":{"category":"GENERIC","generic_instantiation":{"generic_type":"OPTIONAL","element_type":{"user_defined_type":{"resource_type":"com.vmware.vapi.structure","resource_id":"com.vmware.hcx.interconnectappliance.model.appliances_features_proximity_routing"},"category":"USER_DEFINED"}}}}]},"key":"com.vmware.hcx.interconnectappliance.model.appliances_features"},{"value":{"metadata":[],"documentation":"","name":"com.vmware.hcx.interconnectappliance.model.appliances_list_response","enumerations":[],"constants":[],"type":"STRUCTURE","fields":[{"metadata":[{"value":{"elements":[{"value":{"string_value":"items","type":"STRING"},"key":"value"}]},"key":"SerializationName"}],"documentation":"","name":"items","type":{"category":"GENERIC","generic_instantiation":{"generic_type":"OPTIONAL","element_type":{"category":"GENERIC","generic_instantiation":{"generic_type":"LIST","element_type":{"user_defined_type":{"resource_type":"com.vmware.vapi.structure","resource_id":"com.vmware.hcx.interconnectappliance.model.appliance"},"category":"USER_DEFINED"}}}}}}]},"key":"com.vmware.hcx.interconnectappliance.model.appliances_list_response"},{"value":{"metadata":[],"documentation":"","name":"com.vmware.hcx.interconnectappliance.model.network_bridge_config","enumerations":[],"constants":[],"type":"STRUCTURE","fields":[{"metadata":[{"value":{"elements":[{"value":{"string_value":"id","type":"STRING"},"key":"value"}]},"key":"SerializationName"}],"documentation":"","name":"id","type":{"category":"GENERIC","generic_instantiation":{"generic_type":"OPTIONAL","element_type":{"builtin_type":"STRING","category":"BUILTIN"}}}},{"metadata":[{"value":{"elements":[{"value":{"string_value":"localAddress","type":"STRING"},"key":"value"}]},"key":"SerializationName"}],"documentation":"","name":"local_address","type":{"category":"GENERIC","generic_instantiation":{"generic_type":"OPTIONAL","element_type":{"builtin_type":"STRING","category":"BUILTIN"}}}},{"metadata":[{"value":{"elements":[{"value":{"string_value":"remoteAddress","type":"STRING"},"key":"value"}]},"key":"SerializationName"}],"documentation":"","name":"remote_address","type":{"category":"GENERIC","generic_instantiation":{"generic_type":"OPTIONAL","element_type":{"builtin_type":"STRING","category":"BUILTIN"}}}},{"metadata":[{"value":{"elements":[{"value":{"string_value":"flapThreshold","type":"STRING"},"key":"value"}]},"key":"SerializationName"}],"documentation":"","name":"flap_threshold","type":{"category":"GENERIC","generic_instantiation":{"generic_type":"OPTIONAL","element_type":{"builtin_type":"LONG","category":"BUILTIN"}}}},{"metadata":[{"value":{"elements":[{"value":{"string_value":"flapClearThreshold","type":"STRING"},"key":"value"}]},"key":"SerializationName"}],"documentation":"","name":"flap_clear_threshold","type":{"category":"GENERIC","generic_instantiation":{"generic_type":"OPTIONAL","element_type":{"builtin_type":"LONG","category":"BUILTIN"}}}}]},"key":"com.vmware.hcx.interconnectappliance.model.network_bridge_config"},{"value":{"metadata":[],"documentation":"","name":"com.vmware.hcx.interconnectappliance.model.appliance_action_post_response","enumerations":[],"constants":[],"type":"STRUCTURE","fields":[{"metadata":[{"value":{"elements":[{"value":{"string_value":"data","type":"STRING"},"key":"value"}]},"key":"SerializationName"}],"documentation":"","name":"data","type":{"category":"GENERIC","generic_instantiation":{"generic_type":"OPTIONAL","element_type":{"user_defined_type":{"resource_type":"com.vmware.vapi.structure","resource_id":"com.vmware.hcx.interconnectappliance.model.appliance_action_post_response_data"},"category":"USER_DEFINED"}}}},{"metadata":[{"value":{"elements":[{"value":{"string_value":"warnings","type":"STRING"},"key":"value"}]},"key":"SerializationName"}],"documentation":"","name":"warnings","type":{"category":"GENERIC","generic_instantiation":{"generic_type":"OPTIONAL","element_type":{"category":"GENERIC","generic_instantiation":{"generic_type":"LIST","element_type":{"user_defined_type":{"resource_type":"com.vmware.vapi.structure","resource_id":"com.vmware.hcx.interconnectappliance.model.warning"},"category":"USER_DEFINED"}}}}}},{"metadata":[{"value":{"elements":[{"value":{"string_value":"errors","type":"STRING"},"key":"value"}]},"key":"SerializationName"}],"documentation":"","name":"errors","type":{"category":"GENERIC","generic_instantiation":{"generic_type":"OPTIONAL","element_type":{"category":"GENERIC","generic_instantiation":{"generic_type":"LIST","element_type":{"user_defined_type":{"resource_type":"com.vmware.vapi.structure","resource_id":"com.vmware.hcx.interconnectappliance.model.error"},"category":"USER_DEFINED"}}}}}}]},"key":"com.vmware.hcx.interconnectappliance.model.appliance_action_post_response"},{"value":{"metadata":[],"documentation":"","name":"com.vmware.hcx.interconnectappliance.model.compute","enumerations":[],"constants":[],"type":"STRUCTURE","fields":[{"metadata":[{"value":{"elements":[{"value":{"string_value":"cmpId","type":"STRING"},"key":"value"}]},"key":"SerializationName"}],"documentation":"","name":"cmp_id","type":{"builtin_type":"STRING","category":"BUILTIN"}},{"metadata":[{"value":{"elements":[{"value":{"string_value":"cmpName","type":"STRING"},"key":"value"}]},"key":"SerializationName"}],"documentation":"","name":"cmp_name","type":{"category":"GENERIC","generic_instantiation":{"generic_type":"OPTIONAL","element_type":{"builtin_type":"STRING","category":"BUILTIN"}}}},{"metadata":[{"value":{"elements":[{"value":{"string_value":"cmpType","type":"STRING"},"key":"value"}]},"key":"SerializationName"}],"documentation":"","name":"cmp_type","type":{"category":"GENERIC","generic_instantiation":{"generic_type":"OPTIONAL","element_type":{"builtin_type":"STRING","category":"BUILTIN"}}}},{"metadata":[{"value":{"elements":[{"value":{"string_value":"type","type":"STRING"},"key":"value"}]},"key":"SerializationName"}],"documentation":"","name":"type","type":{"builtin_type":"STRING","category":"BUILTIN"}},{"metadata":[{"value":{"elements":[{"value":{"string_value":"id","type":"STRING"},"key":"value"}]},"key":"SerializationName"}],"documentation":"","name":"id","type":{"builtin_type":"STRING","category":"BUILTIN"}},{"metadata":[{"value":{"elements":[{"value":{"string_value":"name","type":"STRING"},"key":"value"}]},"key":"SerializationName"}],"documentation":"","name":"name","type":{"category":"GENERIC","generic_instantiation":{"generic_type":"OPTIONAL","element_type":{"builtin_type":"STRING","category":"BUILTIN"}}}}]},"key":"com.vmware.hcx.interconnectappliance.model.compute"},{"value":{"metadata":[],"documentation":"","name":"com.vmware.hcx.interconnectappliance.model.appliances_filter_filter","enumerations":[],"constants":[],"type":"STRUCTURE","fields":[{"metadata":[{"value":{"elements":[{"value":{"string_value":"serviceMeshId","type":"STRING"},"key":"value"}]},"key":"SerializationName"}],"documentation":"","name":"service_mesh_id","type":{"category":"GENERIC","generic_instantiation":{"generic_type":"OPTIONAL","element_type":{"builtin_type":"STRING","category":"BUILTIN"}}}},{"metadata":[{"value":{"elements":[{"value":{"string_value":"applianceType","type":"STRING"},"key":"value"}]},"key":"SerializationName"}],"documentation":"","name":"appliance_type","type":{"category":"GENERIC","generic_instantiation":{"generic_type":"OPTIONAL","element_type":{"builtin_type":"STRING","category":"BUILTIN"}}}},{"metadata":[{"value":{"elements":[{"value":{"string_value":"endpointId","type":"STRING"},"key":"value"}]},"key":"SerializationName"}],"documentation":"","name":"endpoint_id","type":{"category":"GENERIC","generic_instantiation":{"generic_type":"OPTIONAL","element_type":{"builtin_type":"STRING","category":"BUILTIN"}}}}]},"key":"com.vmware.hcx.interconnectappliance.model.appliances_filter_filter"},{"value":{"metadata":[],"documentation":"","name":"com.vmware.hcx.interconnectappliance.model.appliance_version","enumerations":[],"constants":[],"type":"STRUCTURE","fields":[{"metadata":[{"value":{"elements":[{"value":{"string_value":"major","type":"STRING"},"key":"value"}]},"key":"SerializationName"}],"documentation":"","name":"major","type":{"category":"GENERIC","generic_instantiation":{"generic_type":"OPTIONAL","element_type":{"builtin_type":"LONG","category":"BUILTIN"}}}},{"metadata":[{"value":{"elements":[{"value":{"string_value":"minor","type":"STRING"},"key":"value"}]},"key":"SerializationName"}],"documentation":"","name":"minor","type":{"category":"GENERIC","generic_instantiation":{"generic_type":"OPTIONAL","element_type":{"builtin_type":"LONG","category":"BUILTIN"}}}},{"metadata":[{"value":{"elements":[{"value":{"string_value":"patch","type":"STRING"},"key":"value"}]},"key":"SerializationName"}],"documentation":"","name":"patch","type":{"category":"GENERIC","generic_instantiation":{"generic_type":"OPTIONAL","element_type":{"builtin_type":"LONG","category":"BUILTIN"}}}},{"metadata":[{"value":{"elements":[{"value":{"string_value":"build","type":"STRING"},"key":"value"}]},"key":"SerializationName"}],"documentation":"","name":"build","type":{"category":"GENERIC","generic_instantiation":{"generic_type":"OPTIONAL","element_type":{"builtin_type":"LONG","category":"BUILTIN"}}}}]},"key":"com.vmware.hcx.interconnectappliance.model.appliance_version"},{"value":{"metadata":[],"documentation":"","name":"com.vmware.hcx.interconnectappliance.model.storage","enumerations":[],"constants":[],"type":"STRUCTURE","fields":[{"metadata":[{"value":{"elements":[{"value":{"string_value":"cmpId","type":"STRING"},"key":"value"}]},"key":"SerializationName"}],"documentation":"","name":"cmp_id","type":{"builtin_type":"STRING","category":"BUILTIN"}},{"metadata":[{"value":{"elements":[{"value":{"string_value":"cmpName","type":"STRING"},"key":"value"}]},"key":"SerializationName"}],"documentation":"","name":"cmp_name","type":{"category":"GENERIC","generic_instantiation":{"generic_type":"OPTIONAL","element_type":{"builtin_type":"STRING","category":"BUILTIN"}}}},{"metadata":[{"value":{"elements":[{"value":{"string_value":"cmpType","type":"STRING"},"key":"value"}]},"key":"SerializationName"}],"documentation":"","name":"cmp_type","type":{"category":"GENERIC","generic_instantiation":{"generic_type":"OPTIONAL","element_type":{"builtin_type":"STRING","category":"BUILTIN"}}}},{"metadata":[{"value":{"elements":[{"value":{"string_value":"type","type":"STRING"},"key":"value"}]},"key":"SerializationName"}],"documentation":"","name":"type","type":{"builtin_type":"STRING","category":"BUILTIN"}},{"metadata":[{"value":{"elements":[{"value":{"string_value":"id","type":"STRING"},"key":"value"}]},"key":"SerializationName"}],"documentation":"","name":"id","type":{"builtin_type":"STRING","category":"BUILTIN"}},{"metadata":[{"value":{"elements":[{"value":{"string_value":"name","type":"STRING"},"key":"value"}]},"key":"SerializationName"}],"documentation":"","name":"name","type":{"category":"GENERIC","generic_instantiation":{"generic_type":"OPTIONAL","element_type":{"builtin_type":"STRING","category":"BUILTIN"}}}}]},"key":"com.vmware.hcx.interconnectappliance.model.storage"},{"value":{"metadata":[],"documentation":"","name":"com.vmware.hcx.interconnectappliance.model.warning","enumerations":[],"constants":[],"type":"STRUCTURE","fields":[{"metadata":[{"value":{"elements":[{"value":{"string_value":"message","type":"STRING"},"key":"value"}]},"key":"SerializationName"}],"documentation":"","name":"message","type":{"category":"GENERIC","generic_instantiation":{"generic_type":"OPTIONAL","element_type":{"builtin_type":"STRING","category":"BUILTIN"}}}}]},"key":"com.vmware.hcx.interconnectappliance.model.warning"},{"value":{"metadata":[],"documentation":"","name":"com.vmware.hcx.interconnectappliance.model.appliances_status","enumerations":[],"constants":[],"type":"STRUCTURE","fields":[{"metadata":[{"value":{"elements":[{"value":{"string_value":"summary","type":"STRING"},"key":"value"}]},"key":"SerializationName"}],"documentation":"","name":"summary","type":{"category":"GENERIC","generic_instantiation":{"generic_type":"OPTIONAL","element_type":{"user_defined_type":{"resource_type":"com.vmware.vapi.structure","resource_id":"com.vmware.hcx.interconnectappliance.model.appliances_status_summary"},"category":"USER_DEFINED"}}}},{"metadata":[{"value":{"elements":[{"value":{"string_value":"timestamp","type":"STRING"},"key":"value"}]},"key":"SerializationName"}],"documentation":"","name":"timestamp","type":{"category":"GENERIC","generic_instantiation":{"generic_type":"OPTIONAL","element_type":{"builtin_type":"LONG","category":"BUILTIN"}}}}]},"key":"com.vmware.hcx.interconnectappliance.model.appliances_status"},{"value":{"metadata":[],"documentation":"","name":"com.vmware.hcx.interconnectappliance.model.appliance_settings","enumerations":[],"constants":[],"type":"STRUCTURE","fields":[{"metadata":[{"value":{"elements":[{"value":{"string_value":"applianceName","type":"STRING"},"key":"value"}]},"key":"SerializationName"}],"documentation":"","name":"appliance_name","type":{"category":"GENERIC","generic_instantiation":{"generic_type":"OPTIONAL","element_type":{"builtin_type":"STRING","category":"BUILTIN"}}}},{"metadata":[{"value":{"elements":[{"value":{"string_value":"credentials","type":"STRING"},"key":"value"}]},"key":"SerializationName"}],"documentation":"","name":"credentials","type":{"category":"GENERIC","generic_instantiation":{"generic_type":"OPTIONAL","element_type":{"category":"GENERIC","generic_instantiation":{"generic_type":"LIST","element_type":{"user_defined_type":{"resource_type":"com.vmware.vapi.structure","resource_id":"com.vmware.hcx.interconnectappliance.model.appliance_settings_credentials"},"category":"USER_DEFINED"}}}}}}]},"key":"com.vmware.hcx.interconnectappliance.model.appliance_settings"},{"value":{"metadata":[],"documentation":"","name":"com.vmware.hcx.interconnectappliance.model.error_response","enumerations":[],"constants":[],"type":"STRUCTURE","fields":[{"metadata":[{"value":{"elements":[{"value":{"string_value":"errors","type":"STRING"},"key":"value"}]},"key":"SerializationName"}],"documentation":"","name":"errors","type":{"category":"GENERIC","generic_instantiation":{"generic_type":"OPTIONAL","element_type":{"category":"GENERIC","generic_instantiation":{"generic_type":"LIST","element_type":{"user_defined_type":{"resource_type":"com.vmware.vapi.structure","resource_id":"com.vmware.hcx.interconnectappliance.model.error"},"category":"USER_DEFINED"}}}}}}]},"key":"com.vmware.hcx.interconnectappliance.model.error_response"},{"value":{"metadata":[],"documentation":"","name":"com.vmware.hcx.interconnectappliance.model.appliances","enumerations":[],"constants":[],"type":"STRUCTURE","fields":[{"metadata":[{"value":{"elements":[{"value":{"string_value":"applianceId","type":"STRING"},"key":"value"}]},"key":"SerializationName"}],"documentation":"","name":"appliance_id","type":{"category":"GENERIC","generic_instantiation":{"generic_type":"OPTIONAL","element_type":{"builtin_type":"STRING","category":"BUILTIN"}}}},{"metadata":[{"value":{"elements":[{"value":{"string_value":"applianceType","type":"STRING"},"key":"value"}]},"key":"SerializationName"}],"documentation":"","name":"appliance_type","type":{"category":"GENERIC","generic_instantiation":{"generic_type":"OPTIONAL","element_type":{"builtin_type":"STRING","category":"BUILTIN"}}}},{"metadata":[{"value":{"elements":[{"value":{"string_value":"applianceName","type":"STRING"},"key":"value"}]},"key":"SerializationName"}],"documentation":"","name":"appliance_name","type":{"category":"GENERIC","generic_instantiation":{"generic_type":"OPTIONAL","element_type":{"builtin_type":"STRING","category":"BUILTIN"}}}},{"metadata":[{"value":{"elements":[{"value":{"string_value":"serviceMeshId","type":"STRING"},"key":"value"}]},"key":"SerializationName"}],"documentation":"","name":"service_mesh_id","type":{"category":"GENERIC","generic_instantiation":{"generic_type":"OPTIONAL","element_type":{"builtin_type":"STRING","category":"BUILTIN"}}}},{"metadata":[{"value":{"elements":[{"value":{"string_value":"computeProfileId","type":"STRING"},"key":"value"}]},"key":"SerializationName"}],"documentation":"","name":"compute_profile_id","type":{"category":"GENERIC","generic_instantiation":{"generic_type":"OPTIONAL","element_type":{"builtin_type":"STRING","category":"BUILTIN"}}}},{"metadata":[{"value":{"elements":[{"value":{"string_value":"location","type":"STRING"},"key":"value"}]},"key":"SerializationName"}],"documentation":"","name":"location","type":{"category":"GENERIC","generic_instantiation":{"generic_type":"OPTIONAL","element_type":{"builtin_type":"STRING","category":"BUILTIN"}}}},{"metadata":[{"value":{"elements":[{"value":{"string_value":"endpointId","type":"STRING"},"key":"value"}]},"key":"SerializationName"}],"documentation":"","name":"endpoint_id","type":{"category":"GENERIC","generic_instantiation":{"generic_type":"OPTIONAL","element_type":{"builtin_type":"STRING","category":"BUILTIN"}}}},{"metadata":[{"value":{"elements":[{"value":{"string_value":"peerAppliances","type":"STRING"},"key":"value"}]},"key":"SerializationName"}],"documentation":"","name":"peer_appliances","type":{"category":"GENERIC","generic_instantiation":{"generic_type":"OPTIONAL","element_type":{"category":"GENERIC","generic_instantiation":{"generic_type":"LIST","element_type":{"user_defined_type":{"resource_type":"com.vmware.vapi.structure","resource_id":"com.vmware.hcx.interconnectappliance.model.appliance"},"category":"USER_DEFINED"}}}}}},{"metadata":[{"value":{"elements":[{"value":{"string_value":"config","type":"STRING"},"key":"value"}]},"key":"SerializationName"}],"documentation":"","name":"config","type":{"category":"GENERIC","generic_instantiation":{"generic_type":"OPTIONAL","element_type":{"user_defined_type":{"resource_type":"com.vmware.vapi.structure","resource_id":"com.vmware.hcx.interconnectappliance.model.appliances_config"},"category":"USER_DEFINED"}}}},{"metadata":[{"value":{"elements":[{"value":{"string_value":"applianceStatus","type":"STRING"},"key":"value"}]},"key":"SerializationName"}],"documentation":"","name":"appliance_status","type":{"category":"GENERIC","generic_instantiation":{"generic_type":"OPTIONAL","element_type":{"user_defined_type":{"resource_type":"com.vmware.vapi.structure","resource_id":"com.vmware.hcx.interconnectappliance.model.appliances_appliance_status"},"category":"USER_DEFINED"}}}},{"metadata":[{"value":{"elements":[{"value":{"string_value":"compute","type":"STRING"},"key":"value"}]},"key":"SerializationName"}],"documentation":"","name":"compute","type":{"category":"GENERIC","generic_instantiation":{"generic_type":"OPTIONAL","element_type":{"user_defined_type":{"resource_type":"com.vmware.vapi.structure","resource_id":"com.vmware.hcx.interconnectappliance.model.compute"},"category":"USER_DEFINED"}}}},{"metadata":[{"value":{"elements":[{"value":{"string_value":"storage","type":"STRING"},"key":"value"}]},"key":"SerializationName"}],"documentation":"","name":"storage","type":{"category":"GENERIC","generic_instantiation":{"generic_type":"OPTIONAL","element_type":{"user_defined_type":{"resource_type":"com.vmware.vapi.structure","resource_id":"com.vmware.hcx.interconnectappliance.model.storage"},"category":"USER_DEFINED"}}}},{"metadata":[{"value":{"elements":[{"value":{"string_value":"networks","type":"STRING"},"key":"value"}]},"key":"SerializationName"}],"documentation":"","name":"networks","type":{"category":"GENERIC","generic_instantiation":{"generic_type":"OPTIONAL","element_type":{"category":"GENERIC","generic_instantiation":{"generic_type":"LIST","element_type":{"user_defined_type":{"resource_type":"com.vmware.vapi.structure","resource_id":"com.vmware.hcx.interconnectappliance.model.appliance_network"},"category":"USER_DEFINED"}}}}}},{"metadata":[{"value":{"elements":[{"value":{"string_value":"dvsId","type":"STRING"},"key":"value"}]},"key":"SerializationName"}],"documentation":"","name":"dvs_id","type":{"category":"GENERIC","generic_instantiation":{"generic_type":"OPTIONAL","element_type":{"builtin_type":"STRING","category":"BUILTIN"}}}},{"metadata":[{"value":{"elements":[{"value":{"string_value":"dvsName","type":"STRING"},"key":"value"}]},"key":"SerializationName"}],"documentation":"","name":"dvs_name","type":{"category":"GENERIC","generic_instantiation":{"generic_type":"OPTIONAL","element_type":{"builtin_type":"STRING","category":"BUILTIN"}}}},{"metadata":[{"value":{"elements":[{"value":{"string_value":"moref","type":"STRING"},"key":"value"}]},"key":"SerializationName"}],"documentation":"","name":"moref","type":{"category":"GENERIC","generic_instantiation":{"generic_type":"OPTIONAL","element_type":{"builtin_type":"STRING","category":"BUILTIN"}}}},{"metadata":[{"value":{"elements":[{"value":{"string_value":"cmpId","type":"STRING"},"key":"value"}]},"key":"SerializationName"}],"documentation":"","name":"cmp_id","type":{"category":"GENERIC","generic_instantiation":{"generic_type":"OPTIONAL","element_type":{"builtin_type":"STRING","category":"BUILTIN"}}}},{"metadata":[{"value":{"elements":[{"value":{"string_value":"applianceVersion","type":"STRING"},"key":"value"}]},"key":"SerializationName"}],"documentation":"","name":"appliance_version","type":{"category":"GENERIC","generic_instantiation":{"generic_type":"OPTIONAL","element_type":{"user_defined_type":{"resource_type":"com.vmware.vapi.structure","resource_id":"com.vmware.hcx.interconnectappliance.model.appliance_version"},"category":"USER_DEFINED"}}}},{"metadata":[{"value":{"elements":[{"value":{"string_value":"updateInfo","type":"STRING"},"key":"value"}]},"key":"SerializationName"}],"documentation":"","name":"update_info","type":{"category":"GENERIC","generic_instantiation":{"generic_type":"OPTIONAL","element_type":{"user_defined_type":{"resource_type":"com.vmware.vapi.structure","resource_id":"com.vmware.hcx.interconnectappliance.model.appliance_update_info"},"category":"USER_DEFINED"}}}},{"metadata":[{"value":{"elements":[{"value":{"string_value":"stretchCapacity","type":"STRING"},"key":"value"}]},"key":"SerializationName"}],"documentation":"","name":"stretch_capacity","type":{"category":"GENERIC","generic_instantiation":{"generic_type":"OPTIONAL","element_type":{"builtin_type":"LONG","category":"BUILTIN"}}}},{"metadata":[{"value":{"elements":[{"value":{"string_value":"features","type":"STRING"},"key":"value"}]},"key":"SerializationName"}],"documentation":"","name":"features","type":{"category":"GENERIC","generic_instantiation":{"generic_type":"OPTIONAL","element_type":{"user_defined_type":{"resource_type":"com.vmware.vapi.structure","resource_id":"com.vmware.hcx.interconnectappliance.model.appliances_features"},"category":"USER_DEFINED"}}}},{"metadata":[{"value":{"elements":[{"value":{"string_value":"status","type":"STRING"},"key":"value"}]},"key":"SerializationName"}],"documentation":"","name":"status","type":{"category":"GENERIC","generic_instantiation":{"generic_type":"OPTIONAL","element_type":{"user_defined_type":{"resource_type":"com.vmware.vapi.structure","resource_id":"com.vmware.hcx.interconnectappliance.model.appliances_status"},"category":"USER_DEFINED"}}}}]},"key":"com.vmware.hcx.interconnectappliance.model.appliances"},{"value":{"metadata":[],"documentation":"","name":"com.vmware.hcx.interconnectappliance.model.appliances_filter","enumerations":[],"constants":[],"type":"STRUCTURE","fields":[{"metadata":[{"value":{"elements":[{"value":{"string_value":"filter","type":"STRING"},"key":"value"}]},"key":"SerializationName"}],"documentation":"","name":"filter","type":{"category":"GENERIC","generic_instantiation":{"generic_type":"OPTIONAL","element_type":{"user_defined_type":{"resource_type":"com.vmware.vapi.structure","resource_id":"com.vmware.hcx.interconnectappliance.model.appliances_filter_filter"},"category":"USER_DEFINED"}}}}]},"key":"com.vmware.hcx.interconnectappliance.model.appliances_filter"},{"value":{"metadata":[],"documentation":"","name":"com.vmware.hcx.interconnectappliance.model.appliance_network","enumerations":[],"constants":[],"type":"STRUCTURE","fields":[{"metadata":[{"value":{"elements":[{"value":{"string_value":"id","type":"STRING"},"key":"value"}]},"key":"SerializationName"}],"documentation":"","name":"id","type":{"category":"GENERIC","generic_instantiation":{"generic_type":"OPTIONAL","element_type":{"builtin_type":"STRING","category":"BUILTIN"}}}},{"metadata":[{"value":{"elements":[{"value":{"string_value":"backingId","type":"STRING"},"key":"value"}]},"key":"SerializationName"}],"documentation":"","name":"backing_id","type":{"category":"GENERIC","generic_instantiation":{"generic_type":"OPTIONAL","element_type":{"builtin_type":"STRING","category":"BUILTIN"}}}},{"metadata":[{"value":{"elements":[{"value":{"string_value":"backingType","type":"STRING"},"key":"value"}]},"key":"SerializationName"}],"documentation":"","name":"backing_type","type":{"category":"GENERIC","generic_instantiation":{"generic_type":"OPTIONAL","element_type":{"builtin_type":"STRING","category":"BUILTIN"}}}},{"metadata":[{"value":{"elements":[{"value":{"string_value":"backingName","type":"STRING"},"key":"value"}]},"key":"SerializationName"}],"documentation":"","name":"backing_name","type":{"category":"GENERIC","generic_instantiation":{"generic_type":"OPTIONAL","element_type":{"builtin_type":"STRING","category":"BUILTIN"}}}},{"metadata":[{"value":{"elements":[{"value":{"string_value":"vCenterInstanceId","type":"STRING"},"key":"value"}]},"key":"SerializationName"}],"documentation":"","name":"v_center_instance_id","type":{"category":"GENERIC","generic_instantiation":{"generic_type":"OPTIONAL","element_type":{"builtin_type":"STRING","category":"BUILTIN"}}}},{"metadata":[{"value":{"elements":[{"value":{"string_value":"prefixLength","type":"STRING"},"key":"value"}]},"key":"SerializationName"}],"documentation":"","name":"prefix_length","type":{"category":"GENERIC","generic_instantiation":{"generic_type":"OPTIONAL","element_type":{"builtin_type":"LONG","category":"BUILTIN"}}}},{"metadata":[{"value":{"elements":[{"value":{"string_value":"gateway","type":"STRING"},"key":"value"}]},"key":"SerializationName"}],"documentation":"","name":"gateway","type":{"category":"GENERIC","generic_instantiation":{"generic_type":"OPTIONAL","element_type":{"builtin_type":"STRING","category":"BUILTIN"}}}},{"metadata":[{"value":{"elements":[{"value":{"string_value":"mtu","type":"STRING"},"key":"value"}]},"key":"SerializationName"}],"documentation":"","name":"mtu","type":{"category":"GENERIC","generic_instantiation":{"generic_type":"OPTIONAL","element_type":{"builtin_type":"LONG","category":"BUILTIN"}}}},{"metadata":[{"value":{"elements":[{"value":{"string_value":"networkDescription","type":"STRING"},"key":"value"}]},"key":"SerializationName"}],"documentation":"","name":"network_description","type":{"category":"GENERIC","generic_instantiation":{"generic_type":"OPTIONAL","element_type":{"builtin_type":"STRING","category":"BUILTIN"}}}},{"metadata":[{"value":{"elements":[{"value":{"string_value":"scope","type":"STRING"},"key":"value"}]},"key":"SerializationName"}],"documentation":"","name":"scope","type":{"category":"GENERIC","generic_instantiation":{"generic_type":"OPTIONAL","element_type":{"builtin_type":"STRING","category":"BUILTIN"}}}},{"metadata":[{"value":{"elements":[{"value":{"string_value":"ipPoolId","type":"STRING"},"key":"value"}]},"key":"SerializationName"}],"documentation":"","name":"ip_pool_id","type":{"category":"GENERIC","generic_instantiation":{"generic_type":"OPTIONAL","element_type":{"builtin_type":"STRING","category":"BUILTIN"}}}},{"metadata":[{"value":{"elements":[{"value":{"string_value":"type","type":"STRING"},"key":"value"}]},"key":"SerializationName"}],"documentation":"","name":"type","type":{"category":"GENERIC","generic_instantiation":{"generic_type":"OPTIONAL","element_type":{"builtin_type":"STRING","category":"BUILTIN"}}}},{"metadata":[{"value":{"elements":[{"value":{"string_value":"networkId","type":"STRING"},"key":"value"}]},"key":"SerializationName"}],"documentation":"","name":"network_id","type":{"category":"GENERIC","generic_instantiation":{"generic_type":"OPTIONAL","element_type":{"builtin_type":"STRING","category":"BUILTIN"}}}},{"metadata":[{"value":{"elements":[{"value":{"string_value":"provider","type":"STRING"},"key":"value"}]},"key":"SerializationName"}],"documentation":"","name":"provider","type":{"category":"GENERIC","generic_instantiation":{"generic_type":"OPTIONAL","element_type":{"builtin_type":"STRING","category":"BUILTIN"}}}},{"metadata":[{"value":{"elements":[{"value":{"string_value":"tags","type":"STRING"},"key":"value"}]},"key":"SerializationName"}],"documentation":"","name":"tags","type":{"category":"GENERIC","generic_instantiation":{"generic_type":"OPTIONAL","element_type":{"category":"GENERIC","generic_instantiation":{"generic_type":"LIST","element_type":{"builtin_type":"STRING","category":"BUILTIN"}}}}}},{"metadata":[{"value":{"elements":[{"value":{"string_value":"ip","type":"STRING"},"key":"value"}]},"key":"SerializationName"}],"documentation":"","name":"ip","type":{"category":"GENERIC","generic_instantiation":{"generic_type":"OPTIONAL","element_type":{"category":"GENERIC","generic_instantiation":{"generic_type":"LIST","element_type":{"builtin_type":"STRING","category":"BUILTIN"}}}}}},{"metadata":[{"value":{"elements":[{"value":{"string_value":"resourcePoolId","type":"STRING"},"key":"value"}]},"key":"SerializationName"}],"documentation":"","name":"resource_pool_id","type":{"category":"GENERIC","generic_instantiation":{"generic_type":"OPTIONAL","element_type":{"builtin_type":"STRING","category":"BUILTIN"}}}},{"metadata":[{"value":{"elements":[{"value":{"string_value":"resourceId","type":"STRING"},"key":"value"}]},"key":"SerializationName"}],"documentation":"","name":"resource_id","type":{"category":"GENERIC","generic_instantiation":{"generic_type":"OPTIONAL","element_type":{"builtin_type":"STRING","category":"BUILTIN"}}}},{"metadata":[{"value":{"elements":[{"value":{"string_value":"enableBridge","type":"STRING"},"key":"value"}]},"key":"SerializationName"}],"documentation":"","name":"enable_bridge","type":{"category":"GENERIC","generic_instantiation":{"generic_type":"OPTIONAL","element_type":{"builtin_type":"BOOLEAN","category":"BUILTIN"}}}},{"metadata":[{"value":{"elements":[{"value":{"string_value":"staticRoutes","type":"STRING"},"key":"value"}]},"key":"SerializationName"}],"documentation":"","name":"static_routes","type":{"category":"GENERIC","generic_instantiation":{"generic_type":"OPTIONAL","element_type":{"category":"GENERIC","generic_instantiation":{"generic_type":"LIST","element_type":{"user_defined_type":{"resource_type":"com.vmware.vapi.structure","resource_id":"com.vmware.hcx.interconnectappliance.model.network_static_route"},"category":"USER_DEFINED"}}}}}},{"metadata":[{"value":{"elements":[{"value":{"string_value":"stretchId","type":"STRING"},"key":"value"}]},"key":"SerializationName"}],"documentation":"","name":"stretch_id","type":{"category":"GENERIC","generic_instantiation":{"generic_type":"OPTIONAL","element_type":{"builtin_type":"STRING","category":"BUILTIN"}}}},{"metadata":[{"value":{"elements":[{"value":{"string_value":"ipAddress","type":"STRING"},"key":"value"}]},"key":"SerializationName"}],"documentation":"","name":"ip_address","type":{"category":"GENERIC","generic_instantiation":{"generic_type":"OPTIONAL","element_type":{"builtin_type":"STRING","category":"BUILTIN"}}}},{"metadata":[{"value":{"elements":[{"value":{"string_value":"networkType","type":"STRING"},"key":"value"}]},"key":"SerializationName"}],"documentation":"","name":"network_type","type":{"category":"GENERIC","generic_instantiation":{"generic_type":"OPTIONAL","element_type":{"builtin_type":"STRING","category":"BUILTIN"}}}},{"metadata":[{"value":{"elements":[{"value":{"string_value":"dvpgMoref","type":"STRING"},"key":"value"}]},"key":"SerializationName"}],"documentation":"","name":"dvpg_moref","type":{"category":"GENERIC","generic_instantiation":{"generic_type":"OPTIONAL","element_type":{"builtin_type":"STRING","category":"BUILTIN"}}}},{"metadata":[{"value":{"elements":[{"value":{"string_value":"bridgeConfig","type":"STRING"},"key":"value"}]},"key":"SerializationName"}],"documentation":"","name":"bridge_config","type":{"category":"GENERIC","generic_instantiation":{"generic_type":"OPTIONAL","element_type":{"user_defined_type":{"resource_type":"com.vmware.vapi.structure","resource_id":"com.vmware.hcx.interconnectappliance.model.network_bridge_config"},"category":"USER_DEFINED"}}}}]},"key":"com.vmware.hcx.interconnectappliance.model.appliance_network"},{"value":{"metadata":[],"documentation":"","name":"com.vmware.hcx.interconnectappliance.model.appliances_status_summary_transport_summary","enumerations":[],"constants":[],"type":"STRUCTURE","fields":[{"metadata":[{"value":{"elements":[{"value":{"string_value":"transportIp","type":"STRING"},"key":"value"}]},"key":"SerializationName"}],"documentation":"","name":"transport_ip","type":{"category":"GENERIC","generic_instantiation":{"generic_type":"OPTIONAL","element_type":{"builtin_type":"STRING","category":"BUILTIN"}}}},{"metadata":[{"value":{"elements":[{"value":{"string_value":"name","type":"STRING"},"key":"value"}]},"key":"SerializationName"}],"documentation":"","name":"name","type":{"category":"GENERIC","generic_instantiation":{"generic_type":"OPTIONAL","element_type":{"builtin_type":"STRING","category":"BUILTIN"}}}},{"metadata":[{"value":{"elements":[{"value":{"string_value":"totalTunnelCount","type":"STRING"},"key":"value"}]},"key":"SerializationName"}],"documentation":"","name":"total_tunnel_count","type":{"category":"GENERIC","generic_instantiation":{"generic_type":"OPTIONAL","element_type":{"builtin_type":"LONG","category":"BUILTIN"}}}},{"metadata":[{"value":{"elements":[{"value":{"string_value":"totalActiveTunnelCount","type":"STRING"},"key":"value"}]},"key":"SerializationName"}],"documentation":"","name":"total_active_tunnel_count","type":{"category":"GENERIC","generic_instantiation":{"generic_type":"OPTIONAL","element_type":{"builtin_type":"LONG","category":"BUILTIN"}}}},{"metadata":[{"value":{"elements":[{"value":{"string_value":"aggregatedTunnelStatus","type":"STRING"},"key":"value"}]},"key":"SerializationName"}],"documentation":"","name":"aggregated_tunnel_status","type":{"category":"GENERIC","generic_instantiation":{"generic_type":"OPTIONAL","element_type":{"builtin_type":"STRING","category":"BUILTIN"}}}}]},"key":"com.vmware.hcx.interconnectappliance.model.appliances_status_summary_transport_summary"},{"value":{"metadata":[],"documentation":"","name":"com.vmware.hcx.interconnectappliance.model.appliances_status_summary_encryption_tunnel_summary","enumerations":[],"constants":[],"type":"STRUCTURE","fields":[{"metadata":[{"value":{"elements":[{"value":{"string_value":"totalActiveTunnelCount","type":"STRING"},"key":"value"}]},"key":"SerializationName"}],"documentation":"","name":"total_active_tunnel_count","type":{"category":"GENERIC","generic_instantiation":{"generic_type":"OPTIONAL","element_type":{"builtin_type":"LONG","category":"BUILTIN"}}}},{"metadata":[{"value":{"elements":[{"value":{"string_value":"aggregatedTunnelStatus","type":"STRING"},"key":"value"}]},"key":"SerializationName"}],"documentation":"","name":"aggregated_tunnel_status","type":{"category":"GENERIC","generic_instantiation":{"generic_type":"OPTIONAL","element_type":{"builtin_type":"STRING","category":"BUILTIN"}}}},{"metadata":[{"value":{"elements":[{"value":{"string_value":"totalTunnelCount","type":"STRING"},"key":"value"}]},"key":"SerializationName"}],"documentation":"","name":"total_tunnel_count","type":{"category":"GENERIC","generic_instantiation":{"generic_type":"OPTIONAL","element_type":{"builtin_type":"LONG","category":"BUILTIN"}}}}]},"key":"com.vmware.hcx.interconnectappliance.model.appliances_status_summary_encryption_tunnel_summary"}],"enumerations":[],"services":[]},"key":"com.vmware.hcx.interconnectappliance.model"}]},"privilege":{"packages":[]},"authentication":{"packages":[]}},"key":"com.vmware.hcx.interconnectappliance"}],"version":"1.0"}
