{"metadata":[{"value":{"cli":{"commands":[{"formatter":"SIMPLE","output_field_list":[{"output_fields":[{"display_name":"Error","field_name":"error"},{"display_name":"ErrorMessage","field_name":"error_message"},{"display_name":"ErrorCode","field_name":"error_code"},{"display_name":"Data","field_name":"data"}],"structure_id":"com.vmware.hcx.networkprofile.model.network_profile_job_result"},{"output_fields":[{"display_name":"JobId","field_name":"job_id"},{"display_name":"ObjectId","field_name":"object_id"}],"structure_id":"com.vmware.hcx.networkprofile.model.network_profile_job_result_data"}],"identity":{"path":"com.vmware.hcx.networkprofile.np","name":"createnetworkprofile"},"service_id":"com.vmware.hcx.networkprofile.np","options":[{"short_option":"","long_option":"object-id","description":"","type":"string","generic":"OPTIONAL","field_name":"network_profile_payload.objectId"},{"short_option":"","long_option":"name","description":"","type":"string","generic":"OPTIONAL","field_name":"network_profile_payload.name"},{"short_option":"","long_option":"description","description":"","type":"string","generic":"OPTIONAL","field_name":"network_profile_payload.description"},{"short_option":"","long_option":"owned-by-system","description":"","type":"boolean","generic":"OPTIONAL","field_name":"network_profile_payload.ownedBySystem"},{"short_option":"","long_option":"l3-tenant-managed","description":"","type":"boolean","generic":"OPTIONAL","field_name":"network_profile_payload.l3TenantManaged"},{"short_option":"","long_option":"allow-trunk-interfaces","description":"","type":"boolean","generic":"OPTIONAL","field_name":"network_profile_payload.allowTrunkInterfaces"},{"short_option":"","long_option":"backings","description":"","type":"complex","generic":"OPTIONAL","field_name":"network_profile_payload.backings"},{"short_option":"","long_option":"ip-scopes","description":"","type":"complex","generic":"OPTIONAL","field_name":"network_profile_payload.ipScopes"},{"short_option":"","long_option":"enterprise","description":"","type":"string","generic":"OPTIONAL","field_name":"network_profile_payload.enterprise"},{"short_option":"","long_option":"mtu","description":"","type":"long","generic":"OPTIONAL","field_name":"network_profile_payload.mtu"},{"short_option":"","long_option":"ip-scopes-config","description":"","type":"complex","generic":"OPTIONAL","field_name":"network_profile_payload.ipScopesConfig"}],"description":"Create Network Profile","operation_id":"create_network_profile"},{"formatter":"SIMPLE","output_field_list":[{"output_fields":[{"display_name":"Error","field_name":"error"},{"display_name":"ErrorMessage","field_name":"error_message"},{"display_name":"ErrorCode","field_name":"error_code"},{"display_name":"Data","field_name":"data"}],"structure_id":"com.vmware.hcx.networkprofile.model.network_profile_job_result"},{"output_fields":[{"display_name":"JobId","field_name":"job_id"},{"display_name":"ObjectId","field_name":"object_id"}],"structure_id":"com.vmware.hcx.networkprofile.model.network_profile_job_result_data"}],"identity":{"path":"com.vmware.hcx.networkprofile.np","name":"deletenetworkprofile"},"service_id":"com.vmware.hcx.networkprofile.np","options":[{"short_option":"","long_option":"network-profile-id","description":"(required)","type":"string","generic":"NONE","field_name":"network_profile_id"}],"description":"Delete Network Profile","operation_id":"delete_network_profile"},{"formatter":"TABLE","output_field_list":[{"output_fields":[{"display_name":"Name","field_name":"name"},{"display_name":"ObjectId","field_name":"object_id"},{"display_name":"Description","field_name":"description"},{"display_name":"State","field_name":"state"},{"display_name":"L3TenantManaged","field_name":"l3_tenant_managed"},{"display_name":"AllowTrunkInterfaces","field_name":"allow_trunk_interfaces"},{"display_name":"Mtu","field_name":"mtu"},{"display_name":"IpScopes","field_name":"ip_scopes"},{"display_name":"Backings","field_name":"backings"}],"structure_id":"com.vmware.hcx.networkprofile.model.network_profile"},{"output_fields":[{"display_name":"VCenterInstanceUuid","field_name":"v_center_instance_uuid"},{"display_name":"BackingId","field_name":"backing_id"},{"display_name":"Type","field_name":"type"},{"display_name":"BackingName","field_name":"backing_name"}],"structure_id":"com.vmware.hcx.networkprofile.model.network_profile_backings"},{"output_fields":[{"display_name":"StartAddress","field_name":"start_address"},{"display_name":"EndAddress","field_name":"end_address"}],"structure_id":"com.vmware.hcx.networkprofile.model.network_profile_network_ip_ranges"},{"output_fields":[{"display_name":"Gateway","field_name":"gateway"},{"display_name":"PrefixLength","field_name":"prefix_length"},{"display_name":"PrimaryDns","field_name":"primary_dns"},{"display_name":"SecondaryDns","field_name":"secondary_dns"},{"display_name":"DnsSuffix","field_name":"dns_suffix"},{"display_name":"NetworkIpRanges","field_name":"network_ip_ranges"}],"structure_id":"com.vmware.hcx.networkprofile.model.network_profile_ip_scopes"}],"identity":{"path":"com.vmware.hcx.networkprofile.np","name":"getnetworkprofile"},"service_id":"com.vmware.hcx.networkprofile.np","options":[{"short_option":"","long_option":"filter-allow-trunk-interfaces","description":"","type":"boolean","generic":"OPTIONAL","field_name":"network_profile_filter.filter.allowTrunkInterfaces"},{"short_option":"","long_option":"filter-owned-by-system","description":"","type":"boolean","generic":"OPTIONAL","field_name":"network_profile_filter.filter.ownedBySystem"},{"short_option":"","long_option":"endpoint-id","description":"(optional)","type":"string","generic":"OPTIONAL","field_name":"endpoint_id"}],"description":"Get Network Profiles","operation_id":"get_network_profile"},{"formatter":"SIMPLE","output_field_list":[{"output_fields":[{"display_name":"Error","field_name":"error"},{"display_name":"ErrorMessage","field_name":"error_message"},{"display_name":"ErrorCode","field_name":"error_code"},{"display_name":"Data","field_name":"data"}],"structure_id":"com.vmware.hcx.networkprofile.model.network_profile_job_result"},{"output_fields":[{"display_name":"JobId","field_name":"job_id"},{"display_name":"ObjectId","field_name":"object_id"}],"structure_id":"com.vmware.hcx.networkprofile.model.network_profile_job_result_data"}],"identity":{"path":"com.vmware.hcx.networkprofile.np","name":"modifynetworkprofile"},"service_id":"com.vmware.hcx.networkprofile.np","options":[{"short_option":"","long_option":"network-profile-id","description":"(required)","type":"string","generic":"NONE","field_name":"network_profile_id"},{"short_option":"","long_option":"object-id","description":"","type":"string","generic":"OPTIONAL","field_name":"network_profile_payload.objectId"},{"short_option":"","long_option":"name","description":"","type":"string","generic":"OPTIONAL","field_name":"network_profile_payload.name"},{"short_option":"","long_option":"description","description":"","type":"string","generic":"OPTIONAL","field_name":"network_profile_payload.description"},{"short_option":"","long_option":"owned-by-system","description":"","type":"boolean","generic":"OPTIONAL","field_name":"network_profile_payload.ownedBySystem"},{"short_option":"","long_option":"l3-tenant-managed","description":"","type":"boolean","generic":"OPTIONAL","field_name":"network_profile_payload.l3TenantManaged"},{"short_option":"","long_option":"allow-trunk-interfaces","description":"","type":"boolean","generic":"OPTIONAL","field_name":"network_profile_payload.allowTrunkInterfaces"},{"short_option":"","long_option":"backings","description":"","type":"complex","generic":"OPTIONAL","field_name":"network_profile_payload.backings"},{"short_option":"","long_option":"ip-scopes","description":"","type":"complex","generic":"OPTIONAL","field_name":"network_profile_payload.ipScopes"},{"short_option":"","long_option":"enterprise","description":"","type":"string","generic":"OPTIONAL","field_name":"network_profile_payload.enterprise"},{"short_option":"","long_option":"mtu","description":"","type":"long","generic":"OPTIONAL","field_name":"network_profile_payload.mtu"},{"short_option":"","long_option":"ip-scopes-config","description":"","type":"complex","generic":"OPTIONAL","field_name":"network_profile_payload.ipScopesConfig"}],"description":"Modify Network Profile","operation_id":"modify_network_profile"},{"formatter":"SIMPLE","output_field_list":[{"output_fields":[{"display_name":"Error","field_name":"error"},{"display_name":"ErrorMessage","field_name":"error_message"},{"display_name":"ErrorCode","field_name":"error_code"},{"display_name":"Data","field_name":"data"}],"structure_id":"com.vmware.hcx.networkprofile.model.network_profile_job_result"},{"output_fields":[{"display_name":"JobId","field_name":"job_id"},{"display_name":"ObjectId","field_name":"object_id"}],"structure_id":"com.vmware.hcx.networkprofile.model.network_profile_job_result_data"}],"identity":{"path":"com.vmware.hcx.networkprofile.np","name":"createorgvdcnetworkprofile"},"service_id":"com.vmware.hcx.networkprofile.np","options":[{"short_option":"","long_option":"object-id","description":"","type":"string","generic":"OPTIONAL","field_name":"network_profile_payload.objectId"},{"short_option":"","long_option":"name","description":"","type":"string","generic":"OPTIONAL","field_name":"network_profile_payload.name"},{"short_option":"","long_option":"description","description":"","type":"string","generic":"OPTIONAL","field_name":"network_profile_payload.description"},{"short_option":"","long_option":"owned-by-system","description":"","type":"boolean","generic":"OPTIONAL","field_name":"network_profile_payload.ownedBySystem"},{"short_option":"","long_option":"l3-tenant-managed","description":"","type":"boolean","generic":"OPTIONAL","field_name":"network_profile_payload.l3TenantManaged"},{"short_option":"","long_option":"allow-trunk-interfaces","description":"","type":"boolean","generic":"OPTIONAL","field_name":"network_profile_payload.allowTrunkInterfaces"},{"short_option":"","long_option":"backings","description":"","type":"complex","generic":"OPTIONAL","field_name":"network_profile_payload.backings"},{"short_option":"","long_option":"ip-scopes","description":"","type":"complex","generic":"OPTIONAL","field_name":"network_profile_payload.ipScopes"},{"short_option":"","long_option":"enterprise","description":"","type":"string","generic":"OPTIONAL","field_name":"network_profile_payload.enterprise"},{"short_option":"","long_option":"mtu","description":"","type":"long","generic":"OPTIONAL","field_name":"network_profile_payload.mtu"},{"short_option":"","long_option":"ip-scopes-config","description":"","type":"complex","generic":"OPTIONAL","field_name":"network_profile_payload.ipScopesConfig"}],"description":"Create Org VDC Network Profile","operation_id":"create_org_vdc_network_profile"},{"formatter":"SIMPLE","output_field_list":[{"output_fields":[{"display_name":"DistributedVirtualSwitch","field_name":"distributed_virtual_switch"},{"display_name":"DefaultPortConfig","field_name":"default_port_config"}],"structure_id":"com.vmware.hcx.networkprofile.model.network_backings_config"},{"output_fields":[{"display_name":"Vlan","field_name":"vlan"}],"structure_id":"com.vmware.hcx.networkprofile.model.network_backings_config_default_port_config"},{"output_fields":[{"display_name":"VcenterInstanceId","field_name":"vcenter_instance_id"},{"display_name":"EntityId","field_name":"entity_id"},{"display_name":"Name","field_name":"name"},{"display_name":"Host","field_name":"host"},{"display_name":"Id","field_name":"id"}],"structure_id":"com.vmware.hcx.networkprofile.model.network_backings_standard_portgroups"},{"output_fields":[{"display_name":"Dvpgs","field_name":"dvpgs"},{"display_name":"Virtualwires","field_name":"virtualwires"},{"display_name":"StandardPortgroups","field_name":"standard_portgroups"},{"display_name":"NsxtSegments","field_name":"nsxt_segments"}],"structure_id":"com.vmware.hcx.networkprofile.model.network_backings"},{"output_fields":[{"display_name":"VcenterInstanceId","field_name":"vcenter_instance_id"},{"display_name":"EntityId","field_name":"entity_id"},{"display_name":"Name","field_name":"name"},{"display_name":"Config","field_name":"config"}],"structure_id":"com.vmware.hcx.networkprofile.model.network_backings_dvpgs"},{"output_fields":[{"display_name":"Type","field_name":"type"},{"display_name":"ServerGuid","field_name":"server_guid"},{"display_name":"Value","field_name":"value"},{"display_name":"Name","field_name":"name"}],"structure_id":"com.vmware.hcx.networkprofile.model.network_backings_config_distributed_virtual_switch"},{"output_fields":[{"display_name":"Inherited","field_name":"inherited"},{"display_name":"VlanId","field_name":"vlan_id"}],"structure_id":"com.vmware.hcx.networkprofile.model.network_backings_config_default_port_config_vlan"},{"output_fields":[{"display_name":"Id","field_name":"id"},{"display_name":"EntityType","field_name":"entity_type"},{"display_name":"SegmentType","field_name":"segment_type"},{"display_name":"TransportZonePath","field_name":"transport_zone_path"},{"display_name":"Name","field_name":"name"},{"display_name":"Subnets","field_name":"subnets"},{"display_name":"VlanIds","field_name":"vlan_ids"}],"structure_id":"com.vmware.hcx.networkprofile.model.network_backings_nsxt_segments"},{"output_fields":[{"display_name":"Type","field_name":"type"},{"display_name":"ServerGuid","field_name":"server_guid"},{"display_name":"Value","field_name":"value"},{"display_name":"Name","field_name":"name"},{"display_name":"VlanId","field_name":"vlan_id"}],"structure_id":"com.vmware.hcx.networkprofile.model.network_backings_host"},{"output_fields":[{"display_name":"GatewayAddress","field_name":"gateway_address"},{"display_name":"Network","field_name":"network"}],"structure_id":"com.vmware.hcx.networkprofile.model.network_backings_subnets"},{"output_fields":[{"display_name":"VcenterInstanceId","field_name":"vcenter_instance_id"},{"display_name":"ObjectId","field_name":"object_id"},{"display_name":"Name","field_name":"name"},{"display_name":"Backing","field_name":"backing"},{"display_name":"VdnId","field_name":"vdn_id"},{"display_name":"MulticastAddr","field_name":"multicast_addr"},{"display_name":"ControlPlaneMode","field_name":"control_plane_mode"}],"structure_id":"com.vmware.hcx.networkprofile.model.network_backings_virtualwires"},{"output_fields":[{"display_name":"Mtu","field_name":"mtu"},{"display_name":"PromiscuousMode","field_name":"promiscuous_mode"},{"display_name":"BackingType","field_name":"backing_type"},{"display_name":"BackingValue","field_name":"backing_value"},{"display_name":"MissingOnVc","field_name":"missing_on_vc"}],"structure_id":"com.vmware.hcx.networkprofile.model.network_backings_backing"}],"identity":{"path":"com.vmware.hcx.networkprofile.np","name":"getnetworkbackings"},"service_id":"com.vmware.hcx.networkprofile.np","options":[{"short_option":"","long_option":"filter-v-center-instance-uuid","description":"","type":"string","generic":"OPTIONAL","field_name":"network_backing_filter.filter.vCenterInstanceUuid"},{"short_option":"","long_option":"filter-exclude-used","description":"","type":"boolean","generic":"OPTIONAL","field_name":"network_backing_filter.filter.excludeUsed"},{"short_option":"","long_option":"filter-backing-types","description":"","type":"string","generic":"OPTIONAL_LIST","field_name":"network_backing_filter.filter.backingTypes"}],"description":"Get Network Backings","operation_id":"get_network_backings"},{"formatter":"TABLE","output_field_list":[{"output_fields":[{"display_name":"ObjectId","field_name":"object_id"},{"display_name":"Name","field_name":"name"},{"display_name":"GatewayId","field_name":"gateway_id"},{"display_name":"GatewayName","field_name":"gateway_name"},{"display_name":"ApiEndpoint","field_name":"api_endpoint"},{"display_name":"UiEndpoint","field_name":"ui_endpoint"},{"display_name":"FenceMode","field_name":"fence_mode"},{"display_name":"VdcId","field_name":"vdc_id"},{"display_name":"VdcName","field_name":"vdc_name"},{"display_name":"OrgId","field_name":"org_id"},{"display_name":"OrgName","field_name":"org_name"}],"structure_id":"com.vmware.hcx.networkprofile.model.VDC_network"}],"identity":{"path":"com.vmware.hcx.networkprofile.np","name":"getvdcnetworks"},"service_id":"com.vmware.hcx.networkprofile.np","options":[{"short_option":"","long_option":"org-id","description":"(optional)","type":"string","generic":"OPTIONAL","field_name":"org_id"}],"description":"Get VDC Networks","operation_id":"get_VDC_networks"},{"formatter":"TABLE","output_field_list":[{"output_fields":[{"display_name":"ObjectId","field_name":"object_id"},{"display_name":"Name","field_name":"name"},{"display_name":"ApiEndpoint","field_name":"api_endpoint"},{"display_name":"FreeIpCount","field_name":"free_ip_count"},{"display_name":"AvailableVdcs","field_name":"available_vdcs"}],"structure_id":"com.vmware.hcx.networkprofile.model.extenal_network"}],"identity":{"path":"com.vmware.hcx.networkprofile.np","name":"getexternalnetworks"},"service_id":"com.vmware.hcx.networkprofile.np","options":[{"short_option":"","long_option":"org-id","description":"(optional)","type":"string","generic":"OPTIONAL","field_name":"org_id"}],"description":"Get External Networks","operation_id":"get_external_networks"}],"namespaces":[{"children":[{"path":"com.vmware","name":"hcx"}],"identity":{"path":"com","name":"vmware"},"description":"vmware namespace"},{"children":[{"path":"com","name":"vmware"}],"identity":{"path":"","name":"com"},"description":"com namespace"},{"children":[{"path":"com.vmware.hcx","name":"networkprofile"}],"identity":{"path":"com.vmware","name":"hcx"},"description":"hcx namespace"},{"children":[],"identity":{"path":"com.vmware.hcx.networkprofile","name":"np"},"description":"np namespace"},{"children":[{"path":"com.vmware.hcx.networkprofile","name":"np"}],"identity":{"path":"com.vmware.hcx","name":"networkprofile"},"description":"networkprofile namespace"},{"children":[{"path":"","name":"com"}],"identity":{"path":"","name":""},"description":"Root namespace"}]},"routing":{"packages":[]},"metamodel":{"metadata":[],"documentation":"","name":"com.vmware.hcx.networkprofile","packages":[{"value":{"metadata":[],"documentation":"","name":"com.vmware.hcx.networkprofile.model","structures":[{"value":{"metadata":[],"documentation":"","name":"com.vmware.hcx.networkprofile.model.network_profile_payload_ip_scopes","enumerations":[],"constants":[],"type":"STRUCTURE","fields":[{"metadata":[{"value":{"elements":[{"value":{"string_value":"networkIpRanges","type":"STRING"},"key":"value"}]},"key":"SerializationName"}],"documentation":"","name":"network_ip_ranges","type":{"category":"GENERIC","generic_instantiation":{"generic_type":"OPTIONAL","element_type":{"category":"GENERIC","generic_instantiation":{"generic_type":"LIST","element_type":{"user_defined_type":{"resource_type":"com.vmware.vapi.structure","resource_id":"com.vmware.hcx.networkprofile.model.network_profile_network_ip_ranges"},"category":"USER_DEFINED"}}}}}},{"metadata":[{"value":{"elements":[{"value":{"string_value":"gateway","type":"STRING"},"key":"value"}]},"key":"SerializationName"}],"documentation":"","name":"gateway","type":{"category":"GENERIC","generic_instantiation":{"generic_type":"OPTIONAL","element_type":{"builtin_type":"STRING","category":"BUILTIN"}}}},{"metadata":[{"value":{"elements":[{"value":{"string_value":"prefixLength","type":"STRING"},"key":"value"}]},"key":"SerializationName"}],"documentation":"","name":"prefix_length","type":{"category":"GENERIC","generic_instantiation":{"generic_type":"OPTIONAL","element_type":{"builtin_type":"LONG","category":"BUILTIN"}}}},{"metadata":[{"value":{"elements":[{"value":{"string_value":"dnsSuffix","type":"STRING"},"key":"value"}]},"key":"SerializationName"}],"documentation":"","name":"dns_suffix","type":{"category":"GENERIC","generic_instantiation":{"generic_type":"OPTIONAL","element_type":{"builtin_type":"STRING","category":"BUILTIN"}}}},{"metadata":[{"value":{"elements":[{"value":{"string_value":"primaryDns","type":"STRING"},"key":"value"}]},"key":"SerializationName"}],"documentation":"","name":"primary_dns","type":{"category":"GENERIC","generic_instantiation":{"generic_type":"OPTIONAL","element_type":{"builtin_type":"STRING","category":"BUILTIN"}}}},{"metadata":[{"value":{"elements":[{"value":{"string_value":"secondaryDns","type":"STRING"},"key":"value"}]},"key":"SerializationName"}],"documentation":"","name":"secondary_dns","type":{"category":"GENERIC","generic_instantiation":{"generic_type":"OPTIONAL","element_type":{"builtin_type":"STRING","category":"BUILTIN"}}}}]},"key":"com.vmware.hcx.networkprofile.model.network_profile_payload_ip_scopes"},{"value":{"metadata":[],"documentation":"","name":"com.vmware.hcx.networkprofile.model.network_profile_ip_scopes","enumerations":[],"constants":[],"type":"STRUCTURE","fields":[{"metadata":[{"value":{"elements":[{"value":{"string_value":"gateway","type":"STRING"},"key":"value"}]},"key":"SerializationName"}],"documentation":"","name":"gateway","type":{"category":"GENERIC","generic_instantiation":{"generic_type":"OPTIONAL","element_type":{"builtin_type":"STRING","category":"BUILTIN"}}}},{"metadata":[{"value":{"elements":[{"value":{"string_value":"prefixLength","type":"STRING"},"key":"value"}]},"key":"SerializationName"}],"documentation":"","name":"prefix_length","type":{"category":"GENERIC","generic_instantiation":{"generic_type":"OPTIONAL","element_type":{"builtin_type":"LONG","category":"BUILTIN"}}}},{"metadata":[{"value":{"elements":[{"value":{"string_value":"primaryDns","type":"STRING"},"key":"value"}]},"key":"SerializationName"}],"documentation":"","name":"primary_dns","type":{"category":"GENERIC","generic_instantiation":{"generic_type":"OPTIONAL","element_type":{"builtin_type":"STRING","category":"BUILTIN"}}}},{"metadata":[{"value":{"elements":[{"value":{"string_value":"secondaryDns","type":"STRING"},"key":"value"}]},"key":"SerializationName"}],"documentation":"","name":"secondary_dns","type":{"category":"GENERIC","generic_instantiation":{"generic_type":"OPTIONAL","element_type":{"builtin_type":"STRING","category":"BUILTIN"}}}},{"metadata":[{"value":{"elements":[{"value":{"string_value":"dnsSuffix","type":"STRING"},"key":"value"}]},"key":"SerializationName"}],"documentation":"","name":"dns_suffix","type":{"category":"GENERIC","generic_instantiation":{"generic_type":"OPTIONAL","element_type":{"builtin_type":"STRING","category":"BUILTIN"}}}},{"metadata":[{"value":{"elements":[{"value":{"string_value":"networkIpRanges","type":"STRING"},"key":"value"}]},"key":"SerializationName"}],"documentation":"","name":"network_ip_ranges","type":{"category":"GENERIC","generic_instantiation":{"generic_type":"OPTIONAL","element_type":{"category":"GENERIC","generic_instantiation":{"generic_type":"LIST","element_type":{"user_defined_type":{"resource_type":"com.vmware.vapi.structure","resource_id":"com.vmware.hcx.networkprofile.model.network_profile_network_ip_ranges"},"category":"USER_DEFINED"}}}}}}]},"key":"com.vmware.hcx.networkprofile.model.network_profile_ip_scopes"},{"value":{"metadata":[],"documentation":"","name":"com.vmware.hcx.networkprofile.model.network_profile_payload_backings","enumerations":[],"constants":[],"type":"STRUCTURE","fields":[{"metadata":[{"value":{"elements":[{"value":{"string_value":"vCenterInstanceUuid","type":"STRING"},"key":"value"}]},"key":"SerializationName"}],"documentation":"","name":"v_center_instance_uuid","type":{"category":"GENERIC","generic_instantiation":{"generic_type":"OPTIONAL","element_type":{"builtin_type":"STRING","category":"BUILTIN"}}}},{"metadata":[{"value":{"elements":[{"value":{"string_value":"vCenterName","type":"STRING"},"key":"value"}]},"key":"SerializationName"}],"documentation":"","name":"v_center_name","type":{"category":"GENERIC","generic_instantiation":{"generic_type":"OPTIONAL","element_type":{"builtin_type":"STRING","category":"BUILTIN"}}}},{"metadata":[{"value":{"elements":[{"value":{"string_value":"type","type":"STRING"},"key":"value"}]},"key":"SerializationName"}],"documentation":"","name":"type","type":{"category":"GENERIC","generic_instantiation":{"generic_type":"OPTIONAL","element_type":{"builtin_type":"STRING","category":"BUILTIN"}}}},{"metadata":[{"value":{"elements":[{"value":{"string_value":"backingName","type":"STRING"},"key":"value"}]},"key":"SerializationName"}],"documentation":"","name":"backing_name","type":{"category":"GENERIC","generic_instantiation":{"generic_type":"OPTIONAL","element_type":{"builtin_type":"STRING","category":"BUILTIN"}}}},{"metadata":[{"value":{"elements":[{"value":{"string_value":"backingId","type":"STRING"},"key":"value"}]},"key":"SerializationName"}],"documentation":"","name":"backing_id","type":{"category":"GENERIC","generic_instantiation":{"generic_type":"OPTIONAL","element_type":{"builtin_type":"STRING","category":"BUILTIN"}}}}]},"key":"com.vmware.hcx.networkprofile.model.network_profile_payload_backings"},{"value":{"metadata":[],"documentation":"","name":"com.vmware.hcx.networkprofile.model.network_backings_config_distributed_virtual_switch","enumerations":[],"constants":[],"type":"STRUCTURE","fields":[{"metadata":[{"value":{"elements":[{"value":{"string_value":"type","type":"STRING"},"key":"value"}]},"key":"SerializationName"}],"documentation":"","name":"type","type":{"category":"GENERIC","generic_instantiation":{"generic_type":"OPTIONAL","element_type":{"builtin_type":"STRING","category":"BUILTIN"}}}},{"metadata":[{"value":{"elements":[{"value":{"string_value":"serverGuid","type":"STRING"},"key":"value"}]},"key":"SerializationName"}],"documentation":"","name":"server_guid","type":{"category":"GENERIC","generic_instantiation":{"generic_type":"OPTIONAL","element_type":{"builtin_type":"STRING","category":"BUILTIN"}}}},{"metadata":[{"value":{"elements":[{"value":{"string_value":"value","type":"STRING"},"key":"value"}]},"key":"SerializationName"}],"documentation":"","name":"value","type":{"category":"GENERIC","generic_instantiation":{"generic_type":"OPTIONAL","element_type":{"builtin_type":"STRING","category":"BUILTIN"}}}},{"metadata":[{"value":{"elements":[{"value":{"string_value":"name","type":"STRING"},"key":"value"}]},"key":"SerializationName"}],"documentation":"","name":"name","type":{"category":"GENERIC","generic_instantiation":{"generic_type":"OPTIONAL","element_type":{"builtin_type":"STRING","category":"BUILTIN"}}}}]},"key":"com.vmware.hcx.networkprofile.model.network_backings_config_distributed_virtual_switch"},{"value":{"metadata":[],"documentation":"","name":"com.vmware.hcx.networkprofile.model.network_backings_host","enumerations":[],"constants":[],"type":"STRUCTURE","fields":[{"metadata":[{"value":{"elements":[{"value":{"string_value":"type","type":"STRING"},"key":"value"}]},"key":"SerializationName"}],"documentation":"","name":"type","type":{"category":"GENERIC","generic_instantiation":{"generic_type":"OPTIONAL","element_type":{"builtin_type":"STRING","category":"BUILTIN"}}}},{"metadata":[{"value":{"elements":[{"value":{"string_value":"serverGuid","type":"STRING"},"key":"value"}]},"key":"SerializationName"}],"documentation":"","name":"server_guid","type":{"category":"GENERIC","generic_instantiation":{"generic_type":"OPTIONAL","element_type":{"builtin_type":"STRING","category":"BUILTIN"}}}},{"metadata":[{"value":{"elements":[{"value":{"string_value":"value","type":"STRING"},"key":"value"}]},"key":"SerializationName"}],"documentation":"","name":"value","type":{"category":"GENERIC","generic_instantiation":{"generic_type":"OPTIONAL","element_type":{"builtin_type":"STRING","category":"BUILTIN"}}}},{"metadata":[{"value":{"elements":[{"value":{"string_value":"name","type":"STRING"},"key":"value"}]},"key":"SerializationName"}],"documentation":"","name":"name","type":{"category":"GENERIC","generic_instantiation":{"generic_type":"OPTIONAL","element_type":{"builtin_type":"STRING","category":"BUILTIN"}}}},{"metadata":[{"value":{"elements":[{"value":{"string_value":"vlanId","type":"STRING"},"key":"value"}]},"key":"SerializationName"}],"documentation":"","name":"vlan_id","type":{"category":"GENERIC","generic_instantiation":{"generic_type":"OPTIONAL","element_type":{"builtin_type":"LONG","category":"BUILTIN"}}}}]},"key":"com.vmware.hcx.networkprofile.model.network_backings_host"},{"value":{"metadata":[],"documentation":"","name":"com.vmware.hcx.networkprofile.model.network_backings_standard_portgroups","enumerations":[],"constants":[],"type":"STRUCTURE","fields":[{"metadata":[{"value":{"elements":[{"value":{"string_value":"vcenter_instanceId","type":"STRING"},"key":"value"}]},"key":"SerializationName"}],"documentation":"","name":"vcenter_instance_id","type":{"category":"GENERIC","generic_instantiation":{"generic_type":"OPTIONAL","element_type":{"builtin_type":"STRING","category":"BUILTIN"}}}},{"metadata":[{"value":{"elements":[{"value":{"string_value":"entity_id","type":"STRING"},"key":"value"}]},"key":"SerializationName"}],"documentation":"","name":"entity_id","type":{"category":"GENERIC","generic_instantiation":{"generic_type":"OPTIONAL","element_type":{"builtin_type":"STRING","category":"BUILTIN"}}}},{"metadata":[{"value":{"elements":[{"value":{"string_value":"name","type":"STRING"},"key":"value"}]},"key":"SerializationName"}],"documentation":"","name":"name","type":{"category":"GENERIC","generic_instantiation":{"generic_type":"OPTIONAL","element_type":{"builtin_type":"STRING","category":"BUILTIN"}}}},{"metadata":[{"value":{"elements":[{"value":{"string_value":"host","type":"STRING"},"key":"value"}]},"key":"SerializationName"}],"documentation":"","name":"host","type":{"category":"GENERIC","generic_instantiation":{"generic_type":"OPTIONAL","element_type":{"category":"GENERIC","generic_instantiation":{"generic_type":"LIST","element_type":{"user_defined_type":{"resource_type":"com.vmware.vapi.structure","resource_id":"com.vmware.hcx.networkprofile.model.network_backings_host"},"category":"USER_DEFINED"}}}}}},{"metadata":[{"value":{"elements":[{"value":{"string_value":"id","type":"STRING"},"key":"value"}]},"key":"SerializationName"}],"documentation":"","name":"id","type":{"category":"GENERIC","generic_instantiation":{"generic_type":"OPTIONAL","element_type":{"builtin_type":"STRING","category":"BUILTIN"}}}}]},"key":"com.vmware.hcx.networkprofile.model.network_backings_standard_portgroups"},{"value":{"metadata":[],"documentation":"","name":"com.vmware.hcx.networkprofile.model.network_profile_job_result","enumerations":[],"constants":[],"type":"STRUCTURE","fields":[{"metadata":[{"value":{"elements":[{"value":{"string_value":"error","type":"STRING"},"key":"value"}]},"key":"SerializationName"}],"documentation":"","name":"error","type":{"category":"GENERIC","generic_instantiation":{"generic_type":"OPTIONAL","element_type":{"builtin_type":"BOOLEAN","category":"BUILTIN"}}}},{"metadata":[{"value":{"elements":[{"value":{"string_value":"errorMessage","type":"STRING"},"key":"value"}]},"key":"SerializationName"}],"documentation":"","name":"error_message","type":{"category":"GENERIC","generic_instantiation":{"generic_type":"OPTIONAL","element_type":{"builtin_type":"STRING","category":"BUILTIN"}}}},{"metadata":[{"value":{"elements":[{"value":{"string_value":"errorCode","type":"STRING"},"key":"value"}]},"key":"SerializationName"}],"documentation":"","name":"error_code","type":{"category":"GENERIC","generic_instantiation":{"generic_type":"OPTIONAL","element_type":{"builtin_type":"LONG","category":"BUILTIN"}}}},{"metadata":[{"value":{"elements":[{"value":{"string_value":"data","type":"STRING"},"key":"value"}]},"key":"SerializationName"}],"documentation":"","name":"data","type":{"category":"GENERIC","generic_instantiation":{"generic_type":"OPTIONAL","element_type":{"user_defined_type":{"resource_type":"com.vmware.vapi.structure","resource_id":"com.vmware.hcx.networkprofile.model.network_profile_job_result_data"},"category":"USER_DEFINED"}}}}]},"key":"com.vmware.hcx.networkprofile.model.network_profile_job_result"},{"value":{"metadata":[],"documentation":"","name":"com.vmware.hcx.networkprofile.model.network_backings","enumerations":[],"constants":[],"type":"STRUCTURE","fields":[{"metadata":[{"value":{"elements":[{"value":{"string_value":"dvpgs","type":"STRING"},"key":"value"}]},"key":"SerializationName"}],"documentation":"","name":"dvpgs","type":{"category":"GENERIC","generic_instantiation":{"generic_type":"OPTIONAL","element_type":{"category":"GENERIC","generic_instantiation":{"generic_type":"LIST","element_type":{"user_defined_type":{"resource_type":"com.vmware.vapi.structure","resource_id":"com.vmware.hcx.networkprofile.model.network_backings_dvpgs"},"category":"USER_DEFINED"}}}}}},{"metadata":[{"value":{"elements":[{"value":{"string_value":"virtualwires","type":"STRING"},"key":"value"}]},"key":"SerializationName"}],"documentation":"","name":"virtualwires","type":{"category":"GENERIC","generic_instantiation":{"generic_type":"OPTIONAL","element_type":{"category":"GENERIC","generic_instantiation":{"generic_type":"LIST","element_type":{"user_defined_type":{"resource_type":"com.vmware.vapi.structure","resource_id":"com.vmware.hcx.networkprofile.model.network_backings_virtualwires"},"category":"USER_DEFINED"}}}}}},{"metadata":[{"value":{"elements":[{"value":{"string_value":"standardPortgroups","type":"STRING"},"key":"value"}]},"key":"SerializationName"}],"documentation":"","name":"standard_portgroups","type":{"category":"GENERIC","generic_instantiation":{"generic_type":"OPTIONAL","element_type":{"category":"GENERIC","generic_instantiation":{"generic_type":"LIST","element_type":{"user_defined_type":{"resource_type":"com.vmware.vapi.structure","resource_id":"com.vmware.hcx.networkprofile.model.network_backings_standard_portgroups"},"category":"USER_DEFINED"}}}}}},{"metadata":[{"value":{"elements":[{"value":{"string_value":"nsxtSegments","type":"STRING"},"key":"value"}]},"key":"SerializationName"}],"documentation":"","name":"nsxt_segments","type":{"category":"GENERIC","generic_instantiation":{"generic_type":"OPTIONAL","element_type":{"category":"GENERIC","generic_instantiation":{"generic_type":"LIST","element_type":{"user_defined_type":{"resource_type":"com.vmware.vapi.structure","resource_id":"com.vmware.hcx.networkprofile.model.network_backings_nsxt_segments"},"category":"USER_DEFINED"}}}}}}]},"key":"com.vmware.hcx.networkprofile.model.network_backings"},{"value":{"metadata":[],"documentation":"","name":"com.vmware.hcx.networkprofile.model.network_profile_job_result_data","enumerations":[],"constants":[],"type":"STRUCTURE","fields":[{"metadata":[{"value":{"elements":[{"value":{"string_value":"jobId","type":"STRING"},"key":"value"}]},"key":"SerializationName"}],"documentation":"","name":"job_id","type":{"category":"GENERIC","generic_instantiation":{"generic_type":"OPTIONAL","element_type":{"builtin_type":"STRING","category":"BUILTIN"}}}},{"metadata":[{"value":{"elements":[{"value":{"string_value":"objectId","type":"STRING"},"key":"value"}]},"key":"SerializationName"}],"documentation":"","name":"object_id","type":{"category":"GENERIC","generic_instantiation":{"generic_type":"OPTIONAL","element_type":{"builtin_type":"STRING","category":"BUILTIN"}}}}]},"key":"com.vmware.hcx.networkprofile.model.network_profile_job_result_data"},{"value":{"metadata":[],"documentation":"","name":"com.vmware.hcx.networkprofile.model.NP_filter_filter","enumerations":[],"constants":[],"type":"STRUCTURE","fields":[{"metadata":[{"value":{"elements":[{"value":{"string_value":"allowTrunkInterfaces","type":"STRING"},"key":"value"}]},"key":"SerializationName"}],"documentation":"","name":"allow_trunk_interfaces","type":{"category":"GENERIC","generic_instantiation":{"generic_type":"OPTIONAL","element_type":{"builtin_type":"BOOLEAN","category":"BUILTIN"}}}},{"metadata":[{"value":{"elements":[{"value":{"string_value":"ownedBySystem","type":"STRING"},"key":"value"}]},"key":"SerializationName"}],"documentation":"","name":"owned_by_system","type":{"category":"GENERIC","generic_instantiation":{"generic_type":"OPTIONAL","element_type":{"builtin_type":"BOOLEAN","category":"BUILTIN"}}}}]},"key":"com.vmware.hcx.networkprofile.model.NP_filter_filter"},{"value":{"metadata":[],"documentation":"","name":"com.vmware.hcx.networkprofile.model.network_backings_dvpgs","enumerations":[],"constants":[],"type":"STRUCTURE","fields":[{"metadata":[{"value":{"elements":[{"value":{"string_value":"vcenter_instanceId","type":"STRING"},"key":"value"}]},"key":"SerializationName"}],"documentation":"","name":"vcenter_instance_id","type":{"category":"GENERIC","generic_instantiation":{"generic_type":"OPTIONAL","element_type":{"builtin_type":"STRING","category":"BUILTIN"}}}},{"metadata":[{"value":{"elements":[{"value":{"string_value":"entity_id","type":"STRING"},"key":"value"}]},"key":"SerializationName"}],"documentation":"","name":"entity_id","type":{"category":"GENERIC","generic_instantiation":{"generic_type":"OPTIONAL","element_type":{"builtin_type":"STRING","category":"BUILTIN"}}}},{"metadata":[{"value":{"elements":[{"value":{"string_value":"name","type":"STRING"},"key":"value"}]},"key":"SerializationName"}],"documentation":"","name":"name","type":{"category":"GENERIC","generic_instantiation":{"generic_type":"OPTIONAL","element_type":{"builtin_type":"STRING","category":"BUILTIN"}}}},{"metadata":[{"value":{"elements":[{"value":{"string_value":"config","type":"STRING"},"key":"value"}]},"key":"SerializationName"}],"documentation":"","name":"config","type":{"category":"GENERIC","generic_instantiation":{"generic_type":"OPTIONAL","element_type":{"user_defined_type":{"resource_type":"com.vmware.vapi.structure","resource_id":"com.vmware.hcx.networkprofile.model.network_backings_config"},"category":"USER_DEFINED"}}}}]},"key":"com.vmware.hcx.networkprofile.model.network_backings_dvpgs"},{"value":{"metadata":[],"documentation":"","name":"com.vmware.hcx.networkprofile.model.network_profile_backings","enumerations":[],"constants":[],"type":"STRUCTURE","fields":[{"metadata":[{"value":{"elements":[{"value":{"string_value":"vCenterInstanceUuid","type":"STRING"},"key":"value"}]},"key":"SerializationName"}],"documentation":"","name":"v_center_instance_uuid","type":{"category":"GENERIC","generic_instantiation":{"generic_type":"OPTIONAL","element_type":{"builtin_type":"STRING","category":"BUILTIN"}}}},{"metadata":[{"value":{"elements":[{"value":{"string_value":"backingId","type":"STRING"},"key":"value"}]},"key":"SerializationName"}],"documentation":"","name":"backing_id","type":{"category":"GENERIC","generic_instantiation":{"generic_type":"OPTIONAL","element_type":{"builtin_type":"STRING","category":"BUILTIN"}}}},{"metadata":[{"value":{"elements":[{"value":{"string_value":"type","type":"STRING"},"key":"value"}]},"key":"SerializationName"}],"documentation":"","name":"type","type":{"category":"GENERIC","generic_instantiation":{"generic_type":"OPTIONAL","element_type":{"builtin_type":"STRING","category":"BUILTIN"}}}},{"metadata":[{"value":{"elements":[{"value":{"string_value":"backingName","type":"STRING"},"key":"value"}]},"key":"SerializationName"}],"documentation":"","name":"backing_name","type":{"category":"GENERIC","generic_instantiation":{"generic_type":"OPTIONAL","element_type":{"builtin_type":"STRING","category":"BUILTIN"}}}}]},"key":"com.vmware.hcx.networkprofile.model.network_profile_backings"},{"value":{"metadata":[],"documentation":"","name":"com.vmware.hcx.networkprofile.model.network_backings_backing","enumerations":[],"constants":[],"type":"STRUCTURE","fields":[{"metadata":[{"value":{"elements":[{"value":{"string_value":"mtu","type":"STRING"},"key":"value"}]},"key":"SerializationName"}],"documentation":"","name":"mtu","type":{"category":"GENERIC","generic_instantiation":{"generic_type":"OPTIONAL","element_type":{"builtin_type":"LONG","category":"BUILTIN"}}}},{"metadata":[{"value":{"elements":[{"value":{"string_value":"promiscuousMode","type":"STRING"},"key":"value"}]},"key":"SerializationName"}],"documentation":"","name":"promiscuous_mode","type":{"category":"GENERIC","generic_instantiation":{"generic_type":"OPTIONAL","element_type":{"builtin_type":"BOOLEAN","category":"BUILTIN"}}}},{"metadata":[{"value":{"elements":[{"value":{"string_value":"backingType","type":"STRING"},"key":"value"}]},"key":"SerializationName"}],"documentation":"","name":"backing_type","type":{"category":"GENERIC","generic_instantiation":{"generic_type":"OPTIONAL","element_type":{"builtin_type":"STRING","category":"BUILTIN"}}}},{"metadata":[{"value":{"elements":[{"value":{"string_value":"backingValue","type":"STRING"},"key":"value"}]},"key":"SerializationName"}],"documentation":"","name":"backing_value","type":{"category":"GENERIC","generic_instantiation":{"generic_type":"OPTIONAL","element_type":{"builtin_type":"STRING","category":"BUILTIN"}}}},{"metadata":[{"value":{"elements":[{"value":{"string_value":"missingOnVc","type":"STRING"},"key":"value"}]},"key":"SerializationName"}],"documentation":"","name":"missing_on_vc","type":{"category":"GENERIC","generic_instantiation":{"generic_type":"OPTIONAL","element_type":{"builtin_type":"BOOLEAN","category":"BUILTIN"}}}}]},"key":"com.vmware.hcx.networkprofile.model.network_backings_backing"},{"value":{"metadata":[],"documentation":"","name":"com.vmware.hcx.networkprofile.model.network_backing_filter_filter","enumerations":[],"constants":[],"type":"STRUCTURE","fields":[{"metadata":[{"value":{"elements":[{"value":{"string_value":"vCenterInstanceUuid","type":"STRING"},"key":"value"}]},"key":"SerializationName"}],"documentation":"","name":"v_center_instance_uuid","type":{"category":"GENERIC","generic_instantiation":{"generic_type":"OPTIONAL","element_type":{"builtin_type":"STRING","category":"BUILTIN"}}}},{"metadata":[{"value":{"elements":[{"value":{"string_value":"excludeUsed","type":"STRING"},"key":"value"}]},"key":"SerializationName"}],"documentation":"","name":"exclude_used","type":{"category":"GENERIC","generic_instantiation":{"generic_type":"OPTIONAL","element_type":{"builtin_type":"BOOLEAN","category":"BUILTIN"}}}},{"metadata":[{"value":{"elements":[{"value":{"string_value":"backingTypes","type":"STRING"},"key":"value"}]},"key":"SerializationName"}],"documentation":"","name":"backing_types","type":{"category":"GENERIC","generic_instantiation":{"generic_type":"OPTIONAL","element_type":{"category":"GENERIC","generic_instantiation":{"generic_type":"LIST","element_type":{"builtin_type":"STRING","category":"BUILTIN"}}}}}}]},"key":"com.vmware.hcx.networkprofile.model.network_backing_filter_filter"},{"value":{"metadata":[],"documentation":"","name":"com.vmware.hcx.networkprofile.model.network_profile_payload_ip_scopes_config","enumerations":[],"constants":[],"type":"STRUCTURE","fields":[{"metadata":[{"value":{"elements":[{"value":{"string_value":"source","type":"STRING"},"key":"value"}]},"key":"SerializationName"}],"documentation":"","name":"source","type":{"builtin_type":"STRING","category":"BUILTIN"}},{"metadata":[{"value":{"elements":[{"value":{"string_value":"ipPools","type":"STRING"},"key":"value"}]},"key":"SerializationName"}],"documentation":"","name":"ip_pools","type":{"category":"GENERIC","generic_instantiation":{"generic_type":"OPTIONAL","element_type":{"category":"GENERIC","generic_instantiation":{"generic_type":"LIST","element_type":{"user_defined_type":{"resource_type":"com.vmware.vapi.structure","resource_id":"com.vmware.hcx.networkprofile.model.network_profile_payload_ip_pools"},"category":"USER_DEFINED"}}}}}}]},"key":"com.vmware.hcx.networkprofile.model.network_profile_payload_ip_scopes_config"},{"value":{"metadata":[],"documentation":"","name":"com.vmware.hcx.networkprofile.model.network_backings_config","enumerations":[],"constants":[],"type":"STRUCTURE","fields":[{"metadata":[{"value":{"elements":[{"value":{"string_value":"distributedVirtualSwitch","type":"STRING"},"key":"value"}]},"key":"SerializationName"}],"documentation":"","name":"distributed_virtual_switch","type":{"category":"GENERIC","generic_instantiation":{"generic_type":"OPTIONAL","element_type":{"user_defined_type":{"resource_type":"com.vmware.vapi.structure","resource_id":"com.vmware.hcx.networkprofile.model.network_backings_config_distributed_virtual_switch"},"category":"USER_DEFINED"}}}},{"metadata":[{"value":{"elements":[{"value":{"string_value":"defaultPortConfig","type":"STRING"},"key":"value"}]},"key":"SerializationName"}],"documentation":"","name":"default_port_config","type":{"category":"GENERIC","generic_instantiation":{"generic_type":"OPTIONAL","element_type":{"user_defined_type":{"resource_type":"com.vmware.vapi.structure","resource_id":"com.vmware.hcx.networkprofile.model.network_backings_config_default_port_config"},"category":"USER_DEFINED"}}}}]},"key":"com.vmware.hcx.networkprofile.model.network_backings_config"},{"value":{"metadata":[],"documentation":"","name":"com.vmware.hcx.networkprofile.model.network_backings_subnets","enumerations":[],"constants":[],"type":"STRUCTURE","fields":[{"metadata":[{"value":{"elements":[{"value":{"string_value":"gateway_address","type":"STRING"},"key":"value"}]},"key":"SerializationName"}],"documentation":"","name":"gateway_address","type":{"category":"GENERIC","generic_instantiation":{"generic_type":"OPTIONAL","element_type":{"builtin_type":"STRING","category":"BUILTIN"}}}},{"metadata":[{"value":{"elements":[{"value":{"string_value":"network","type":"STRING"},"key":"value"}]},"key":"SerializationName"}],"documentation":"","name":"network","type":{"category":"GENERIC","generic_instantiation":{"generic_type":"OPTIONAL","element_type":{"builtin_type":"STRING","category":"BUILTIN"}}}}]},"key":"com.vmware.hcx.networkprofile.model.network_backings_subnets"},{"value":{"metadata":[],"documentation":"","name":"com.vmware.hcx.networkprofile.model.extenal_network","enumerations":[],"constants":[],"type":"STRUCTURE","fields":[{"metadata":[{"value":{"elements":[{"value":{"string_value":"objectId","type":"STRING"},"key":"value"}]},"key":"SerializationName"}],"documentation":"","name":"object_id","type":{"category":"GENERIC","generic_instantiation":{"generic_type":"OPTIONAL","element_type":{"builtin_type":"STRING","category":"BUILTIN"}}}},{"metadata":[{"value":{"elements":[{"value":{"string_value":"name","type":"STRING"},"key":"value"}]},"key":"SerializationName"}],"documentation":"","name":"name","type":{"category":"GENERIC","generic_instantiation":{"generic_type":"OPTIONAL","element_type":{"builtin_type":"STRING","category":"BUILTIN"}}}},{"metadata":[{"value":{"elements":[{"value":{"string_value":"apiEndpoint","type":"STRING"},"key":"value"}]},"key":"SerializationName"}],"documentation":"","name":"api_endpoint","type":{"category":"GENERIC","generic_instantiation":{"generic_type":"OPTIONAL","element_type":{"builtin_type":"STRING","category":"BUILTIN"}}}},{"metadata":[{"value":{"elements":[{"value":{"string_value":"freeIpCount","type":"STRING"},"key":"value"}]},"key":"SerializationName"}],"documentation":"","name":"free_ip_count","type":{"category":"GENERIC","generic_instantiation":{"generic_type":"OPTIONAL","element_type":{"builtin_type":"LONG","category":"BUILTIN"}}}},{"metadata":[{"value":{"elements":[{"value":{"string_value":"availableVdcs","type":"STRING"},"key":"value"}]},"key":"SerializationName"}],"documentation":"","name":"available_vdcs","type":{"category":"GENERIC","generic_instantiation":{"generic_type":"OPTIONAL","element_type":{"category":"GENERIC","generic_instantiation":{"generic_type":"LIST","element_type":{"builtin_type":"STRING","category":"BUILTIN"}}}}}}]},"key":"com.vmware.hcx.networkprofile.model.extenal_network"},{"value":{"metadata":[],"documentation":"","name":"com.vmware.hcx.networkprofile.model.network_backing_filter","enumerations":[],"constants":[],"type":"STRUCTURE","fields":[{"metadata":[{"value":{"elements":[{"value":{"string_value":"filter","type":"STRING"},"key":"value"}]},"key":"SerializationName"}],"documentation":"","name":"filter","type":{"category":"GENERIC","generic_instantiation":{"generic_type":"OPTIONAL","element_type":{"user_defined_type":{"resource_type":"com.vmware.vapi.structure","resource_id":"com.vmware.hcx.networkprofile.model.network_backing_filter_filter"},"category":"USER_DEFINED"}}}}]},"key":"com.vmware.hcx.networkprofile.model.network_backing_filter"},{"value":{"metadata":[],"documentation":"","name":"com.vmware.hcx.networkprofile.model.network_profile_network_ip_ranges","enumerations":[],"constants":[],"type":"STRUCTURE","fields":[{"metadata":[{"value":{"elements":[{"value":{"string_value":"startAddress","type":"STRING"},"key":"value"}]},"key":"SerializationName"}],"documentation":"","name":"start_address","type":{"category":"GENERIC","generic_instantiation":{"generic_type":"OPTIONAL","element_type":{"builtin_type":"STRING","category":"BUILTIN"}}}},{"metadata":[{"value":{"elements":[{"value":{"string_value":"endAddress","type":"STRING"},"key":"value"}]},"key":"SerializationName"}],"documentation":"","name":"end_address","type":{"category":"GENERIC","generic_instantiation":{"generic_type":"OPTIONAL","element_type":{"builtin_type":"STRING","category":"BUILTIN"}}}}]},"key":"com.vmware.hcx.networkprofile.model.network_profile_network_ip_ranges"},{"value":{"metadata":[],"documentation":"","name":"com.vmware.hcx.networkprofile.model.VDC_network","enumerations":[],"constants":[],"type":"STRUCTURE","fields":[{"metadata":[{"value":{"elements":[{"value":{"string_value":"objectId","type":"STRING"},"key":"value"}]},"key":"SerializationName"}],"documentation":"","name":"object_id","type":{"category":"GENERIC","generic_instantiation":{"generic_type":"OPTIONAL","element_type":{"builtin_type":"STRING","category":"BUILTIN"}}}},{"metadata":[{"value":{"elements":[{"value":{"string_value":"name","type":"STRING"},"key":"value"}]},"key":"SerializationName"}],"documentation":"","name":"name","type":{"category":"GENERIC","generic_instantiation":{"generic_type":"OPTIONAL","element_type":{"builtin_type":"STRING","category":"BUILTIN"}}}},{"metadata":[{"value":{"elements":[{"value":{"string_value":"gatewayId","type":"STRING"},"key":"value"}]},"key":"SerializationName"}],"documentation":"","name":"gateway_id","type":{"category":"GENERIC","generic_instantiation":{"generic_type":"OPTIONAL","element_type":{"builtin_type":"STRING","category":"BUILTIN"}}}},{"metadata":[{"value":{"elements":[{"value":{"string_value":"gatewayName","type":"STRING"},"key":"value"}]},"key":"SerializationName"}],"documentation":"","name":"gateway_name","type":{"category":"GENERIC","generic_instantiation":{"generic_type":"OPTIONAL","element_type":{"builtin_type":"STRING","category":"BUILTIN"}}}},{"metadata":[{"value":{"elements":[{"value":{"string_value":"apiEndpoint","type":"STRING"},"key":"value"}]},"key":"SerializationName"}],"documentation":"","name":"api_endpoint","type":{"category":"GENERIC","generic_instantiation":{"generic_type":"OPTIONAL","element_type":{"builtin_type":"STRING","category":"BUILTIN"}}}},{"metadata":[{"value":{"elements":[{"value":{"string_value":"uiEndpoint","type":"STRING"},"key":"value"}]},"key":"SerializationName"}],"documentation":"","name":"ui_endpoint","type":{"category":"GENERIC","generic_instantiation":{"generic_type":"OPTIONAL","element_type":{"builtin_type":"STRING","category":"BUILTIN"}}}},{"metadata":[{"value":{"elements":[{"value":{"string_value":"fenceMode","type":"STRING"},"key":"value"}]},"key":"SerializationName"}],"documentation":"","name":"fence_mode","type":{"category":"GENERIC","generic_instantiation":{"generic_type":"OPTIONAL","element_type":{"builtin_type":"STRING","category":"BUILTIN"}}}},{"metadata":[{"value":{"elements":[{"value":{"string_value":"vdcId","type":"STRING"},"key":"value"}]},"key":"SerializationName"}],"documentation":"","name":"vdc_id","type":{"category":"GENERIC","generic_instantiation":{"generic_type":"OPTIONAL","element_type":{"builtin_type":"STRING","category":"BUILTIN"}}}},{"metadata":[{"value":{"elements":[{"value":{"string_value":"vdcName","type":"STRING"},"key":"value"}]},"key":"SerializationName"}],"documentation":"","name":"vdc_name","type":{"category":"GENERIC","generic_instantiation":{"generic_type":"OPTIONAL","element_type":{"builtin_type":"STRING","category":"BUILTIN"}}}},{"metadata":[{"value":{"elements":[{"value":{"string_value":"orgId","type":"STRING"},"key":"value"}]},"key":"SerializationName"}],"documentation":"","name":"org_id","type":{"category":"GENERIC","generic_instantiation":{"generic_type":"OPTIONAL","element_type":{"builtin_type":"STRING","category":"BUILTIN"}}}},{"metadata":[{"value":{"elements":[{"value":{"string_value":"orgName","type":"STRING"},"key":"value"}]},"key":"SerializationName"}],"documentation":"","name":"org_name","type":{"category":"GENERIC","generic_instantiation":{"generic_type":"OPTIONAL","element_type":{"builtin_type":"STRING","category":"BUILTIN"}}}}]},"key":"com.vmware.hcx.networkprofile.model.VDC_network"},{"value":{"metadata":[],"documentation":"","name":"com.vmware.hcx.networkprofile.model.network_profile","enumerations":[],"constants":[],"type":"STRUCTURE","fields":[{"metadata":[{"value":{"elements":[{"value":{"string_value":"name","type":"STRING"},"key":"value"}]},"key":"SerializationName"}],"documentation":"","name":"name","type":{"category":"GENERIC","generic_instantiation":{"generic_type":"OPTIONAL","element_type":{"builtin_type":"STRING","category":"BUILTIN"}}}},{"metadata":[{"value":{"elements":[{"value":{"string_value":"objectId","type":"STRING"},"key":"value"}]},"key":"SerializationName"}],"documentation":"","name":"object_id","type":{"category":"GENERIC","generic_instantiation":{"generic_type":"OPTIONAL","element_type":{"builtin_type":"STRING","category":"BUILTIN"}}}},{"metadata":[{"value":{"elements":[{"value":{"string_value":"description","type":"STRING"},"key":"value"}]},"key":"SerializationName"}],"documentation":"","name":"description","type":{"category":"GENERIC","generic_instantiation":{"generic_type":"OPTIONAL","element_type":{"builtin_type":"STRING","category":"BUILTIN"}}}},{"metadata":[{"value":{"elements":[{"value":{"string_value":"state","type":"STRING"},"key":"value"}]},"key":"SerializationName"}],"documentation":"","name":"state","type":{"category":"GENERIC","generic_instantiation":{"generic_type":"OPTIONAL","element_type":{"builtin_type":"STRING","category":"BUILTIN"}}}},{"metadata":[{"value":{"elements":[{"value":{"string_value":"l3TenantManaged","type":"STRING"},"key":"value"}]},"key":"SerializationName"}],"documentation":"","name":"l3_tenant_managed","type":{"category":"GENERIC","generic_instantiation":{"generic_type":"OPTIONAL","element_type":{"builtin_type":"BOOLEAN","category":"BUILTIN"}}}},{"metadata":[{"value":{"elements":[{"value":{"string_value":"allowTrunkInterfaces","type":"STRING"},"key":"value"}]},"key":"SerializationName"}],"documentation":"","name":"allow_trunk_interfaces","type":{"category":"GENERIC","generic_instantiation":{"generic_type":"OPTIONAL","element_type":{"builtin_type":"BOOLEAN","category":"BUILTIN"}}}},{"metadata":[{"value":{"elements":[{"value":{"string_value":"mtu","type":"STRING"},"key":"value"}]},"key":"SerializationName"}],"documentation":"","name":"mtu","type":{"category":"GENERIC","generic_instantiation":{"generic_type":"OPTIONAL","element_type":{"builtin_type":"LONG","category":"BUILTIN"}}}},{"metadata":[{"value":{"elements":[{"value":{"string_value":"ipScopes","type":"STRING"},"key":"value"}]},"key":"SerializationName"}],"documentation":"","name":"ip_scopes","type":{"category":"GENERIC","generic_instantiation":{"generic_type":"OPTIONAL","element_type":{"category":"GENERIC","generic_instantiation":{"generic_type":"LIST","element_type":{"user_defined_type":{"resource_type":"com.vmware.vapi.structure","resource_id":"com.vmware.hcx.networkprofile.model.network_profile_ip_scopes"},"category":"USER_DEFINED"}}}}}},{"metadata":[{"value":{"elements":[{"value":{"string_value":"backings","type":"STRING"},"key":"value"}]},"key":"SerializationName"}],"documentation":"","name":"backings","type":{"category":"GENERIC","generic_instantiation":{"generic_type":"OPTIONAL","element_type":{"category":"GENERIC","generic_instantiation":{"generic_type":"LIST","element_type":{"user_defined_type":{"resource_type":"com.vmware.vapi.structure","resource_id":"com.vmware.hcx.networkprofile.model.network_profile_backings"},"category":"USER_DEFINED"}}}}}}]},"key":"com.vmware.hcx.networkprofile.model.network_profile"},{"value":{"metadata":[],"documentation":"","name":"com.vmware.hcx.networkprofile.model.network_backings_nsxt_segments","enumerations":[],"constants":[],"type":"STRUCTURE","fields":[{"metadata":[{"value":{"elements":[{"value":{"string_value":"id","type":"STRING"},"key":"value"}]},"key":"SerializationName"}],"documentation":"","name":"id","type":{"category":"GENERIC","generic_instantiation":{"generic_type":"OPTIONAL","element_type":{"builtin_type":"STRING","category":"BUILTIN"}}}},{"metadata":[{"value":{"elements":[{"value":{"string_value":"entityType","type":"STRING"},"key":"value"}]},"key":"SerializationName"}],"documentation":"","name":"entity_type","type":{"category":"GENERIC","generic_instantiation":{"generic_type":"OPTIONAL","element_type":{"builtin_type":"STRING","category":"BUILTIN"}}}},{"metadata":[{"value":{"elements":[{"value":{"string_value":"segmentType","type":"STRING"},"key":"value"}]},"key":"SerializationName"}],"documentation":"","name":"segment_type","type":{"category":"GENERIC","generic_instantiation":{"generic_type":"OPTIONAL","element_type":{"builtin_type":"STRING","category":"BUILTIN"}}}},{"metadata":[{"value":{"elements":[{"value":{"string_value":"transport_zone_path","type":"STRING"},"key":"value"}]},"key":"SerializationName"}],"documentation":"","name":"transport_zone_path","type":{"category":"GENERIC","generic_instantiation":{"generic_type":"OPTIONAL","element_type":{"builtin_type":"STRING","category":"BUILTIN"}}}},{"metadata":[{"value":{"elements":[{"value":{"string_value":"name","type":"STRING"},"key":"value"}]},"key":"SerializationName"}],"documentation":"","name":"name","type":{"category":"GENERIC","generic_instantiation":{"generic_type":"OPTIONAL","element_type":{"builtin_type":"STRING","category":"BUILTIN"}}}},{"metadata":[{"value":{"elements":[{"value":{"string_value":"subnets","type":"STRING"},"key":"value"}]},"key":"SerializationName"}],"documentation":"","name":"subnets","type":{"category":"GENERIC","generic_instantiation":{"generic_type":"OPTIONAL","element_type":{"category":"GENERIC","generic_instantiation":{"generic_type":"LIST","element_type":{"user_defined_type":{"resource_type":"com.vmware.vapi.structure","resource_id":"com.vmware.hcx.networkprofile.model.network_backings_subnets"},"category":"USER_DEFINED"}}}}}},{"metadata":[{"value":{"elements":[{"value":{"string_value":"vlan_ids","type":"STRING"},"key":"value"}]},"key":"SerializationName"}],"documentation":"","name":"vlan_ids","type":{"category":"GENERIC","generic_instantiation":{"generic_type":"OPTIONAL","element_type":{"category":"GENERIC","generic_instantiation":{"generic_type":"LIST","element_type":{"builtin_type":"STRING","category":"BUILTIN"}}}}}}]},"key":"com.vmware.hcx.networkprofile.model.network_backings_nsxt_segments"},{"value":{"metadata":[],"documentation":"","name":"com.vmware.hcx.networkprofile.model.network_profile_payload_ip_pools","enumerations":[],"constants":[],"type":"STRUCTURE","fields":[{"metadata":[{"value":{"elements":[{"value":{"string_value":"ipPoolId","type":"STRING"},"key":"value"}]},"key":"SerializationName"}],"documentation":"","name":"ip_pool_id","type":{"category":"GENERIC","generic_instantiation":{"generic_type":"OPTIONAL","element_type":{"builtin_type":"STRING","category":"BUILTIN"}}}},{"metadata":[{"value":{"elements":[{"value":{"string_value":"ipPoolName","type":"STRING"},"key":"value"}]},"key":"SerializationName"}],"documentation":"","name":"ip_pool_name","type":{"category":"GENERIC","generic_instantiation":{"generic_type":"OPTIONAL","element_type":{"builtin_type":"STRING","category":"BUILTIN"}}}},{"metadata":[{"value":{"elements":[{"value":{"string_value":"vCenterInstanceUuid","type":"STRING"},"key":"value"}]},"key":"SerializationName"}],"documentation":"","name":"v_center_instance_uuid","type":{"category":"GENERIC","generic_instantiation":{"generic_type":"OPTIONAL","element_type":{"builtin_type":"STRING","category":"BUILTIN"}}}}]},"key":"com.vmware.hcx.networkprofile.model.network_profile_payload_ip_pools"},{"value":{"metadata":[],"documentation":"","name":"com.vmware.hcx.networkprofile.model.network_profile_payload","enumerations":[],"constants":[],"type":"STRUCTURE","fields":[{"metadata":[{"value":{"elements":[{"value":{"string_value":"objectId","type":"STRING"},"key":"value"}]},"key":"SerializationName"}],"documentation":"","name":"object_id","type":{"category":"GENERIC","generic_instantiation":{"generic_type":"OPTIONAL","element_type":{"builtin_type":"STRING","category":"BUILTIN"}}}},{"metadata":[{"value":{"elements":[{"value":{"string_value":"name","type":"STRING"},"key":"value"}]},"key":"SerializationName"}],"documentation":"","name":"name","type":{"category":"GENERIC","generic_instantiation":{"generic_type":"OPTIONAL","element_type":{"builtin_type":"STRING","category":"BUILTIN"}}}},{"metadata":[{"value":{"elements":[{"value":{"string_value":"description","type":"STRING"},"key":"value"}]},"key":"SerializationName"}],"documentation":"","name":"description","type":{"category":"GENERIC","generic_instantiation":{"generic_type":"OPTIONAL","element_type":{"builtin_type":"STRING","category":"BUILTIN"}}}},{"metadata":[{"value":{"elements":[{"value":{"string_value":"ownedBySystem","type":"STRING"},"key":"value"}]},"key":"SerializationName"}],"documentation":"","name":"owned_by_system","type":{"category":"GENERIC","generic_instantiation":{"generic_type":"OPTIONAL","element_type":{"builtin_type":"BOOLEAN","category":"BUILTIN"}}}},{"metadata":[{"value":{"elements":[{"value":{"string_value":"l3TenantManaged","type":"STRING"},"key":"value"}]},"key":"SerializationName"}],"documentation":"","name":"l3_tenant_managed","type":{"category":"GENERIC","generic_instantiation":{"generic_type":"OPTIONAL","element_type":{"builtin_type":"BOOLEAN","category":"BUILTIN"}}}},{"metadata":[{"value":{"elements":[{"value":{"string_value":"allowTrunkInterfaces","type":"STRING"},"key":"value"}]},"key":"SerializationName"}],"documentation":"","name":"allow_trunk_interfaces","type":{"category":"GENERIC","generic_instantiation":{"generic_type":"OPTIONAL","element_type":{"builtin_type":"BOOLEAN","category":"BUILTIN"}}}},{"metadata":[{"value":{"elements":[{"value":{"string_value":"backings","type":"STRING"},"key":"value"}]},"key":"SerializationName"}],"documentation":"","name":"backings","type":{"category":"GENERIC","generic_instantiation":{"generic_type":"OPTIONAL","element_type":{"category":"GENERIC","generic_instantiation":{"generic_type":"LIST","element_type":{"user_defined_type":{"resource_type":"com.vmware.vapi.structure","resource_id":"com.vmware.hcx.networkprofile.model.network_profile_payload_backings"},"category":"USER_DEFINED"}}}}}},{"metadata":[{"value":{"elements":[{"value":{"string_value":"ipScopes","type":"STRING"},"key":"value"}]},"key":"SerializationName"}],"documentation":"","name":"ip_scopes","type":{"category":"GENERIC","generic_instantiation":{"generic_type":"OPTIONAL","element_type":{"category":"GENERIC","generic_instantiation":{"generic_type":"LIST","element_type":{"user_defined_type":{"resource_type":"com.vmware.vapi.structure","resource_id":"com.vmware.hcx.networkprofile.model.network_profile_payload_ip_scopes"},"category":"USER_DEFINED"}}}}}},{"metadata":[{"value":{"elements":[{"value":{"string_value":"enterprise","type":"STRING"},"key":"value"}]},"key":"SerializationName"}],"documentation":"","name":"enterprise","type":{"category":"GENERIC","generic_instantiation":{"generic_type":"OPTIONAL","element_type":{"builtin_type":"STRING","category":"BUILTIN"}}}},{"metadata":[{"value":{"elements":[{"value":{"string_value":"mtu","type":"STRING"},"key":"value"}]},"key":"SerializationName"}],"documentation":"","name":"mtu","type":{"category":"GENERIC","generic_instantiation":{"generic_type":"OPTIONAL","element_type":{"builtin_type":"LONG","category":"BUILTIN"}}}},{"metadata":[{"value":{"elements":[{"value":{"string_value":"ipScopesConfig","type":"STRING"},"key":"value"}]},"key":"SerializationName"}],"documentation":"","name":"ip_scopes_config","type":{"category":"GENERIC","generic_instantiation":{"generic_type":"OPTIONAL","element_type":{"category":"GENERIC","generic_instantiation":{"generic_type":"LIST","element_type":{"user_defined_type":{"resource_type":"com.vmware.vapi.structure","resource_id":"com.vmware.hcx.networkprofile.model.network_profile_payload_ip_scopes_config"},"category":"USER_DEFINED"}}}}}}]},"key":"com.vmware.hcx.networkprofile.model.network_profile_payload"},{"value":{"metadata":[],"documentation":"","name":"com.vmware.hcx.networkprofile.model.network_backings_virtualwires","enumerations":[],"constants":[],"type":"STRUCTURE","fields":[{"metadata":[{"value":{"elements":[{"value":{"string_value":"vcenter_instanceId","type":"STRING"},"key":"value"}]},"key":"SerializationName"}],"documentation":"","name":"vcenter_instance_id","type":{"category":"GENERIC","generic_instantiation":{"generic_type":"OPTIONAL","element_type":{"builtin_type":"STRING","category":"BUILTIN"}}}},{"metadata":[{"value":{"elements":[{"value":{"string_value":"objectId","type":"STRING"},"key":"value"}]},"key":"SerializationName"}],"documentation":"","name":"object_id","type":{"category":"GENERIC","generic_instantiation":{"generic_type":"OPTIONAL","element_type":{"builtin_type":"STRING","category":"BUILTIN"}}}},{"metadata":[{"value":{"elements":[{"value":{"string_value":"name","type":"STRING"},"key":"value"}]},"key":"SerializationName"}],"documentation":"","name":"name","type":{"category":"GENERIC","generic_instantiation":{"generic_type":"OPTIONAL","element_type":{"builtin_type":"STRING","category":"BUILTIN"}}}},{"metadata":[{"value":{"elements":[{"value":{"string_value":"backing","type":"STRING"},"key":"value"}]},"key":"SerializationName"}],"documentation":"","name":"backing","type":{"category":"GENERIC","generic_instantiation":{"generic_type":"OPTIONAL","element_type":{"category":"GENERIC","generic_instantiation":{"generic_type":"LIST","element_type":{"user_defined_type":{"resource_type":"com.vmware.vapi.structure","resource_id":"com.vmware.hcx.networkprofile.model.network_backings_backing"},"category":"USER_DEFINED"}}}}}},{"metadata":[{"value":{"elements":[{"value":{"string_value":"vdnId","type":"STRING"},"key":"value"}]},"key":"SerializationName"}],"documentation":"","name":"vdn_id","type":{"category":"GENERIC","generic_instantiation":{"generic_type":"OPTIONAL","element_type":{"builtin_type":"LONG","category":"BUILTIN"}}}},{"metadata":[{"value":{"elements":[{"value":{"string_value":"multicastAddr","type":"STRING"},"key":"value"}]},"key":"SerializationName"}],"documentation":"","name":"multicast_addr","type":{"category":"GENERIC","generic_instantiation":{"generic_type":"OPTIONAL","element_type":{"builtin_type":"STRING","category":"BUILTIN"}}}},{"metadata":[{"value":{"elements":[{"value":{"string_value":"controlPlaneMode","type":"STRING"},"key":"value"}]},"key":"SerializationName"}],"documentation":"","name":"control_plane_mode","type":{"category":"GENERIC","generic_instantiation":{"generic_type":"OPTIONAL","element_type":{"builtin_type":"STRING","category":"BUILTIN"}}}}]},"key":"com.vmware.hcx.networkprofile.model.network_backings_virtualwires"},{"value":{"metadata":[],"documentation":"","name":"com.vmware.hcx.networkprofile.model.network_backings_config_default_port_config","enumerations":[],"constants":[],"type":"STRUCTURE","fields":[{"metadata":[{"value":{"elements":[{"value":{"string_value":"vlan","type":"STRING"},"key":"value"}]},"key":"SerializationName"}],"documentation":"","name":"vlan","type":{"category":"GENERIC","generic_instantiation":{"generic_type":"OPTIONAL","element_type":{"user_defined_type":{"resource_type":"com.vmware.vapi.structure","resource_id":"com.vmware.hcx.networkprofile.model.network_backings_config_default_port_config_vlan"},"category":"USER_DEFINED"}}}}]},"key":"com.vmware.hcx.networkprofile.model.network_backings_config_default_port_config"},{"value":{"metadata":[],"documentation":"","name":"com.vmware.hcx.networkprofile.model.NP_filter","enumerations":[],"constants":[],"type":"STRUCTURE","fields":[{"metadata":[{"value":{"elements":[{"value":{"string_value":"filter","type":"STRING"},"key":"value"}]},"key":"SerializationName"}],"documentation":"","name":"filter","type":{"category":"GENERIC","generic_instantiation":{"generic_type":"OPTIONAL","element_type":{"user_defined_type":{"resource_type":"com.vmware.vapi.structure","resource_id":"com.vmware.hcx.networkprofile.model.NP_filter_filter"},"category":"USER_DEFINED"}}}}]},"key":"com.vmware.hcx.networkprofile.model.NP_filter"},{"value":{"metadata":[],"documentation":"","name":"com.vmware.hcx.networkprofile.model.network_backings_config_default_port_config_vlan","enumerations":[],"constants":[],"type":"STRUCTURE","fields":[{"metadata":[{"value":{"elements":[{"value":{"string_value":"inherited","type":"STRING"},"key":"value"}]},"key":"SerializationName"}],"documentation":"","name":"inherited","type":{"category":"GENERIC","generic_instantiation":{"generic_type":"OPTIONAL","element_type":{"builtin_type":"BOOLEAN","category":"BUILTIN"}}}},{"metadata":[{"value":{"elements":[{"value":{"string_value":"vlanId","type":"STRING"},"key":"value"}]},"key":"SerializationName"}],"documentation":"","name":"vlan_id","type":{"category":"GENERIC","generic_instantiation":{"generic_type":"OPTIONAL","element_type":{"builtin_type":"LONG","category":"BUILTIN"}}}}]},"key":"com.vmware.hcx.networkprofile.model.network_backings_config_default_port_config_vlan"}],"enumerations":[],"services":[]},"key":"com.vmware.hcx.networkprofile.model"},{"value":{"metadata":[{"value":{"elements":[{"value":{"string_value":"true","type":"STRING"},"key":"autoGenerated"},{"value":{"string_value":"com.vmware.hcx.networkprofile","type":"STRING"},"key":"value"}]},"key":"Component"}],"documentation":"","name":"com.vmware.hcx.networkprofile","structures":[],"enumerations":[],"services":[{"value":{"metadata":[],"operations":[{"value":{"output":{"metadata":[],"documentation":"com.vmware.hcx.networkprofile.model.NetworkProfileJobResult","type":{"user_defined_type":{"resource_type":"com.vmware.vapi.structure","resource_id":"com.vmware.hcx.networkprofile.model.network_profile_job_result"},"category":"USER_DEFINED"}},"metadata":[{"value":{"elements":[{"value":{"string_value":"DELETE","type":"STRING"},"key":"method"},{"value":{"string_value":"hybridity/api/networks/{networkProfileId}","type":"STRING"},"key":"value"},{"value":{"string_value":"application/json","type":"STRING"},"key":"contentType"},{"value":{"string_value":"application/json","type":"STRING"},"key":"accept"}]},"key":"RequestMapping"}],"documentation":"Delete Network Profile","name":"delete_network_profile","params":[{"metadata":[{"value":{"elements":[{"value":{"string_value":"networkProfileId","type":"STRING"},"key":"value"}]},"key":"PathVariable"}],"documentation":"(required)","name":"network_profile_id","type":{"builtin_type":"STRING","category":"BUILTIN"}}],"errors":[{"documentation":"Generic Error","structure_id":"com.vmware.vapi.std.errors.error"}]},"key":"delete_network_profile"},{"value":{"output":{"metadata":[],"documentation":"com.vmware.hcx.networkprofile.model.NetworkProfileJobResult","type":{"user_defined_type":{"resource_type":"com.vmware.vapi.structure","resource_id":"com.vmware.hcx.networkprofile.model.network_profile_job_result"},"category":"USER_DEFINED"}},"metadata":[{"value":{"elements":[{"value":{"string_value":"POST","type":"STRING"},"key":"method"},{"value":{"string_value":"/admin/hybridity/api/networks?action=importOrgVdcNetwork","type":"STRING"},"key":"value"},{"value":{"string_value":"application/json","type":"STRING"},"key":"contentType"},{"value":{"string_value":"application/json","type":"STRING"},"key":"accept"}]},"key":"RequestMapping"}],"documentation":"Create Org VDC Network Profile","name":"create_org_vdc_network_profile","params":[{"metadata":[{"value":{"elements":[{"value":{"string_value":"true","type":"STRING"},"key":"value"}]},"key":"RequestBody"}],"documentation":"payload (required)","name":"network_profile_payload","type":{"user_defined_type":{"resource_type":"com.vmware.vapi.structure","resource_id":"com.vmware.hcx.networkprofile.model.network_profile_payload"},"category":"USER_DEFINED"}}],"errors":[{"documentation":"Generic Error","structure_id":"com.vmware.vapi.std.errors.error"}]},"key":"create_org_vdc_network_profile"},{"value":{"output":{"metadata":[],"documentation":"","type":{"category":"GENERIC","generic_instantiation":{"generic_type":"LIST","element_type":{"user_defined_type":{"resource_type":"com.vmware.vapi.structure","resource_id":"com.vmware.hcx.networkprofile.model.network_profile"},"category":"USER_DEFINED"}}}},"metadata":[{"value":{"elements":[{"value":{"string_value":"POST","type":"STRING"},"key":"method"},{"value":{"string_value":"/hybridity/api/networks?action=query","type":"STRING"},"key":"value"},{"value":{"string_value":"application/json","type":"STRING"},"key":"contentType"},{"value":{"string_value":"application/json","type":"STRING"},"key":"accept"}]},"key":"RequestMapping"}],"documentation":"Get Network Profiles","name":"get_network_profile","params":[{"metadata":[{"value":{"elements":[{"value":{"string_value":"true","type":"STRING"},"key":"value"}]},"key":"RequestBody"}],"documentation":"networkProfileFilter (optional)","name":"network_profile_filter","type":{"category":"GENERIC","generic_instantiation":{"generic_type":"OPTIONAL","element_type":{"user_defined_type":{"resource_type":"com.vmware.vapi.structure","resource_id":"com.vmware.hcx.networkprofile.model.NP_filter"},"category":"USER_DEFINED"}}}},{"metadata":[{"value":{"elements":[{"value":{"string_value":"endpointId","type":"STRING"},"key":"value"}]},"key":"RequestParam"}],"documentation":"(optional)","name":"endpoint_id","type":{"category":"GENERIC","generic_instantiation":{"generic_type":"OPTIONAL","element_type":{"builtin_type":"STRING","category":"BUILTIN"}}}}],"errors":[{"documentation":"Generic Error","structure_id":"com.vmware.vapi.std.errors.error"}]},"key":"get_network_profile"},{"value":{"output":{"metadata":[],"documentation":"com.vmware.hcx.networkprofile.model.NetworkProfileJobResult","type":{"user_defined_type":{"resource_type":"com.vmware.vapi.structure","resource_id":"com.vmware.hcx.networkprofile.model.network_profile_job_result"},"category":"USER_DEFINED"}},"metadata":[{"value":{"elements":[{"value":{"string_value":"PUT","type":"STRING"},"key":"method"},{"value":{"string_value":"hybridity/api/networks/{networkProfileId}","type":"STRING"},"key":"value"},{"value":{"string_value":"application/json","type":"STRING"},"key":"contentType"},{"value":{"string_value":"application/json","type":"STRING"},"key":"accept"}]},"key":"RequestMapping"}],"documentation":"Modify Network Profile","name":"modify_network_profile","params":[{"metadata":[{"value":{"elements":[{"value":{"string_value":"networkProfileId","type":"STRING"},"key":"value"}]},"key":"PathVariable"}],"documentation":"(required)","name":"network_profile_id","type":{"builtin_type":"STRING","category":"BUILTIN"}},{"metadata":[{"value":{"elements":[{"value":{"string_value":"true","type":"STRING"},"key":"value"}]},"key":"RequestBody"}],"documentation":"payload (required)","name":"network_profile_payload","type":{"user_defined_type":{"resource_type":"com.vmware.vapi.structure","resource_id":"com.vmware.hcx.networkprofile.model.network_profile_payload"},"category":"USER_DEFINED"}}],"errors":[{"documentation":"Generic Error","structure_id":"com.vmware.vapi.std.errors.error"}]},"key":"modify_network_profile"},{"value":{"output":{"metadata":[],"documentation":"com.vmware.hcx.networkprofile.model.NetworkProfileJobResult","type":{"user_defined_type":{"resource_type":"com.vmware.vapi.structure","resource_id":"com.vmware.hcx.networkprofile.model.network_profile_job_result"},"category":"USER_DEFINED"}},"metadata":[{"value":{"elements":[{"value":{"string_value":"POST","type":"STRING"},"key":"method"},{"value":{"string_value":"/admin/hybridity/api/networks","type":"STRING"},"key":"value"},{"value":{"string_value":"application/json","type":"STRING"},"key":"contentType"},{"value":{"string_value":"application/json","type":"STRING"},"key":"accept"}]},"key":"RequestMapping"}],"documentation":"Create Network Profile","name":"create_network_profile","params":[{"metadata":[{"value":{"elements":[{"value":{"string_value":"true","type":"STRING"},"key":"value"}]},"key":"RequestBody"}],"documentation":"payload (required)","name":"network_profile_payload","type":{"user_defined_type":{"resource_type":"com.vmware.vapi.structure","resource_id":"com.vmware.hcx.networkprofile.model.network_profile_payload"},"category":"USER_DEFINED"}}],"errors":[{"documentation":"Generic Error","structure_id":"com.vmware.vapi.std.errors.error"}]},"key":"create_network_profile"},{"value":{"output":{"metadata":[],"documentation":"com.vmware.hcx.networkprofile.model.NetworkBackings","type":{"user_defined_type":{"resource_type":"com.vmware.vapi.structure","resource_id":"com.vmware.hcx.networkprofile.model.network_backings"},"category":"USER_DEFINED"}},"metadata":[{"value":{"elements":[{"value":{"string_value":"POST","type":"STRING"},"key":"method"},{"value":{"string_value":"/admin/hybridity/api/networkBackings?action=query","type":"STRING"},"key":"value"},{"value":{"string_value":"application/json","type":"STRING"},"key":"contentType"},{"value":{"string_value":"application/json","type":"STRING"},"key":"accept"}]},"key":"RequestMapping"}],"documentation":"Get Network Backings","name":"get_network_backings","params":[{"metadata":[{"value":{"elements":[{"value":{"string_value":"true","type":"STRING"},"key":"value"}]},"key":"RequestBody"}],"documentation":"payload (optional)","name":"network_backing_filter","type":{"category":"GENERIC","generic_instantiation":{"generic_type":"OPTIONAL","element_type":{"user_defined_type":{"resource_type":"com.vmware.vapi.structure","resource_id":"com.vmware.hcx.networkprofile.model.network_backing_filter"},"category":"USER_DEFINED"}}}}],"errors":[{"documentation":"Generic Error","structure_id":"com.vmware.vapi.std.errors.error"}]},"key":"get_network_backings"},{"value":{"output":{"metadata":[],"documentation":"","type":{"category":"GENERIC","generic_instantiation":{"generic_type":"LIST","element_type":{"user_defined_type":{"resource_type":"com.vmware.vapi.structure","resource_id":"com.vmware.hcx.networkprofile.model.VDC_network"},"category":"USER_DEFINED"}}}},"metadata":[{"value":{"elements":[{"value":{"string_value":"GET","type":"STRING"},"key":"method"},{"value":{"string_value":"/hybridity/api/vdcNetworks","type":"STRING"},"key":"value"},{"value":{"string_value":"application/json","type":"STRING"},"key":"accept"}]},"key":"RequestMapping"}],"documentation":"Get VDC Networks","name":"get_VDC_networks","params":[{"metadata":[{"value":{"elements":[{"value":{"string_value":"orgId","type":"STRING"},"key":"value"}]},"key":"RequestParam"}],"documentation":"(optional)","name":"org_id","type":{"category":"GENERIC","generic_instantiation":{"generic_type":"OPTIONAL","element_type":{"builtin_type":"STRING","category":"BUILTIN"}}}}],"errors":[{"documentation":"Unauthorized","structure_id":"com.vmware.vapi.std.errors.unauthenticated"},{"documentation":"Forbidden","structure_id":"com.vmware.vapi.std.errors.unauthorized"},{"documentation":"Invalid","structure_id":"com.vmware.vapi.std.errors.internal_server_error"}]},"key":"get_VDC_networks"},{"value":{"output":{"metadata":[],"documentation":"","type":{"category":"GENERIC","generic_instantiation":{"generic_type":"LIST","element_type":{"user_defined_type":{"resource_type":"com.vmware.vapi.structure","resource_id":"com.vmware.hcx.networkprofile.model.extenal_network"},"category":"USER_DEFINED"}}}},"metadata":[{"value":{"elements":[{"value":{"string_value":"GET","type":"STRING"},"key":"method"},{"value":{"string_value":"/hybridity/api/externalNetworks","type":"STRING"},"key":"value"},{"value":{"string_value":"application/json","type":"STRING"},"key":"accept"}]},"key":"RequestMapping"}],"documentation":"Get External Networks","name":"get_external_networks","params":[{"metadata":[{"value":{"elements":[{"value":{"string_value":"orgId","type":"STRING"},"key":"value"}]},"key":"RequestParam"}],"documentation":"(optional)","name":"org_id","type":{"category":"GENERIC","generic_instantiation":{"generic_type":"OPTIONAL","element_type":{"builtin_type":"STRING","category":"BUILTIN"}}}}],"errors":[{"documentation":"Unauthorized","structure_id":"com.vmware.vapi.std.errors.unauthenticated"},{"documentation":"Forbidden","structure_id":"com.vmware.vapi.std.errors.unauthorized"},{"documentation":"Invalid","structure_id":"com.vmware.vapi.std.errors.internal_server_error"}]},"key":"get_external_networks"}],"documentation":"","name":"com.vmware.hcx.networkprofile.np","structures":[],"enumerations":[],"constants":[]},"key":"com.vmware.hcx.networkprofile.np"}]},"key":"com.vmware.hcx.networkprofile"}]},"privilege":{"packages":[]},"authentication":{"packages":[]}},"key":"com.vmware.hcx.networkprofile"}],"version":"1.0"}
