{"metadata":[{"value":{"cli":{"commands":[{"output_field_list":[],"identity":{"path":"com.vmware.hcx.sessions.sessions","name":"sessions"},"service_id":"com.vmware.hcx.sessions.sessions","options":[{"short_option":"","long_option":"accept","description":"application/json (required)","type":"string","generic":"NONE","field_name":"accept"},{"short_option":"","long_option":"content-type","description":"application/json (required)","type":"string","generic":"NONE","field_name":"content_type"},{"short_option":"","long_option":"username","description":"","type":"string","generic":"NONE","field_name":"body.username"},{"short_option":"","long_option":"password","description":"","type":"string","generic":"NONE","field_name":"body.password"}],"description":"Create API session","operation_id":"sessions"}],"namespaces":[{"children":[{"path":"com.vmware","name":"hcx"}],"identity":{"path":"com","name":"vmware"},"description":"vmware namespace"},{"children":[{"path":"com","name":"vmware"}],"identity":{"path":"","name":"com"},"description":"com namespace"},{"children":[{"path":"com.vmware.hcx","name":"sessions"}],"identity":{"path":"com.vmware","name":"hcx"},"description":"hcx namespace"},{"children":[{"path":"com.vmware.hcx.sessions","name":"sessions"}],"identity":{"path":"com.vmware.hcx","name":"sessions"},"description":"sessions namespace"},{"children":[{"path":"","name":"com"}],"identity":{"path":"","name":""},"description":"Root namespace"},{"children":[],"identity":{"path":"com.vmware.hcx.sessions","name":"sessions"},"description":"sessions namespace"}]},"routing":{"packages":[]},"metamodel":{"metadata":[],"documentation":"","name":"com.vmware.hcx.sessions","packages":[{"value":{"metadata":[],"documentation":"","name":"com.vmware.hcx.sessions.model","structures":[{"value":{"metadata":[],"documentation":"","name":"com.vmware.hcx.sessions.model.body","enumerations":[],"constants":[],"type":"STRUCTURE","fields":[{"metadata":[{"value":{"elements":[{"value":{"string_value":"username","type":"STRING"},"key":"value"}]},"key":"SerializationName"}],"documentation":"","name":"username","type":{"builtin_type":"STRING","category":"BUILTIN"}},{"metadata":[{"value":{"elements":[{"value":{"string_value":"password","type":"STRING"},"key":"value"}]},"key":"SerializationName"}],"documentation":"","name":"password","type":{"builtin_type":"STRING","category":"BUILTIN"}}]},"key":"com.vmware.hcx.sessions.model.body"}],"enumerations":[],"services":[]},"key":"com.vmware.hcx.sessions.model"},{"value":{"metadata":[{"value":{"elements":[{"value":{"string_value":"true","type":"STRING"},"key":"autoGenerated"},{"value":{"string_value":"com.vmware.hcx.sessions","type":"STRING"},"key":"value"}]},"key":"Component"}],"documentation":"","name":"com.vmware.hcx.sessions","structures":[],"enumerations":[],"services":[{"value":{"metadata":[],"operations":[{"value":{"output":{"metadata":[],"documentation":"","type":{"builtin_type":"VOID","category":"BUILTIN"}},"metadata":[{"value":{"elements":[{"value":{"string_value":"POST","type":"STRING"},"key":"method"},{"value":{"string_value":"/hybridity/api/sessions","type":"STRING"},"key":"value"},{"value":{"string_value":"application/json","type":"STRING"},"key":"contentType"},{"value":{"string_value":"application/json","type":"STRING"},"key":"accept"}]},"key":"RequestMapping"}],"documentation":"Create API session","name":"sessions","params":[{"metadata":[{"value":{"elements":[{"value":{"string_value":"Accept","type":"STRING"},"key":"value"}]},"key":"RequestHeader"}],"documentation":"application/json (required)","name":"accept","type":{"builtin_type":"STRING","category":"BUILTIN"}},{"metadata":[{"value":{"elements":[{"value":{"string_value":"Content-Type","type":"STRING"},"key":"value"}]},"key":"RequestHeader"}],"documentation":"application/json (required)","name":"content_type","type":{"builtin_type":"STRING","category":"BUILTIN"}},{"metadata":[{"value":{"elements":[{"value":{"string_value":"true","type":"STRING"},"key":"value"}]},"key":"RequestBody"}],"documentation":"(required)","name":"body","type":{"user_defined_type":{"resource_type":"com.vmware.vapi.structure","resource_id":"com.vmware.hcx.sessions.model.body"},"category":"USER_DEFINED"}}],"errors":[{"documentation":"Generic Error","structure_id":"com.vmware.vapi.std.errors.error"}]},"key":"sessions"}],"documentation":"","name":"com.vmware.hcx.sessions.sessions","structures":[],"enumerations":[],"constants":[]},"key":"com.vmware.hcx.sessions.sessions"}]},"key":"com.vmware.hcx.sessions"}]},"privilege":{"packages":[]},"authentication":{"packages":[]}},"key":"com.vmware.hcx.sessions"}],"version":"1.0"}
