<ComponentDescriptor>
  <Name>VMware.VimAutomation.Cis.Core.Commands</Name>
  <Assembly>VMware.VimAutomation.Cis.Core.Commands</Assembly>
  <ImplementingType>VMware.VimAutomation.Cis.Core.Commands.CisCommandsComponentImpl</ImplementingType>
  <IsSnapin>true</IsSnapin>
  <ProvidedServiceList>
  </ProvidedServiceList>
  <RequiredServiceList>
    <ServiceDescriptor>
      <Name>CisCoreService</Name>
      <Version>1.0</Version>
    </ServiceDescriptor>
  </RequiredServiceList>
  <ExtendedServiceList>
  </ExtendedServiceList>
  <Version>
    <Major>13</Major>
    <Minor>4</Minor>
    <Revision>0</Revision>
    <Build>24798382</Build>
    <Company>Broadcom, Inc.</Company>
    <Copyright>Copyright (c) Broadcom. All Rights Reserved.</Copyright>
    <UserFriendlyVersion>VMware Cis Core PowerCLI Component PowerCLI Component 13.4 build 24798382</UserFriendlyVersion>
    <Description>Provides core cmdlets for managing VMware Cloud Infrastructure Suite.</Description>
  </Version>
</ComponentDescriptor>