<ComponentDescriptor>
   <Name>VMware.VimAutomation.Hcx</Name>
   <Assembly>VMware.VimAutomation.Hcx.Impl</Assembly>
   <ImplementingType>VMware.VimAutomation.Hcx.Impl.V1.HcxComponentImpl</ImplementingType>

   <IsSnapin>false</IsSnapin>

   <ProvidedServiceList>
      <ServiceDescriptor>
         <Name>HcxCoreService</Name>
         <Version>1.0</Version>
      </ServiceDescriptor>
   </ProvidedServiceList>

   <RequiredServiceList></RequiredServiceList>

   <ExtendedServiceList></ExtendedServiceList>
</ComponentDescriptor>
