<ComponentDescriptor>
	<Name>VMware.VimAutomation.Vds</Name>
	<Assembly>VMware.VimAutomation.Vds.Impl</Assembly>
	<ImplementingType>VMware.VimAutomation.Vds.Impl.V1.VDComponentImpl</ImplementingType>

	<IsSnapin>false</IsSnapin>

	<ProvidedServiceList>
    <ServiceDescriptor>
      <Name>VDCoreService</Name>
      <Version>1.0</Version>
    </ServiceDescriptor>
  </ProvidedServiceList>

	<RequiredServiceList>
      <ServiceDescriptor>
         <Name>ViCoreService</Name>
         <Version>1.0</Version>
      </ServiceDescriptor>
   </RequiredServiceList>

	<ExtendedServiceList></ExtendedServiceList>
</ComponentDescriptor>