<ComponentDescriptor>
  <Name>VMware.VimAutomation.Cloud.Commands</Name>
  <Assembly>VMware.VimAutomation.Cloud.Commands</Assembly>
  <ImplementingType>VMware.VimAutomation.Cloud.Commands.CICmdletsComponentImpl</ImplementingType>
  <IsSnapin>true</IsSnapin>
  <ProvidedServiceList>
  </ProvidedServiceList>
  <RequiredServiceList>
    <ServiceDescriptor>
      <Name>CICoreService</Name>
      <Version>1.0</Version>
    </ServiceDescriptor>
  </RequiredServiceList>
  <ExtendedServiceList>
  </ExtendedServiceList>
  <Version>
    <Major>13</Major>
    <Minor>3</Minor>
    <Revision>0</Revision>
    <Build>24145081</Build>
    <Company>Broadcom, Inc.</Company>
    <Copyright>Copyright (c) Broadcom. All Rights Reserved.</Copyright>
    <UserFriendlyVersion>VMware VimAutomation Cloud PowerCLI Component PowerCLI Component 13.3 build 24145081</UserFriendlyVersion>
    <Description>Provides cmdlets for managing VMware vCloud.</Description>
  </Version>
</ComponentDescriptor>